  Event Name,       Type,     Event ID,    Version,    Channel,      Level,     Opcode,       Task,            Keyword,        PID,        TID,     Processor Number,  Instance ID,   Parent Instance ID,                              Activity ID,                      Related Activity ID,           Clock-Time, Kernel(ms),   User(ms), User Data
      Object, CloseHandle,            0,          2,          0,          0,         33,          0, 0x0000000000000000, 0x00007380, 0x00003ABC,                    0,             ,                     ,   {00000000-0000-0000-0000-000000000000},                                         ,   134313424586445271,          0,          0, 0xFFFF8D0E9309ADC0, 0x1C0,      4, "\GLOBAL??\HID#VID_0B05&PID_19B6&MI_00&Col02#7&3a8dc514&0&0001#{884b96c3-56ef-11d1-bc8c-00a0c91405dd}"
      Object, CloseHandle,            0,          2,          0,          0,         33,          0, 0x0000000000000000, 0x00007380, 0x00003ABC,                    0,             ,                     ,   {00000000-0000-0000-0000-000000000000},                                         ,   134313424586445451,          0,          0, 0xFFFF8D0E8D928A00, 0x1C0,      4, "\GLOBAL??\USB#VID_0B05&PID_19B6#5&230b0289&0&4#{a5dcbf10-6530-11d2-901f-00c04fb951ed}"
      Object, CloseHandle,            0,          2,          0,          0,         33,          0, 0x0000000000000000, 0x00007380, 0x00003ABC,                    0,             ,                     ,   {00000000-0000-0000-0000-000000000000},                                         ,   134313424586447625,          0,          0, 0xFFFF8D0E93061A90, 0x1C0,      4, "\GLOBAL??\HID#VID_0B05&PID_19B6&MI_00&Col08#7&3a8dc514&0&0007#{4afa3d53-74a7-11d0-be5e-00a0c9062857}"
      Object, CloseHandle,            0,          2,          0,          0,         33,          0, 0x0000000000000000, 0x00007380, 0x00003ABC,                    0,             ,                     ,   {00000000-0000-0000-0000-000000000000},                                         ,   134313424586453120,          0,          0, 0xFFFF8D0E9309D6D0, 0x1C0,      4, "\GLOBAL??\HID#VID_0B05&PID_19B6&MI_00&Col05#7&3a8dc514&0&0004#{4d1e55b2-f16f-11cf-88cb-001111000030}"
      Object, CloseHandle,            0,          2,          0,          0,         33,          0, 0x0000000000000000, 0x00007380, 0x00003ABC,                    0,             ,                     ,   {00000000-0000-0000-0000-000000000000},                                         ,   134313424586453279,          0,          0, 0xFFFF8D0E93095330, 0x1C0,      4, "\GLOBAL??\HID#VID_0B05&PID_19B6&MI_00&Col01#7&3a8dc514&0&0000#{4d1e55b2-f16f-11cf-88cb-001111000030}"
      Object, CloseHandle,            0,          2,          0,          0,         33,          0, 0x0000000000000000, 0x00007380, 0x00003ABC,                    0,             ,                     ,   {00000000-0000-0000-0000-000000000000},                                         ,   134313424586459680,          0,          0, 0xFFFF8D0E930601D0, 0x1C0,      4, "\GLOBAL??\HID#VID_0B05&PID_19B6&MI_00&Col06#7&3a8dc514&0&0005#{4d1e55b2-f16f-11cf-88cb-001111000030}"
      Object, CloseHandle,            0,          2,          0,          0,         33,          0, 0x0000000000000000, 0x00007380, 0x00003ABC,                    0,             ,                     ,   {00000000-0000-0000-0000-000000000000},                                         ,   134313424586459828,          0,          0, 0xFFFF8D0E9309A310, 0x1C0,      4, "\GLOBAL??\HID#VID_0B05&PID_19B6&MI_00&Col03#7&3a8dc514&0&0002#{4d1e55b2-f16f-11cf-88cb-001111000030}"
      Object, CloseHandle,            0,          2,          0,          0,         33,          0, 0x0000000000000000, 0x00007380, 0x00003ABC,                    0,             ,                     ,   {00000000-0000-0000-0000-000000000000},                                         ,   134313424586463158,          0,          0, 0xFFFF8D0E93098540, 0x1C0,      4, "\GLOBAL??\HID#VID_0B05&PID_19B6&MI_00&Col02#7&3a8dc514&0&0001#{4d1e55b2-f16f-11cf-88cb-001111000030}"
      Object, CloseHandle,            0,          2,          0,          0,         33,          0, 0x0000000000000000, 0x00007380, 0x00003ABC,                    0,             ,                     ,   {00000000-0000-0000-0000-000000000000},                                         ,   134313424586485739,          0,          0, 0xFFFF8D0E9309DA30, 0x1C0,      4, "\GLOBAL??\HID#VID_0B05&PID_19B6&MI_00&Col09#7&3a8dc514&0&0008#{4d1e55b2-f16f-11cf-88cb-001111000030}"
      Object, CloseHandle,            0,          2,          0,          0,         33,          0, 0x0000000000000000, 0x00007380, 0x00003ABC,                    0,             ,                     ,   {00000000-0000-0000-0000-000000000000},                                         ,   134313424586489893,          0,          0, 0xFFFF8D0E9309B990, 0x1C0,      4, "\GLOBAL??\HID#VID_0B05&PID_19B6&MI_00&Col07#7&3a8dc514&0&0006#{4d1e55b2-f16f-11cf-88cb-001111000030}"
      Object, CloseHandle,            0,          2,          0,          0,         33,          0, 0x0000000000000000, 0x00007380, 0x00003ABC,                    1,             ,                     ,   {00000000-0000-0000-0000-000000000000},                                         ,   134313424586500980,          0,          0, 0xFFFF8D0E93063080, 0x1C0,      4, "\GLOBAL??\HID#VID_0B05&PID_19B6&MI_00&Col08#7&3a8dc514&0&0007#{4d1e55b2-f16f-11cf-88cb-001111000030}"
      Object, CloseHandle,            0,          2,          0,          0,         33,          0, 0x0000000000000000, 0x00007380, 0x00003ABC,                   23,             ,                     ,   {00000000-0000-0000-0000-000000000000},                                         ,   134313424586504703,          0,          0, 0xFFFF8D0E93099CE0, 0x1C4,      4, "\GLOBAL??\HID#VID_0B05&PID_19B6&MI_00&Col07#7&3a8dc514&0&0006#{378de44c-56ef-11d1-bc8c-00a0c91405dd}"
      Object, CloseHandle,            0,          2,          0,          0,         33,          0, 0x0000000000000000, 0x00007380, 0x00003ABC,                   23,             ,                     ,   {00000000-0000-0000-0000-000000000000},                                         ,   134313424586511219,          0,          0, 0xFFFF8D0E93065090, 0x1C4,      4, "\GLOBAL??\HID#VID_0B05&PID_19B6&MI_01#7&2a65691c&0&0000#{4d1e55b2-f16f-11cf-88cb-001111000030}"
      Object, CloseHandle,            0,          2,          0,          0,         33,          0, 0x0000000000000000, 0x00007380, 0x00003ABC,                   23,             ,                     ,   {00000000-0000-0000-0000-000000000000},                                         ,   134313424586513059,          0,          0, 0xFFFF8D0E9309D5B0, 0x1C4,      4, "\GLOBAL??\HID#VID_0B05&PID_19B6&MI_00&Col04#7&3a8dc514&0&0003#{4d1e55b2-f16f-11cf-88cb-001111000030}"
      Object, CloseHandle,            0,          2,          0,          0,         33,          0, 0x0000000000000000, 0x00007380, 0x00003ABC,                   23,             ,                     ,   {00000000-0000-0000-0000-000000000000},                                         ,   134313424586521175,          0,          0, 0xFFFF8D0E9309ADC0, 0x1C4,      4, "\GLOBAL??\HID#VID_0B05&PID_19B6&MI_00&Col02#7&3a8dc514&0&0001#{884b96c3-56ef-11d1-bc8c-00a0c91405dd}"
      Object, CloseHandle,            0,          2,          0,          0,         33,          0, 0x0000000000000000, 0x00007380, 0x00003ABC,                   23,             ,                     ,   {00000000-0000-0000-0000-000000000000},                                         ,   134313424586521328,          0,          0, 0xFFFF8D0E8D928A00, 0x1C4,      4, "\GLOBAL??\USB#VID_0B05&PID_19B6#5&230b0289&0&4#{a5dcbf10-6530-11d2-901f-00c04fb951ed}"
      Object, CloseHandle,            0,          2,          0,          0,         33,          0, 0x0000000000000000, 0x00007380, 0x00003ABC,                   23,             ,                     ,   {00000000-0000-0000-0000-000000000000},                                         ,   134313424586523136,          0,          0, 0xFFFF8D0E93061A90, 0x1C4,      4, "\GLOBAL??\HID#VID_0B05&PID_19B6&MI_00&Col08#7&3a8dc514&0&0007#{4afa3d53-74a7-11d0-be5e-00a0c9062857}"
      Object, CloseHandle,            0,          2,          0,          0,         33,          0, 0x0000000000000000, 0x00007380, 0x00003ABC,                   23,             ,                     ,   {00000000-0000-0000-0000-000000000000},                                         ,   134313424586528386,          0,          0, 0xFFFF8D0E9309D6D0, 0x1C4,      4, "\GLOBAL??\HID#VID_0B05&PID_19B6&MI_00&Col05#7&3a8dc514&0&0004#{4d1e55b2-f16f-11cf-88cb-001111000030}"
      Object, CloseHandle,            0,          2,          0,          0,         33,          0, 0x0000000000000000, 0x00007380, 0x00003ABC,                   23,             ,                     ,   {00000000-0000-0000-0000-000000000000},                                         ,   134313424586528534,          0,          0, 0xFFFF8D0E93095330, 0x1C4,      4, "\GLOBAL??\HID#VID_0B05&PID_19B6&MI_00&Col01#7&3a8dc514&0&0000#{4d1e55b2-f16f-11cf-88cb-001111000030}"
      Object, CloseHandle,            0,          2,          0,          0,         33,          0, 0x0000000000000000, 0x00007380, 0x00003ABC,                   23,             ,                     ,   {00000000-0000-0000-0000-000000000000},                                         ,   134313424586534697,          0,          0, 0xFFFF8D0E930601D0, 0x1C4,      4, "\GLOBAL??\HID#VID_0B05&PID_19B6&MI_00&Col06#7&3a8dc514&0&0005#{4d1e55b2-f16f-11cf-88cb-001111000030}"
      Object, CloseHandle,            0,          2,          0,          0,         33,          0, 0x0000000000000000, 0x00007380, 0x00003ABC,                   23,             ,                     ,   {00000000-0000-0000-0000-000000000000},                                         ,   134313424586534846,          0,          0, 0xFFFF8D0E9309A310, 0x1C4,      4, "\GLOBAL??\HID#VID_0B05&PID_19B6&MI_00&Col03#7&3a8dc514&0&0002#{4d1e55b2-f16f-11cf-88cb-001111000030}"
      Object, CloseHandle,            0,          2,          0,          0,         33,          0, 0x0000000000000000, 0x00007380, 0x00003ABC,                   23,             ,                     ,   {00000000-0000-0000-0000-000000000000},                                         ,   134313424586538373,          0,          0, 0xFFFF8D0E93098540, 0x1C4,      4, "\GLOBAL??\HID#VID_0B05&PID_19B6&MI_00&Col02#7&3a8dc514&0&0001#{4d1e55b2-f16f-11cf-88cb-001111000030}"
      Object, CloseHandle,            0,          2,          0,          0,         33,          0, 0x0000000000000000, 0x00007380, 0x00003ABC,                    0,             ,                     ,   {00000000-0000-0000-0000-000000000000},                                         ,   134313424586561657,          0,          0, 0xFFFF8D0E9309DA30, 0x1C8,      4, "\GLOBAL??\HID#VID_0B05&PID_19B6&MI_00&Col09#7&3a8dc514&0&0008#{4d1e55b2-f16f-11cf-88cb-001111000030}"
      Object, CloseHandle,            0,          2,          0,          0,         33,          0, 0x0000000000000000, 0x00007380, 0x00003ABC,                    0,             ,                     ,   {00000000-0000-0000-0000-000000000000},                                         ,   134313424586566033,          0,          0, 0xFFFF8D0E9309B990, 0x1C8,      4, "\GLOBAL??\HID#VID_0B05&PID_19B6&MI_00&Col07#7&3a8dc514&0&0006#{4d1e55b2-f16f-11cf-88cb-001111000030}"
      Object, CloseHandle,            0,          2,          0,          0,         33,          0, 0x0000000000000000, 0x00007380, 0x00003ABC,                    0,             ,                     ,   {00000000-0000-0000-0000-000000000000},                                         ,   134313424586575620,          0,          0, 0xFFFF8D0E93063080, 0x1C8,      4, "\GLOBAL??\HID#VID_0B05&PID_19B6&MI_00&Col08#7&3a8dc514&0&0007#{4d1e55b2-f16f-11cf-88cb-001111000030}"
      Object, CloseHandle,            0,          2,          0,          0,         33,          0, 0x0000000000000000, 0x00007380, 0x00003ABC,                    0,             ,                     ,   {00000000-0000-0000-0000-000000000000},                                         ,   134313424586578275,          0,          0, 0xFFFF8D0E93099CE0, 0x1C8,      4, "\GLOBAL??\HID#VID_0B05&PID_19B6&MI_00&Col07#7&3a8dc514&0&0006#{378de44c-56ef-11d1-bc8c-00a0c91405dd}"
      Object, CloseHandle,            0,          2,          0,          0,         33,          0, 0x0000000000000000, 0x00007380, 0x00003ABC,                    0,             ,                     ,   {00000000-0000-0000-0000-000000000000},                                         ,   134313424586585070,          0,          0, 0xFFFF8D0E93065090, 0x1C8,      4, "\GLOBAL??\HID#VID_0B05&PID_19B6&MI_01#7&2a65691c&0&0000#{4d1e55b2-f16f-11cf-88cb-001111000030}"
      Object, CloseHandle,            0,          2,          0,          0,         33,          0, 0x0000000000000000, 0x00007380, 0x00003ABC,                    0,             ,                     ,   {00000000-0000-0000-0000-000000000000},                                         ,   134313424586586848,          0,          0, 0xFFFF8D0E9309D5B0, 0x1C8,      4, "\GLOBAL??\HID#VID_0B05&PID_19B6&MI_00&Col04#7&3a8dc514&0&0003#{4d1e55b2-f16f-11cf-88cb-001111000030}"
Microsoft-Windows-Kernel-Power ,      Info ,          136,          0,         16,          4,          0,        151, 0x0000000000000004, 0x00000004, 0x00003E94,                    6,             ,                     ,   {00000000-0000-0000-0000-000000000000},                                         ,   134313424678919029,        240,          0, 0xFFFFB186FB774630, 0, 0x33, "HID\VID_0B05&PID_19B6&MI_00&Col01\7&3a8dc514&0&0000", 0x0, ""
Microsoft-Windows-Kernel-Power ,      Info ,          136,          0,         16,          4,          0,        151, 0x0000000000000004, 0x00000004, 0x00003E94,                    6,             ,                     ,   {00000000-0000-0000-0000-000000000000},                                         ,   134313424678919043,        240,          0, 0xFFFFB186FB7765E0, 0, 0x33, "HID\VID_0B05&PID_19B6&MI_00&Col02\7&3a8dc514&0&0001", 0x6, "kbdhid"
Microsoft-Windows-Kernel-Power ,      Info ,          136,          0,         16,          4,          0,        151, 0x0000000000000004, 0x00000004, 0x00003E94,                    6,             ,                     ,   {00000000-0000-0000-0000-000000000000},                                         ,   134313424678919055,        240,          0, 0xFFFFB186FA32C010, 0, 0x33, "HID\VID_0B05&PID_19B6&MI_00&Col03\7&3a8dc514&0&0002", 0x0, ""
Microsoft-Windows-Kernel-Power ,      Info ,          136,          0,         16,          4,          0,        151, 0x0000000000000004, 0x00000004, 0x00003E94,                    6,             ,                     ,   {00000000-0000-0000-0000-000000000000},                                         ,   134313424678919066,        240,          0, 0xFFFFB186FB711960, 0, 0x33, "HID\VID_0B05&PID_19B6&MI_00&Col04\7&3a8dc514&0&0003", 0x0, ""
Microsoft-Windows-Kernel-Power ,      Info ,          136,          0,         16,          4,          0,        151, 0x0000000000000004, 0x00000004, 0x00003E94,                    6,             ,                     ,   {00000000-0000-0000-0000-000000000000},                                         ,   134313424678919077,        240,          0, 0xFFFFB186FA510300, 0, 0x33, "HID\VID_0B05&PID_19B6&MI_00&Col05\7&3a8dc514&0&0004", 0x0, ""
Microsoft-Windows-Kernel-Power ,      Info ,          136,          0,         16,          4,          0,        151, 0x0000000000000004, 0x00000004, 0x00003E94,                    6,             ,                     ,   {00000000-0000-0000-0000-000000000000},                                         ,   134313424678919088,        240,          0, 0xFFFFB186FCEF1C20, 0, 0x33, "HID\VID_0B05&PID_19B6&MI_00&Col06\7&3a8dc514&0&0005", 0x0, ""
Microsoft-Windows-Kernel-Power ,      Info ,          136,          0,         16,          4,          0,        151, 0x0000000000000004, 0x00000004, 0x00003E94,                    6,             ,                     ,   {00000000-0000-0000-0000-000000000000},                                         ,   134313424678919099,        240,          0, 0xFFFFB186FCEF2C20, 0, 0x33, "HID\VID_0B05&PID_19B6&MI_00&Col07\7&3a8dc514&0&0006", 0x6, "mouhid"
Microsoft-Windows-Kernel-Power ,      Info ,          136,          0,         16,          4,          0,        151, 0x0000000000000004, 0x00000004, 0x00003E94,                    6,             ,                     ,   {00000000-0000-0000-0000-000000000000},                                         ,   134313424678919110,        240,          0, 0xFFFFB186FCEF3C20, 0, 0x33, "HID\VID_0B05&PID_19B6&MI_00&Col08\7&3a8dc514&0&0007", 0x0, ""
Microsoft-Windows-Kernel-Power ,      Info ,          136,          0,         16,          4,          0,        151, 0x0000000000000004, 0x00000004, 0x00003E94,                    6,             ,                     ,   {00000000-0000-0000-0000-000000000000},                                         ,   134313424678919122,        240,          0, 0xFFFFB186FCEF4C20, 0, 0x33, "HID\VID_0B05&PID_19B6&MI_00&Col09\7&3a8dc514&0&0008", 0x6, "WUDFRd"
Microsoft-Windows-Kernel-Power ,      Info ,          136,          0,         16,          4,          0,        151, 0x0000000000000004, 0x00000004, 0x00003E94,                    6,             ,                     ,   {00000000-0000-0000-0000-000000000000},                                         ,   134313424678919132,        240,          0, 0xFFFFB186FA528930, 0, 0x2D, "USB\VID_0B05&PID_19B6&MI_00\6&2b745301&1&0000", 0x6, "HidUsb"
Microsoft-Windows-Kernel-Power ,      Info ,          136,          0,         16,          4,          0,        151, 0x0000000000000004, 0x00000004, 0x00003E94,                    6,             ,                     ,   {00000000-0000-0000-0000-000000000000},                                         ,   134313424678919145,        240,          0, 0xFFFFB186FE3B9010, 0, 0x2D, "HID\VID_0B05&PID_19B6&MI_01\7&2a65691c&0&0000", 0x0, ""
Microsoft-Windows-Kernel-Power ,      Info ,          136,          0,         16,          4,          0,        151, 0x0000000000000004, 0x00000004, 0x00003E94,                    6,             ,                     ,   {00000000-0000-0000-0000-000000000000},                                         ,   134313424678919155,        240,          0, 0xFFFFB186FA5485E0, 0, 0x2D, "USB\VID_0B05&PID_19B6&MI_01\6&2b745301&1&0001", 0x6, "HidUsb"
Microsoft-Windows-Kernel-Power ,      Info ,          136,          0,         16,          4,          0,        151, 0x0000000000000004, 0x00000004, 0x00003E94,                    6,             ,                     ,   {00000000-0000-0000-0000-000000000000},                                         ,   134313424678919165,        240,          0, 0xFFFFB186FA1EFAE0, 0, 0x24, "USB\VID_0B05&PID_19B6\5&230b0289&0&4", 0x7, "usbccgp"
      Object, CloseHandle,            0,          2,          0,          0,         33,          0, 0x0000000000000000, 0x00002A80, 0x00003A28,                   14,             ,                     ,   {00000000-0000-0000-0000-000000000000},                                         ,   134313424709184762,          0,          0, 0xFFFF8D0E93B76560, 0x80004F94,     50, "\REGISTRY\MACHINE\SYSTEM\ControlSet001\Enum\HID\VID_0B05&PID_19B6&MI_00&Col05\7&3a8dc514&0&0004"
      Object, CloseHandle,            0,          2,          0,          0,         33,          0, 0x0000000000000000, 0x00002A80, 0x00003A28,                   14,             ,                     ,   {00000000-0000-0000-0000-000000000000},                                         ,   134313424709185371,          0,          0, 0xFFFF8D0E93B78DC0, 0x80004F94,     50, "\REGISTRY\MACHINE\SYSTEM\ControlSet001\Enum\HID\VID_0B05&PID_19B6&MI_00&Col05\7&3a8dc514&0&0004"
      Object, CloseHandle,            0,          2,          0,          0,         33,          0, 0x0000000000000000, 0x00002A80, 0x00003A28,                   14,             ,                     ,   {00000000-0000-0000-0000-000000000000},                                         ,   134313424709185903,          0,          0, 0xFFFF8D0E93B78A90, 0x80004F94,     50, "\REGISTRY\MACHINE\SYSTEM\ControlSet001\Enum\HID\VID_0B05&PID_19B6&MI_00&Col05\7&3a8dc514&0&0004"
      Object, CloseHandle,            0,          2,          0,          0,         33,          0, 0x0000000000000000, 0x00002A80, 0x00003A28,                    5,             ,                     ,   {00000000-0000-0000-0000-000000000000},                                         ,   134313424709310107,          0,          0, 0xFFFF8D0E94739F40, 0x800047C8,     50, "\REGISTRY\MACHINE\SYSTEM\ControlSet001\Enum\HID\VID_0B05&PID_19B6&MI_00&Col01\7&3a8dc514&0&0000"
      Object, CloseHandle,            0,          2,          0,          0,         33,          0, 0x0000000000000000, 0x00002A80, 0x00003A28,                    5,             ,                     ,   {00000000-0000-0000-0000-000000000000},                                         ,   134313424709310699,          0,          0, 0xFFFF8D0E947395B0, 0x800047C8,     50, "\REGISTRY\MACHINE\SYSTEM\ControlSet001\Enum\HID\VID_0B05&PID_19B6&MI_00&Col01\7&3a8dc514&0&0000"
      Object, CloseHandle,            0,          2,          0,          0,         33,          0, 0x0000000000000000, 0x00002A80, 0x00003A28,                    5,             ,                     ,   {00000000-0000-0000-0000-000000000000},                                         ,   134313424709311237,          0,          0, 0xFFFF8D0E9473CBE0, 0x800047C8,     50, "\REGISTRY\MACHINE\SYSTEM\ControlSet001\Enum\HID\VID_0B05&PID_19B6&MI_00&Col01\7&3a8dc514&0&0000"
      Object, CloseHandle,            0,          2,          0,          0,         33,          0, 0x0000000000000000, 0x00002A80, 0x00003A28,                    5,             ,                     ,   {00000000-0000-0000-0000-000000000000},                                         ,   134313424709316277,          0,          0, 0xFFFF8D0E9473AD10, 0x800047C8,     50, "\REGISTRY\MACHINE\SYSTEM\ControlSet001\Enum\HID\VID_0B05&PID_19B6&MI_00&Col06\7&3a8dc514&0&0005"
      Object, CloseHandle,            0,          2,          0,          0,         33,          0, 0x0000000000000000, 0x00002A80, 0x00003A28,                    5,             ,                     ,   {00000000-0000-0000-0000-000000000000},                                         ,   134313424709316794,          0,          0, 0xFFFF8D0E947398E0, 0x800047C8,     50, "\REGISTRY\MACHINE\SYSTEM\ControlSet001\Enum\HID\VID_0B05&PID_19B6&MI_00&Col06\7&3a8dc514&0&0005"
      Object, CloseHandle,            0,          2,          0,          0,         33,          0, 0x0000000000000000, 0x00002A80, 0x00003A28,                    5,             ,                     ,   {00000000-0000-0000-0000-000000000000},                                         ,   134313424709317257,          0,          0, 0xFFFF8D0E9473AF30, 0x800047C8,     50, "\REGISTRY\MACHINE\SYSTEM\ControlSet001\Enum\HID\VID_0B05&PID_19B6&MI_00&Col06\7&3a8dc514&0&0005"
      Object, CloseHandle,            0,          2,          0,          0,         33,          0, 0x0000000000000000, 0x00002A80, 0x00003A28,                    2,             ,                     ,   {00000000-0000-0000-0000-000000000000},                                         ,   134313424709473303,          0,          0, 0xFFFF8D0E90709BE0, 0x800050B4,     50, "\REGISTRY\MACHINE\SYSTEM\ControlSet001\Enum\HID\VID_0B05&PID_19B6&MI_00&Col02\7&3a8dc514&0&0001"
      Object, CloseHandle,            0,          2,          0,          0,         33,          0, 0x0000000000000000, 0x00002A80, 0x00003A28,                    2,             ,                     ,   {00000000-0000-0000-0000-000000000000},                                         ,   134313424709473849,          0,          0, 0xFFFF8D0E90709690, 0x800050B4,     50, "\REGISTRY\MACHINE\SYSTEM\ControlSet001\Enum\HID\VID_0B05&PID_19B6&MI_00&Col02\7&3a8dc514&0&0001"
      Object, CloseHandle,            0,          2,          0,          0,         33,          0, 0x0000000000000000, 0x00002A80, 0x00003A28,                    2,             ,                     ,   {00000000-0000-0000-0000-000000000000},                                         ,   134313424709474380,          0,          0, 0xFFFF8D0E907065B0, 0x800050B4,     50, "\REGISTRY\MACHINE\SYSTEM\ControlSet001\Enum\HID\VID_0B05&PID_19B6&MI_00&Col02\7&3a8dc514&0&0001"
      Object, CloseHandle,            0,          2,          0,          0,         33,          0, 0x0000000000000000, 0x00002A80, 0x00003A28,                    2,             ,                     ,   {00000000-0000-0000-0000-000000000000},                                         ,   134313424709474794,          0,          0, 0xFFFF8D0E90708AE0, 0x800050B4,     50, "\REGISTRY\MACHINE\SYSTEM\ControlSet001\Enum\HID\VID_0B05&PID_19B6&MI_00&Col02\7&3a8dc514&0&0001"
      Object, CloseHandle,            0,          2,          0,          0,         33,          0, 0x0000000000000000, 0x00002A80, 0x00003A28,                    2,             ,                     ,   {00000000-0000-0000-0000-000000000000},                                         ,   134313424709475234,          0,          0, 0xFFFF8D0E90706C10, 0x800050B4,     50, "\REGISTRY\MACHINE\SYSTEM\ControlSet001\Enum\HID\VID_0B05&PID_19B6&MI_00&Col02\7&3a8dc514&0&0001"
      Object, CloseHandle,            0,          2,          0,          0,         33,          0, 0x0000000000000000, 0x00002A80, 0x00003A28,                    2,             ,                     ,   {00000000-0000-0000-0000-000000000000},                                         ,   134313424709480883,          0,          0, 0xFFFF8D0E9070ECA0, 0x800050B4,     50, "\REGISTRY\MACHINE\SYSTEM\ControlSet001\Enum\HID\VID_0B05&PID_19B6&MI_00&Col07\7&3a8dc514&0&0006"
      Object, CloseHandle,            0,          2,          0,          0,         33,          0, 0x0000000000000000, 0x00002A80, 0x00003A28,                    2,             ,                     ,   {00000000-0000-0000-0000-000000000000},                                         ,   134313424709481393,          0,          0, 0xFFFF8D0E9070D100, 0x800050B4,     50, "\REGISTRY\MACHINE\SYSTEM\ControlSet001\Enum\HID\VID_0B05&PID_19B6&MI_00&Col07\7&3a8dc514&0&0006"
      Object, CloseHandle,            0,          2,          0,          0,         33,          0, 0x0000000000000000, 0x00002A80, 0x00003A28,                    2,             ,                     ,   {00000000-0000-0000-0000-000000000000},                                         ,   134313424709481853,          0,          0, 0xFFFF8D0E9070B780, 0x800050B4,     50, "\REGISTRY\MACHINE\SYSTEM\ControlSet001\Enum\HID\VID_0B05&PID_19B6&MI_00&Col07\7&3a8dc514&0&0006"
      Object, CloseHandle,            0,          2,          0,          0,         33,          0, 0x0000000000000000, 0x00002A80, 0x00003A28,                    2,             ,                     ,   {00000000-0000-0000-0000-000000000000},                                         ,   134313424709482258,          0,          0, 0xFFFF8D0E9070BCD0, 0x800050B4,     50, "\REGISTRY\MACHINE\SYSTEM\ControlSet001\Enum\HID\VID_0B05&PID_19B6&MI_00&Col07\7&3a8dc514&0&0006"
      Object, CloseHandle,            0,          2,          0,          0,         33,          0, 0x0000000000000000, 0x00002A80, 0x00003A28,                    2,             ,                     ,   {00000000-0000-0000-0000-000000000000},                                         ,   134313424709482695,          0,          0, 0xFFFF8D0E9070CBB0, 0x800050B4,     50, "\REGISTRY\MACHINE\SYSTEM\ControlSet001\Enum\HID\VID_0B05&PID_19B6&MI_00&Col07\7&3a8dc514&0&0006"
      Object, CloseHandle,            0,          2,          0,          0,         33,          0, 0x0000000000000000, 0x00002A80, 0x00003A28,                    3,             ,                     ,   {00000000-0000-0000-0000-000000000000},                                         ,   134313424709609012,          0,          0, 0xFFFF8D0E9121F200, 0x8000771C,     50, "\REGISTRY\MACHINE\SYSTEM\ControlSet001\Enum\HID\VID_0B05&PID_19B6&MI_00&Col03\7&3a8dc514&0&0002"
      Object, CloseHandle,            0,          2,          0,          0,         33,          0, 0x0000000000000000, 0x00002A80, 0x00003A28,                    3,             ,                     ,   {00000000-0000-0000-0000-000000000000},                                         ,   134313424709609546,          0,          0, 0xFFFF8D0E9121D990, 0x8000771C,     50, "\REGISTRY\MACHINE\SYSTEM\ControlSet001\Enum\HID\VID_0B05&PID_19B6&MI_00&Col03\7&3a8dc514&0&0002"
      Object, CloseHandle,            0,          2,          0,          0,         33,          0, 0x0000000000000000, 0x00002A80, 0x00003A28,                    3,             ,                     ,   {00000000-0000-0000-0000-000000000000},                                         ,   134313424709610014,          0,          0, 0xFFFF8D0E9121C890, 0x8000771C,     50, "\REGISTRY\MACHINE\SYSTEM\ControlSet001\Enum\HID\VID_0B05&PID_19B6&MI_00&Col03\7&3a8dc514&0&0002"
      Object, CloseHandle,            0,          2,          0,          0,         33,          0, 0x0000000000000000, 0x00002A80, 0x00003A28,                    3,             ,                     ,   {00000000-0000-0000-0000-000000000000},                                         ,   134313424709617436,          0,          0, 0xFFFF8D0E91220410, 0x8000771C,     50, "\REGISTRY\MACHINE\SYSTEM\ControlSet001\Enum\HID\VID_0B05&PID_19B6&MI_00&Col08\7&3a8dc514&0&0007"
      Object, CloseHandle,            0,          2,          0,          0,         33,          0, 0x0000000000000000, 0x00002A80, 0x00003A28,                    3,             ,                     ,   {00000000-0000-0000-0000-000000000000},                                         ,   134313424709617986,          0,          0, 0xFFFF8D0E91220DA0, 0x8000771C,     50, "\REGISTRY\MACHINE\SYSTEM\ControlSet001\Enum\HID\VID_0B05&PID_19B6&MI_00&Col08\7&3a8dc514&0&0007"
      Object, CloseHandle,            0,          2,          0,          0,         33,          0, 0x0000000000000000, 0x00002A80, 0x00003A28,                    3,             ,                     ,   {00000000-0000-0000-0000-000000000000},                                         ,   134313424709618449,          0,          0, 0xFFFF8D0E91220520, 0x8000771C,     50, "\REGISTRY\MACHINE\SYSTEM\ControlSet001\Enum\HID\VID_0B05&PID_19B6&MI_00&Col08\7&3a8dc514&0&0007"
      Object, CloseHandle,            0,          2,          0,          0,         33,          0, 0x0000000000000000, 0x00002A80, 0x00003A28,                   18,             ,                     ,   {00000000-0000-0000-0000-000000000000},                                         ,   134313424709646277,          0,          0, 0xFFFF8D0E940A9170, 0x8000771C,     50, "\REGISTRY\MACHINE\SYSTEM\ControlSet001\Enum\USB\VID_0B05&PID_19B6\5&230b0289&0&4"
      Object, CloseHandle,            0,          2,          0,          0,         33,          0, 0x0000000000000000, 0x00002A80, 0x00003A28,                   18,             ,                     ,   {00000000-0000-0000-0000-000000000000},                                         ,   134313424709647274,          0,          0, 0xFFFF8D0E940A9170, 0x8000771C,     50, "\REGISTRY\MACHINE\SYSTEM\ControlSet001\Enum\USB\VID_0B05&PID_19B6\5&230b0289&0&4"
      Object, CloseHandle,            0,          2,          0,          0,         33,          0, 0x0000000000000000, 0x00002A80, 0x00003A28,                   18,             ,                     ,   {00000000-0000-0000-0000-000000000000},                                         ,   134313424709647932,          0,          0, 0xFFFF8D0E940A73B0, 0x8000771C,     50, "\REGISTRY\MACHINE\SYSTEM\ControlSet001\Enum\USB\VID_0B05&PID_19B6\5&230b0289&0&4"
      Object, CloseHandle,            0,          2,          0,          0,         33,          0, 0x0000000000000000, 0x00002A80, 0x00003A28,                   18,             ,                     ,   {00000000-0000-0000-0000-000000000000},                                         ,   134313424709648403,          0,          0, 0xFFFF8D0E940A72A0, 0x8000771C,     50, "\REGISTRY\MACHINE\SYSTEM\ControlSet001\Enum\USB\VID_0B05&PID_19B6\5&230b0289&0&4"
      Object, CloseHandle,            0,          2,          0,          0,         33,          0, 0x0000000000000000, 0x00002A80, 0x00003A28,                   18,             ,                     ,   {00000000-0000-0000-0000-000000000000},                                         ,   134313424709648851,          0,          0, 0xFFFF8D0E940A83A0, 0x8000771C,     50, "\REGISTRY\MACHINE\SYSTEM\ControlSet001\Enum\USB\VID_0B05&PID_19B6\5&230b0289&0&4"
      Object, CloseHandle,            0,          2,          0,          0,         33,          0, 0x0000000000000000, 0x00002A80, 0x00003A28,                    2,             ,                     ,   {00000000-0000-0000-0000-000000000000},                                         ,   134313424709660512,          0,          0, 0xFFFF8D0E907157F0, 0x8000771C,     50, "\REGISTRY\MACHINE\SYSTEM\ControlSet001\Enum\USB\VID_0B05&PID_19B6&MI_00\6&2b745301&1&0000"
      Object, CloseHandle,            0,          2,          0,          0,         33,          0, 0x0000000000000000, 0x00002A80, 0x00003A28,                    2,             ,                     ,   {00000000-0000-0000-0000-000000000000},                                         ,   134313424709661028,          0,          0, 0xFFFF8D0E90713E70, 0x8000771C,     50, "\REGISTRY\MACHINE\SYSTEM\ControlSet001\Enum\USB\VID_0B05&PID_19B6&MI_00\6&2b745301&1&0000"
      Object, CloseHandle,            0,          2,          0,          0,         33,          0, 0x0000000000000000, 0x00002A80, 0x00003A28,                    2,             ,                     ,   {00000000-0000-0000-0000-000000000000},                                         ,   134313424709661493,          0,          0, 0xFFFF8D0E907166D0, 0x8000771C,     50, "\REGISTRY\MACHINE\SYSTEM\ControlSet001\Enum\USB\VID_0B05&PID_19B6&MI_00\6&2b745301&1&0000"
      Object, CloseHandle,            0,          2,          0,          0,         33,          0, 0x0000000000000000, 0x00002A80, 0x00003A28,                    2,             ,                     ,   {00000000-0000-0000-0000-000000000000},                                         ,   134313424709661900,          0,          0, 0xFFFF8D0E90716E40, 0x8000771C,     50, "\REGISTRY\MACHINE\SYSTEM\ControlSet001\Enum\USB\VID_0B05&PID_19B6&MI_00\6&2b745301&1&0000"
      Object, CloseHandle,            0,          2,          0,          0,         33,          0, 0x0000000000000000, 0x00002A80, 0x00003A28,                    2,             ,                     ,   {00000000-0000-0000-0000-000000000000},                                         ,   134313424709662343,          0,          0, 0xFFFF8D0E90718160, 0x8000771C,     50, "\REGISTRY\MACHINE\SYSTEM\ControlSet001\Enum\USB\VID_0B05&PID_19B6&MI_00\6&2b745301&1&0000"
      Object, CloseHandle,            0,          2,          0,          0,         33,          0, 0x0000000000000000, 0x00002A80, 0x00003A28,                   14,             ,                     ,   {00000000-0000-0000-0000-000000000000},                                         ,   134313424709698070,          0,          0, 0xFFFF8D0E93B81C20, 0x80002758,     50, "\REGISTRY\MACHINE\SYSTEM\ControlSet001\Enum\HID\VID_0B05&PID_19B6&MI_01\7&2a65691c&0&0000"
      Object, CloseHandle,            0,          2,          0,          0,         33,          0, 0x0000000000000000, 0x00002A80, 0x00003A28,                   14,             ,                     ,   {00000000-0000-0000-0000-000000000000},                                         ,   134313424709698649,          0,          0, 0xFFFF8D0E93B813A0, 0x80002758,     50, "\REGISTRY\MACHINE\SYSTEM\ControlSet001\Enum\HID\VID_0B05&PID_19B6&MI_01\7&2a65691c&0&0000"
      Object, CloseHandle,            0,          2,          0,          0,         33,          0, 0x0000000000000000, 0x00002A80, 0x00003A28,                   14,             ,                     ,   {00000000-0000-0000-0000-000000000000},                                         ,   134313424709699253,          0,          0, 0xFFFF8D0E93B7E810, 0x80002758,     50, "\REGISTRY\MACHINE\SYSTEM\ControlSet001\Enum\HID\VID_0B05&PID_19B6&MI_01\7&2a65691c&0&0000"
      Object, CloseHandle,            0,          2,          0,          0,         33,          0, 0x0000000000000000, 0x00002A80, 0x00003A28,                   14,             ,                     ,   {00000000-0000-0000-0000-000000000000},                                         ,   134313424709702168,          0,          0, 0xFFFF8D0E93B858B0, 0x80002758,     50, "\REGISTRY\MACHINE\SYSTEM\ControlSet001\Enum\HID\VID_0B05&PID_19B6&MI_00&Col04\7&3a8dc514&0&0003"
      Object, CloseHandle,            0,          2,          0,          0,         33,          0, 0x0000000000000000, 0x00002A80, 0x00003A28,                   14,             ,                     ,   {00000000-0000-0000-0000-000000000000},                                         ,   134313424709702711,          0,          0, 0xFFFF8D0E93B82D20, 0x80002758,     50, "\REGISTRY\MACHINE\SYSTEM\ControlSet001\Enum\HID\VID_0B05&PID_19B6&MI_00&Col04\7&3a8dc514&0&0003"
      Object, CloseHandle,            0,          2,          0,          0,         33,          0, 0x0000000000000000, 0x00002A80, 0x00003A28,                   14,             ,                     ,   {00000000-0000-0000-0000-000000000000},                                         ,   134313424709703175,          0,          0, 0xFFFF8D0E93B83D10, 0x80002758,     50, "\REGISTRY\MACHINE\SYSTEM\ControlSet001\Enum\HID\VID_0B05&PID_19B6&MI_00&Col04\7&3a8dc514&0&0003"
      Object, CloseHandle,            0,          2,          0,          0,         33,          0, 0x0000000000000000, 0x00002A80, 0x00003A28,                   14,             ,                     ,   {00000000-0000-0000-0000-000000000000},                                         ,   134313424709706677,          0,          0, 0xFFFF8D0E93B835A0, 0x80002758,     50, "\REGISTRY\MACHINE\SYSTEM\ControlSet001\Enum\HID\VID_0B05&PID_19B6&MI_00&Col09\7&3a8dc514&0&0008"
      Object, CloseHandle,            0,          2,          0,          0,         33,          0, 0x0000000000000000, 0x00002A80, 0x00003A28,                   14,             ,                     ,   {00000000-0000-0000-0000-000000000000},                                         ,   134313424709707115,          0,          0, 0xFFFF8D0E93B86680, 0x80002758,     50, "\REGISTRY\MACHINE\SYSTEM\ControlSet001\Enum\HID\VID_0B05&PID_19B6&MI_00&Col09\7&3a8dc514&0&0008"
      Object, CloseHandle,            0,          2,          0,          0,         33,          0, 0x0000000000000000, 0x00002A80, 0x00003A28,                   14,             ,                     ,   {00000000-0000-0000-0000-000000000000},                                         ,   134313424709707558,          0,          0, 0xFFFF8D0E93B85CF0, 0x80002758,     50, "\REGISTRY\MACHINE\SYSTEM\ControlSet001\Enum\HID\VID_0B05&PID_19B6&MI_00&Col09\7&3a8dc514&0&0008"
      Object, CloseHandle,            0,          2,          0,          0,         33,          0, 0x0000000000000000, 0x00002A80, 0x00003A28,                   14,             ,                     ,   {00000000-0000-0000-0000-000000000000},                                         ,   134313424709707960,          0,          0, 0xFFFF8D0E93B859C0, 0x80002758,     50, "\REGISTRY\MACHINE\SYSTEM\ControlSet001\Enum\HID\VID_0B05&PID_19B6&MI_00&Col09\7&3a8dc514&0&0008"
      Object, CloseHandle,            0,          2,          0,          0,         33,          0, 0x0000000000000000, 0x00002A80, 0x00003A28,                   14,             ,                     ,   {00000000-0000-0000-0000-000000000000},                                         ,   134313424709708388,          0,          0, 0xFFFF8D0E93B86570, 0x80002758,     50, "\REGISTRY\MACHINE\SYSTEM\ControlSet001\Enum\HID\VID_0B05&PID_19B6&MI_00&Col09\7&3a8dc514&0&0008"
      Object, CloseHandle,            0,          2,          0,          0,         33,          0, 0x0000000000000000, 0x00002A80, 0x00003A28,                    2,             ,                     ,   {00000000-0000-0000-0000-000000000000},                                         ,   134313424709778874,          0,          0, 0xFFFF8D0E90724D60, 0x8000771C,     50, "\REGISTRY\MACHINE\SYSTEM\ControlSet001\Enum\USB\VID_0B05&PID_19B6&MI_01\6&2b745301&1&0001"
      Object, CloseHandle,            0,          2,          0,          0,         33,          0, 0x0000000000000000, 0x00002A80, 0x00003A28,                    2,             ,                     ,   {00000000-0000-0000-0000-000000000000},                                         ,   134313424709779501,          0,          0, 0xFFFF8D0E90726E50, 0x8000771C,     50, "\REGISTRY\MACHINE\SYSTEM\ControlSet001\Enum\USB\VID_0B05&PID_19B6&MI_01\6&2b745301&1&0001"
      Object, CloseHandle,            0,          2,          0,          0,         33,          0, 0x0000000000000000, 0x00002A80, 0x00003A28,                    2,             ,                     ,   {00000000-0000-0000-0000-000000000000},                                         ,   134313424709779970,          0,          0, 0xFFFF8D0E90728280, 0x8000771C,     50, "\REGISTRY\MACHINE\SYSTEM\ControlSet001\Enum\USB\VID_0B05&PID_19B6&MI_01\6&2b745301&1&0001"
      Object, CloseHandle,            0,          2,          0,          0,         33,          0, 0x0000000000000000, 0x00002A80, 0x00003A28,                    2,             ,                     ,   {00000000-0000-0000-0000-000000000000},                                         ,   134313424709780380,          0,          0, 0xFFFF8D0E90727C20, 0x8000771C,     50, "\REGISTRY\MACHINE\SYSTEM\ControlSet001\Enum\USB\VID_0B05&PID_19B6&MI_01\6&2b745301&1&0001"
      Object, CloseHandle,            0,          2,          0,          0,         33,          0, 0x0000000000000000, 0x00002A80, 0x00003A28,                    2,             ,                     ,   {00000000-0000-0000-0000-000000000000},                                         ,   134313424709781507,          0,          0, 0xFFFF8D0E90727E40, 0x8000771C,     50, "\REGISTRY\MACHINE\SYSTEM\ControlSet001\Enum\USB\VID_0B05&PID_19B6&MI_01\6&2b745301&1&0001"
      Object, CloseHandle,            0,          2,          0,          0,         33,          0, 0x0000000000000000, 0x00002A80, 0x00003A28,                   18,             ,                     ,   {00000000-0000-0000-0000-000000000000},                                         ,   134313424710419989,          0,          0, 0xFFFF8D0E940AF990, 0x80004624,     50, "\REGISTRY\MACHINE\SYSTEM\ControlSet001\Enum\HID\VID_0B05&PID_19B6&MI_00&Col05\7&3a8dc514&0&0004"
      Object, CloseHandle,            0,          2,          0,          0,         33,          0, 0x0000000000000000, 0x00002A80, 0x00003A28,                    6,             ,                     ,   {00000000-0000-0000-0000-000000000000},                                         ,   134313424710421696,          0,          0, 0xFFFF8D0E940AF660, 0x80004624,     50, "\REGISTRY\MACHINE\SYSTEM\ControlSet001\Enum\HID\VID_0B05&PID_19B6&MI_00&Col05\7&3a8dc514&0&0004"
      Object, CloseHandle,            0,          2,          0,          0,         33,          0, 0x0000000000000000, 0x00002A80, 0x00003A28,                   18,             ,                     ,   {00000000-0000-0000-0000-000000000000},                                         ,   134313424710423300,          0,          0, 0xFFFF8D0E940AFAA0, 0x80004624,     50, "\REGISTRY\MACHINE\SYSTEM\ControlSet001\Enum\HID\VID_0B05&PID_19B6&MI_00&Col05\7&3a8dc514&0&0004"
      Object, CloseHandle,            0,          2,          0,          0,         33,          0, 0x0000000000000000, 0x00002A80, 0x00003A28,                    5,             ,                     ,   {00000000-0000-0000-0000-000000000000},                                         ,   134313424710530056,          0,          0, 0xFFFF8D0E94748E50, 0x80003088,     50, "\REGISTRY\MACHINE\SYSTEM\ControlSet001\Enum\HID\VID_0B05&PID_19B6&MI_00&Col01\7&3a8dc514&0&0000"
      Object, CloseHandle,            0,          2,          0,          0,         33,          0, 0x0000000000000000, 0x00002A80, 0x00003A28,                    5,             ,                     ,   {00000000-0000-0000-0000-000000000000},                                         ,   134313424710530496,          0,          0, 0xFFFF8D0E94749B10, 0x80003088,     50, "\REGISTRY\MACHINE\SYSTEM\ControlSet001\Enum\HID\VID_0B05&PID_19B6&MI_00&Col01\7&3a8dc514&0&0000"
      Object, CloseHandle,            0,          2,          0,          0,         33,          0, 0x0000000000000000, 0x00002A80, 0x00003A28,                    5,             ,                     ,   {00000000-0000-0000-0000-000000000000},                                         ,   134313424710530934,          0,          0, 0xFFFF8D0E94747910, 0x80003088,     50, "\REGISTRY\MACHINE\SYSTEM\ControlSet001\Enum\HID\VID_0B05&PID_19B6&MI_00&Col01\7&3a8dc514&0&0000"
      Object, CloseHandle,            0,          2,          0,          0,         33,          0, 0x0000000000000000, 0x00002A80, 0x00003A28,                    5,             ,                     ,   {00000000-0000-0000-0000-000000000000},                                         ,   134313424710535789,          0,          0, 0xFFFF8D0E94749070, 0x80003088,     50, "\REGISTRY\MACHINE\SYSTEM\ControlSet001\Enum\HID\VID_0B05&PID_19B6&MI_00&Col06\7&3a8dc514&0&0005"
      Object, CloseHandle,            0,          2,          0,          0,         33,          0, 0x0000000000000000, 0x00002A80, 0x00003A28,                    5,             ,                     ,   {00000000-0000-0000-0000-000000000000},                                         ,   134313424710536236,          0,          0, 0xFFFF8D0E94746C50, 0x80003088,     50, "\REGISTRY\MACHINE\SYSTEM\ControlSet001\Enum\HID\VID_0B05&PID_19B6&MI_00&Col06\7&3a8dc514&0&0005"
      Object, CloseHandle,            0,          2,          0,          0,         33,          0, 0x0000000000000000, 0x00002A80, 0x00003A28,                    5,             ,                     ,   {00000000-0000-0000-0000-000000000000},                                         ,   134313424710536831,          0,          0, 0xFFFF8D0E94748190, 0x80003088,     50, "\REGISTRY\MACHINE\SYSTEM\ControlSet001\Enum\HID\VID_0B05&PID_19B6&MI_00&Col06\7&3a8dc514&0&0005"
      Object, CloseHandle,            0,          2,          0,          0,         33,          0, 0x0000000000000000, 0x00002A80, 0x00003A28,                   18,             ,                     ,   {00000000-0000-0000-0000-000000000000},                                         ,   134313424710681745,          0,          0, 0xFFFF8D0E940BB6B0, 0x80003088,     50, "\REGISTRY\MACHINE\SYSTEM\ControlSet001\Enum\HID\VID_0B05&PID_19B6&MI_00&Col02\7&3a8dc514&0&0001"
      Object, CloseHandle,            0,          2,          0,          0,         33,          0, 0x0000000000000000, 0x00002A80, 0x00003A28,                   18,             ,                     ,   {00000000-0000-0000-0000-000000000000},                                         ,   134313424710682195,          0,          0, 0xFFFF8D0E940BCE10, 0x80003088,     50, "\REGISTRY\MACHINE\SYSTEM\ControlSet001\Enum\HID\VID_0B05&PID_19B6&MI_00&Col02\7&3a8dc514&0&0001"
      Object, CloseHandle,            0,          2,          0,          0,         33,          0, 0x0000000000000000, 0x00002A80, 0x00003A28,                   18,             ,                     ,   {00000000-0000-0000-0000-000000000000},                                         ,   134313424710682635,          0,          0, 0xFFFF8D0E940BA9F0, 0x80003088,     50, "\REGISTRY\MACHINE\SYSTEM\ControlSet001\Enum\HID\VID_0B05&PID_19B6&MI_00&Col02\7&3a8dc514&0&0001"
      Object, CloseHandle,            0,          2,          0,          0,         33,          0, 0x0000000000000000, 0x00002A80, 0x00003A28,                   18,             ,                     ,   {00000000-0000-0000-0000-000000000000},                                         ,   134313424710683033,          0,          0, 0xFFFF8D0E940BB380, 0x80003088,     50, "\REGISTRY\MACHINE\SYSTEM\ControlSet001\Enum\HID\VID_0B05&PID_19B6&MI_00&Col02\7&3a8dc514&0&0001"
      Object, CloseHandle,            0,          2,          0,          0,         33,          0, 0x0000000000000000, 0x00002A80, 0x00003A28,                   18,             ,                     ,   {00000000-0000-0000-0000-000000000000},                                         ,   134313424710683452,          0,          0, 0xFFFF8D0E940BD9C0, 0x80003088,     50, "\REGISTRY\MACHINE\SYSTEM\ControlSet001\Enum\HID\VID_0B05&PID_19B6&MI_00&Col02\7&3a8dc514&0&0001"
      Object, CloseHandle,            0,          2,          0,          0,         33,          0, 0x0000000000000000, 0x00002A80, 0x00003A28,                   18,             ,                     ,   {00000000-0000-0000-0000-000000000000},                                         ,   134313424710688403,          0,          0, 0xFFFF8D0E940BC8C0, 0x80003088,     50, "\REGISTRY\MACHINE\SYSTEM\ControlSet001\Enum\HID\VID_0B05&PID_19B6&MI_00&Col07\7&3a8dc514&0&0006"
      Object, CloseHandle,            0,          2,          0,          0,         33,          0, 0x0000000000000000, 0x00002A80, 0x00003A28,                   18,             ,                     ,   {00000000-0000-0000-0000-000000000000},                                         ,   134313424710688829,          0,          0, 0xFFFF8D0E940BD250, 0x80003088,     50, "\REGISTRY\MACHINE\SYSTEM\ControlSet001\Enum\HID\VID_0B05&PID_19B6&MI_00&Col07\7&3a8dc514&0&0006"
      Object, CloseHandle,            0,          2,          0,          0,         33,          0, 0x0000000000000000, 0x00002A80, 0x00003A28,                   18,             ,                     ,   {00000000-0000-0000-0000-000000000000},                                         ,   134313424710689299,          0,          0, 0xFFFF8D0E940BC6A0, 0x80003088,     50, "\REGISTRY\MACHINE\SYSTEM\ControlSet001\Enum\HID\VID_0B05&PID_19B6&MI_00&Col07\7&3a8dc514&0&0006"
      Object, CloseHandle,            0,          2,          0,          0,         33,          0, 0x0000000000000000, 0x00002A80, 0x00003A28,                   18,             ,                     ,   {00000000-0000-0000-0000-000000000000},                                         ,   134313424710689702,          0,          0, 0xFFFF8D0E940BC9D0, 0x80003088,     50, "\REGISTRY\MACHINE\SYSTEM\ControlSet001\Enum\HID\VID_0B05&PID_19B6&MI_00&Col07\7&3a8dc514&0&0006"
      Object, CloseHandle,            0,          2,          0,          0,         33,          0, 0x0000000000000000, 0x00002A80, 0x00003A28,                   18,             ,                     ,   {00000000-0000-0000-0000-000000000000},                                         ,   134313424710690121,          0,          0, 0xFFFF8D0E940BB8D0, 0x80003088,     50, "\REGISTRY\MACHINE\SYSTEM\ControlSet001\Enum\HID\VID_0B05&PID_19B6&MI_00&Col07\7&3a8dc514&0&0006"
      Object, CloseHandle,            0,          2,          0,          0,         33,          0, 0x0000000000000000, 0x00002A80, 0x00003A28,                    6,             ,                     ,   {00000000-0000-0000-0000-000000000000},                                         ,   134313424710790617,          0,          0, 0xFFFF8D0E8EE6B3A0, 0x80002360,     50, "\REGISTRY\MACHINE\SYSTEM\ControlSet001\Enum\HID\VID_0B05&PID_19B6&MI_00&Col03\7&3a8dc514&0&0002"
      Object, CloseHandle,            0,          2,          0,          0,         33,          0, 0x0000000000000000, 0x00002A80, 0x00003A28,                    2,             ,                     ,   {00000000-0000-0000-0000-000000000000},                                         ,   134313424710791860,          0,          0, 0xFFFF8D0E90729E20, 0x80004624,     50, "\REGISTRY\MACHINE\SYSTEM\ControlSet001\Enum\HID\VID_0B05&PID_19B6&MI_00&Col03\7&3a8dc514&0&0002"
      Object, CloseHandle,            0,          2,          0,          0,         33,          0, 0x0000000000000000, 0x00002A80, 0x00003A28,                    2,             ,                     ,   {00000000-0000-0000-0000-000000000000},                                         ,   134313424710792518,          0,          0, 0xFFFF8D0E9072C8A0, 0x80004624,     50, "\REGISTRY\MACHINE\SYSTEM\ControlSet001\Enum\HID\VID_0B05&PID_19B6&MI_00&Col03\7&3a8dc514&0&0002"
      Object, CloseHandle,            0,          2,          0,          0,         33,          0, 0x0000000000000000, 0x00002A80, 0x00003A28,                   18,             ,                     ,   {00000000-0000-0000-0000-000000000000},                                         ,   134313424710803790,          0,          0, 0xFFFF8D0E940BFEF0, 0x80004624,     50, "\REGISTRY\MACHINE\SYSTEM\ControlSet001\Enum\HID\VID_0B05&PID_19B6&MI_00&Col08\7&3a8dc514&0&0007"
      Object, CloseHandle,            0,          2,          0,          0,         33,          0, 0x0000000000000000, 0x00002A80, 0x00003A28,                    6,             ,                     ,   {00000000-0000-0000-0000-000000000000},                                         ,   134313424710804472,          0,          0, 0xFFFF8D0E940C2310, 0x80004624,     50, "\REGISTRY\MACHINE\SYSTEM\ControlSet001\Enum\HID\VID_0B05&PID_19B6&MI_00&Col08\7&3a8dc514&0&0007"
      Object, CloseHandle,            0,          2,          0,          0,         33,          0, 0x0000000000000000, 0x00002A80, 0x00003A28,                    6,             ,                     ,   {00000000-0000-0000-0000-000000000000},                                         ,   134313424710805439,          0,          0, 0xFFFF8D0E8EE691A0, 0x80004624,     50, "\REGISTRY\MACHINE\SYSTEM\ControlSet001\Enum\HID\VID_0B05&PID_19B6&MI_00&Col08\7&3a8dc514&0&0007"
      Object, CloseHandle,            0,          2,          0,          0,         33,          0, 0x0000000000000000, 0x00002A80, 0x00003A28,                    2,             ,                     ,   {00000000-0000-0000-0000-000000000000},                                         ,   134313424710829192,          0,          0, 0xFFFF8D0E9072B7A0, 0x80004624,     50, "\REGISTRY\MACHINE\SYSTEM\ControlSet001\Enum\USB\VID_0B05&PID_19B6\5&230b0289&0&4"
      Object, CloseHandle,            0,          2,          0,          0,         33,          0, 0x0000000000000000, 0x00002A80, 0x00003A28,                    2,             ,                     ,   {00000000-0000-0000-0000-000000000000},                                         ,   134313424710829638,          0,          0, 0xFFFF8D0E9072C350, 0x80004624,     50, "\REGISTRY\MACHINE\SYSTEM\ControlSet001\Enum\USB\VID_0B05&PID_19B6\5&230b0289&0&4"
      Object, CloseHandle,            0,          2,          0,          0,         33,          0, 0x0000000000000000, 0x00002A80, 0x00003A28,                    2,             ,                     ,   {00000000-0000-0000-0000-000000000000},                                         ,   134313424710830080,          0,          0, 0xFFFF8D0E9072BCF0, 0x80004624,     50, "\REGISTRY\MACHINE\SYSTEM\ControlSet001\Enum\USB\VID_0B05&PID_19B6\5&230b0289&0&4"
      Object, CloseHandle,            0,          2,          0,          0,         33,          0, 0x0000000000000000, 0x00002A80, 0x00003A28,                    2,             ,                     ,   {00000000-0000-0000-0000-000000000000},                                         ,   134313424710830494,          0,          0, 0xFFFF8D0E9072B250, 0x80004624,     50, "\REGISTRY\MACHINE\SYSTEM\ControlSet001\Enum\USB\VID_0B05&PID_19B6\5&230b0289&0&4"
      Object, CloseHandle,            0,          2,          0,          0,         33,          0, 0x0000000000000000, 0x00002A80, 0x00003A28,                    2,             ,                     ,   {00000000-0000-0000-0000-000000000000},                                         ,   134313424710831082,          0,          0, 0xFFFF8D0E9072A6A0, 0x80004624,     50, "\REGISTRY\MACHINE\SYSTEM\ControlSet001\Enum\USB\VID_0B05&PID_19B6\5&230b0289&0&4"
      Object, CloseHandle,            0,          2,          0,          0,         33,          0, 0x0000000000000000, 0x00002A80, 0x00003A28,                    2,             ,                     ,   {00000000-0000-0000-0000-000000000000},                                         ,   134313424710840453,          0,          0, 0xFFFF8D0E9072D230, 0x80004624,     50, "\REGISTRY\MACHINE\SYSTEM\ControlSet001\Enum\USB\VID_0B05&PID_19B6&MI_00\6&2b745301&1&0000"
      Object, CloseHandle,            0,          2,          0,          0,         33,          0, 0x0000000000000000, 0x00002A80, 0x00003A28,                    2,             ,                     ,   {00000000-0000-0000-0000-000000000000},                                         ,   134313424710840994,          0,          0, 0xFFFF8D0E9072FDC0, 0x80004624,     50, "\REGISTRY\MACHINE\SYSTEM\ControlSet001\Enum\USB\VID_0B05&PID_19B6&MI_00\6&2b745301&1&0000"
      Object, CloseHandle,            0,          2,          0,          0,         33,          0, 0x0000000000000000, 0x00002A80, 0x00003A28,                    2,             ,                     ,   {00000000-0000-0000-0000-000000000000},                                         ,   134313424710841928,          0,          0, 0xFFFF8D0E90730970, 0x80004624,     50, "\REGISTRY\MACHINE\SYSTEM\ControlSet001\Enum\USB\VID_0B05&PID_19B6&MI_00\6&2b745301&1&0000"
      Object, CloseHandle,            0,          2,          0,          0,         33,          0, 0x0000000000000000, 0x00002A80, 0x00003A28,                    6,             ,                     ,   {00000000-0000-0000-0000-000000000000},                                         ,   134313424710842933,          0,          0, 0xFFFF8D0E9072FED0, 0x80004624,     50, "\REGISTRY\MACHINE\SYSTEM\ControlSet001\Enum\USB\VID_0B05&PID_19B6&MI_00\6&2b745301&1&0000"
      Object, CloseHandle,            0,          2,          0,          0,         33,          0, 0x0000000000000000, 0x00002A80, 0x00003A28,                    6,             ,                     ,   {00000000-0000-0000-0000-000000000000},                                         ,   134313424710843865,          0,          0, 0xFFFF8D0E8EE6C9F0, 0x80004624,     50, "\REGISTRY\MACHINE\SYSTEM\ControlSet001\Enum\USB\VID_0B05&PID_19B6&MI_00\6&2b745301&1&0000"
      Object, CloseHandle,            0,          2,          0,          0,         33,          0, 0x0000000000000000, 0x00002A80, 0x00003A28,                    6,             ,                     ,   {00000000-0000-0000-0000-000000000000},                                         ,   134313424710872046,          0,          0, 0xFFFF8D0E8EE762F0, 0x80004624,     50, "\REGISTRY\MACHINE\SYSTEM\ControlSet001\Enum\HID\VID_0B05&PID_19B6&MI_01\7&2a65691c&0&0000"
      Object, CloseHandle,            0,          2,          0,          0,         33,          0, 0x0000000000000000, 0x00002A80, 0x00003A28,                    6,             ,                     ,   {00000000-0000-0000-0000-000000000000},                                         ,   134313424710872475,          0,          0, 0xFFFF8D0E8EE78B50, 0x80004624,     50, "\REGISTRY\MACHINE\SYSTEM\ControlSet001\Enum\HID\VID_0B05&PID_19B6&MI_01\7&2a65691c&0&0000"
      Object, CloseHandle,            0,          2,          0,          0,         33,          0, 0x0000000000000000, 0x00002A80, 0x00003A28,                    6,             ,                     ,   {00000000-0000-0000-0000-000000000000},                                         ,   134313424710872909,          0,          0, 0xFFFF8D0E8EE77C70, 0x80004624,     50, "\REGISTRY\MACHINE\SYSTEM\ControlSet001\Enum\HID\VID_0B05&PID_19B6&MI_01\7&2a65691c&0&0000"
      Object, CloseHandle,            0,          2,          0,          0,         33,          0, 0x0000000000000000, 0x00002A80, 0x00003A28,                    6,             ,                     ,   {00000000-0000-0000-0000-000000000000},                                         ,   134313424710875576,          0,          0, 0xFFFF8D0E8EE7CC20, 0x80004624,     50, "\REGISTRY\MACHINE\SYSTEM\ControlSet001\Enum\HID\VID_0B05&PID_19B6&MI_00&Col04\7&3a8dc514&0&0003"
      Object, CloseHandle,            0,          2,          0,          0,         33,          0, 0x0000000000000000, 0x00002A80, 0x00003A28,                    6,             ,                     ,   {00000000-0000-0000-0000-000000000000},                                         ,   134313424710876051,          0,          0, 0xFFFF8D0E8EE79C50, 0x80004624,     50, "\REGISTRY\MACHINE\SYSTEM\ControlSet001\Enum\HID\VID_0B05&PID_19B6&MI_00&Col04\7&3a8dc514&0&0003"
      Object, CloseHandle,            0,          2,          0,          0,         33,          0, 0x0000000000000000, 0x00002A80, 0x00003A28,                    6,             ,                     ,   {00000000-0000-0000-0000-000000000000},                                         ,   134313424710876492,          0,          0, 0xFFFF8D0E8EE7AE60, 0x80004624,     50, "\REGISTRY\MACHINE\SYSTEM\ControlSet001\Enum\HID\VID_0B05&PID_19B6&MI_00&Col04\7&3a8dc514&0&0003"
      Object, CloseHandle,            0,          2,          0,          0,         33,          0, 0x0000000000000000, 0x00002A80, 0x00003A28,                    6,             ,                     ,   {00000000-0000-0000-0000-000000000000},                                         ,   134313424710879147,          0,          0, 0xFFFF8D0E8EE794E0, 0x80004624,     50, "\REGISTRY\MACHINE\SYSTEM\ControlSet001\Enum\HID\VID_0B05&PID_19B6&MI_00&Col09\7&3a8dc514&0&0008"
      Object, CloseHandle,            0,          2,          0,          0,         33,          0, 0x0000000000000000, 0x00002A80, 0x00003A28,                    2,             ,                     ,   {00000000-0000-0000-0000-000000000000},                                         ,   134313424710880603,          0,          0, 0xFFFF8D0E8EE7CB10, 0x80004624,     50, "\REGISTRY\MACHINE\SYSTEM\ControlSet001\Enum\HID\VID_0B05&PID_19B6&MI_00&Col09\7&3a8dc514&0&0008"
      Object, CloseHandle,            0,          2,          0,          0,         33,          0, 0x0000000000000000, 0x00002A80, 0x00003A28,                    2,             ,                     ,   {00000000-0000-0000-0000-000000000000},                                         ,   134313424710881662,          0,          0, 0xFFFF8D0E9072E770, 0x80004624,     50, "\REGISTRY\MACHINE\SYSTEM\ControlSet001\Enum\HID\VID_0B05&PID_19B6&MI_00&Col09\7&3a8dc514&0&0008"
      Object, CloseHandle,            0,          2,          0,          0,         33,          0, 0x0000000000000000, 0x00002A80, 0x00003A28,                    2,             ,                     ,   {00000000-0000-0000-0000-000000000000},                                         ,   134313424710882149,          0,          0, 0xFFFF8D0E9072D670, 0x80004624,     50, "\REGISTRY\MACHINE\SYSTEM\ControlSet001\Enum\HID\VID_0B05&PID_19B6&MI_00&Col09\7&3a8dc514&0&0008"
      Object, CloseHandle,            0,          2,          0,          0,         33,          0, 0x0000000000000000, 0x00002A80, 0x00003A28,                    2,             ,                     ,   {00000000-0000-0000-0000-000000000000},                                         ,   134313424710882610,          0,          0, 0xFFFF8D0E9072F100, 0x80004624,     50, "\REGISTRY\MACHINE\SYSTEM\ControlSet001\Enum\HID\VID_0B05&PID_19B6&MI_00&Col09\7&3a8dc514&0&0008"
      Object, CloseHandle,            0,          2,          0,          0,         33,          0, 0x0000000000000000, 0x00002A80, 0x00003A28,                   14,             ,                     ,   {00000000-0000-0000-0000-000000000000},                                         ,   134313424710931176,          0,          0, 0xFFFF8D0E93B4C3C0, 0x80003088,     50, "\REGISTRY\MACHINE\SYSTEM\ControlSet001\Enum\USB\VID_0B05&PID_19B6&MI_01\6&2b745301&1&0001"
      Object, CloseHandle,            0,          2,          0,          0,         33,          0, 0x0000000000000000, 0x00002A80, 0x00003A28,                   14,             ,                     ,   {00000000-0000-0000-0000-000000000000},                                         ,   134313424710931606,          0,          0, 0xFFFF8D0E93B4D900, 0x80003088,     50, "\REGISTRY\MACHINE\SYSTEM\ControlSet001\Enum\USB\VID_0B05&PID_19B6&MI_01\6&2b745301&1&0001"
      Object, CloseHandle,            0,          2,          0,          0,         33,          0, 0x0000000000000000, 0x00002A80, 0x00003A28,                   14,             ,                     ,   {00000000-0000-0000-0000-000000000000},                                         ,   134313424710932037,          0,          0, 0xFFFF8D0E93B4E6D0, 0x80003088,     50, "\REGISTRY\MACHINE\SYSTEM\ControlSet001\Enum\USB\VID_0B05&PID_19B6&MI_01\6&2b745301&1&0001"
      Object, CloseHandle,            0,          2,          0,          0,         33,          0, 0x0000000000000000, 0x00002A80, 0x00003A28,                   14,             ,                     ,   {00000000-0000-0000-0000-000000000000},                                         ,   134313424710932427,          0,          0, 0xFFFF8D0E93B4B810, 0x80003088,     50, "\REGISTRY\MACHINE\SYSTEM\ControlSet001\Enum\USB\VID_0B05&PID_19B6&MI_01\6&2b745301&1&0001"
      Object, CloseHandle,            0,          2,          0,          0,         33,          0, 0x0000000000000000, 0x00002A80, 0x00003A28,                   14,             ,                     ,   {00000000-0000-0000-0000-000000000000},                                         ,   134313424710932839,          0,          0, 0xFFFF8D0E93B4D6E0, 0x80003088,     50, "\REGISTRY\MACHINE\SYSTEM\ControlSet001\Enum\USB\VID_0B05&PID_19B6&MI_01\6&2b745301&1&0001"
      Object, CloseHandle,            0,          2,          0,          0,         33,          0, 0x0000000000000000, 0x00000E78, 0x00005D3C,                    1,             ,                     ,   {00000000-0000-0000-0000-000000000000},                                         ,   134313424889648973,          0,          0, 0xFFFF8D0EA677EC50, 0x80001950,     50, "\REGISTRY\MACHINE\SYSTEM\ControlSet001\Enum\HID\VID_0B05&PID_19B6&MI_00&Col05\7&3a8dc514&0&0004"
      Object, CloseHandle,            0,          2,          0,          0,         33,          0, 0x0000000000000000, 0x00000E78, 0x00005D3C,                    1,             ,                     ,   {00000000-0000-0000-0000-000000000000},                                         ,   134313424889649160,          0,          0, 0xFFFF8D0EA677F910, 0x80001950,     50, "\REGISTRY\MACHINE\SYSTEM\ControlSet001\Enum\HID\VID_0B05&PID_19B6&MI_00&Col05\7&3a8dc514&0&0004"
      Object, CloseHandle,            0,          2,          0,          0,         33,          0, 0x0000000000000000, 0x00000E78, 0x00005D3C,                    1,             ,                     ,   {00000000-0000-0000-0000-000000000000},                                         ,   134313424889652784,          0,          0, 0xFFFF8D0EA677E3D0, 0x80001950,     50, "\REGISTRY\MACHINE\SYSTEM\ControlSet001\Enum\HID\VID_0B05&PID_19B6&MI_00&Col05\7&3a8dc514&0&0004"
      Object, CloseHandle,            0,          2,          0,          0,         33,          0, 0x0000000000000000, 0x00000E78, 0x00005D3C,                    1,             ,                     ,   {00000000-0000-0000-0000-000000000000},                                         ,   134313424889652961,          0,          0, 0xFFFF8D0EA67802A0, 0x80001950,     50, "\REGISTRY\MACHINE\SYSTEM\ControlSet001\Enum\HID\VID_0B05&PID_19B6&MI_00&Col05\7&3a8dc514&0&0004"
      Object, CloseHandle,            0,          2,          0,          0,         33,          0, 0x0000000000000000, 0x00000E78, 0x00005D3C,                    1,             ,                     ,   {00000000-0000-0000-0000-000000000000},                                         ,   134313424889653139,          0,          0, 0xFFFF8D0EA67817E0, 0x80001950,     50, "\REGISTRY\MACHINE\SYSTEM\ControlSet001\Enum\HID\VID_0B05&PID_19B6&MI_00&Col05\7&3a8dc514&0&0004"
      Object, CloseHandle,            0,          2,          0,          0,         33,          0, 0x0000000000000000, 0x00000E78, 0x00005D3C,                    1,             ,                     ,   {00000000-0000-0000-0000-000000000000},                                         ,   134313424889653309,          0,          0, 0xFFFF8D0EA677FC40, 0x80001950,     50, "\REGISTRY\MACHINE\SYSTEM\ControlSet001\Enum\HID\VID_0B05&PID_19B6&MI_00&Col05\7&3a8dc514&0&0004"
      Object, CloseHandle,            0,          2,          0,          0,         33,          0, 0x0000000000000000, 0x00000E78, 0x00005D3C,                    1,             ,                     ,   {00000000-0000-0000-0000-000000000000},                                         ,   134313424889653483,          0,          0, 0xFFFF8D0EA677F4D0, 0x80001950,     50, "\REGISTRY\MACHINE\SYSTEM\ControlSet001\Enum\HID\VID_0B05&PID_19B6&MI_00&Col05\7&3a8dc514&0&0004"
SystemConfig,        PnP,            0,          5,          0,          0,         22,          0, 0x0000000000000000, 0x00000E78, 0x00005D3C,                    1,             ,                     ,   {00000000-0000-0000-0000-000000000000},                                         ,   134313424889653610,        195,         90, {745a17a0-74d3-11d0-b6fe-00a0c90f57da},        0,        0, 25174026,        0, "HID\VID_0B05&PID_19B6&MI_00&COL05\7&3A8DC514&0&0004", "HID-compliant consumer control device", "", "\Device\000000b6", "", , 
      Object, CloseHandle,            0,          2,          0,          0,         33,          0, 0x0000000000000000, 0x00000E78, 0x00005D3C,                   10,             ,                     ,   {00000000-0000-0000-0000-000000000000},                                         ,   134313424889980934,          0,          0, 0xFFFF8D0EA6E13A30, 0x80004F94,     50, "\REGISTRY\MACHINE\SYSTEM\ControlSet001\Enum\HID\VID_0B05&PID_19B6&MI_00&Col01\7&3a8dc514&0&0000"
      Object, CloseHandle,            0,          2,          0,          0,         33,          0, 0x0000000000000000, 0x00000E78, 0x00005D3C,                   10,             ,                     ,   {00000000-0000-0000-0000-000000000000},                                         ,   134313424889981138,          0,          0, 0xFFFF8D0EA6E131B0, 0x80004F94,     50, "\REGISTRY\MACHINE\SYSTEM\ControlSet001\Enum\HID\VID_0B05&PID_19B6&MI_00&Col01\7&3a8dc514&0&0000"
      Object, CloseHandle,            0,          2,          0,          0,         33,          0, 0x0000000000000000, 0x00000E78, 0x00005D3C,                   10,             ,                     ,   {00000000-0000-0000-0000-000000000000},                                         ,   134313424889985393,          0,          0, 0xFFFF8D0EA6E141A0, 0x80004F94,     50, "\REGISTRY\MACHINE\SYSTEM\ControlSet001\Enum\HID\VID_0B05&PID_19B6&MI_00&Col01\7&3a8dc514&0&0000"
      Object, CloseHandle,            0,          2,          0,          0,         33,          0, 0x0000000000000000, 0x00000E78, 0x00005D3C,                   10,             ,                     ,   {00000000-0000-0000-0000-000000000000},                                         ,   134313424889985591,          0,          0, 0xFFFF8D0EA6E16B10, 0x80004F94,     50, "\REGISTRY\MACHINE\SYSTEM\ControlSet001\Enum\HID\VID_0B05&PID_19B6&MI_00&Col01\7&3a8dc514&0&0000"
      Object, CloseHandle,            0,          2,          0,          0,         33,          0, 0x0000000000000000, 0x00000E78, 0x00005D3C,                   10,             ,                     ,   {00000000-0000-0000-0000-000000000000},                                         ,   134313424889985773,          0,          0, 0xFFFF8D0EA6E19480, 0x80004F94,     50, "\REGISTRY\MACHINE\SYSTEM\ControlSet001\Enum\HID\VID_0B05&PID_19B6&MI_00&Col01\7&3a8dc514&0&0000"
      Object, CloseHandle,            0,          2,          0,          0,         33,          0, 0x0000000000000000, 0x00000E78, 0x00005D3C,                   10,             ,                     ,   {00000000-0000-0000-0000-000000000000},                                         ,   134313424889985953,          0,          0, 0xFFFF8D0EA6E186B0, 0x80004F94,     50, "\REGISTRY\MACHINE\SYSTEM\ControlSet001\Enum\HID\VID_0B05&PID_19B6&MI_00&Col01\7&3a8dc514&0&0000"
      Object, CloseHandle,            0,          2,          0,          0,         33,          0, 0x0000000000000000, 0x00000E78, 0x00005D3C,                   10,             ,                     ,   {00000000-0000-0000-0000-000000000000},                                         ,   134313424889986134,          0,          0, 0xFFFF8D0EA6E1B8A0, 0x80004F94,     50, "\REGISTRY\MACHINE\SYSTEM\ControlSet001\Enum\HID\VID_0B05&PID_19B6&MI_00&Col01\7&3a8dc514&0&0000"
SystemConfig,        PnP,            0,          5,          0,          0,         22,          0, 0x0000000000000000, 0x00000E78, 0x00005D3C,                   10,             ,                     ,   {00000000-0000-0000-0000-000000000000},                                         ,   134313424889986263,        225,         90, {745a17a0-74d3-11d0-b6fe-00a0c90f57da},        0,        0, 25174026,        0, "HID\VID_0B05&PID_19B6&MI_00&COL01\7&3A8DC514&0&0000", "HID-compliant vendor-defined device", "", "\Device\000000b2", "", , 
      Object, CloseHandle,            0,          2,          0,          0,         33,          0, 0x0000000000000000, 0x00000E78, 0x00005D3C,                    5,             ,                     ,   {00000000-0000-0000-0000-000000000000},                                         ,   134313424890010610,          0,          0, 0xFFFF8D0E9475AE40, 0x8000320C,     50, "\REGISTRY\MACHINE\SYSTEM\ControlSet001\Enum\HID\VID_0B05&PID_19B6&MI_00&Col06\7&3a8dc514&0&0005"
      Object, CloseHandle,            0,          2,          0,          0,         33,          0, 0x0000000000000000, 0x00000E78, 0x00005D3C,                    5,             ,                     ,   {00000000-0000-0000-0000-000000000000},                                         ,   134313424890011225,          0,          0, 0xFFFF8D0E94757A30, 0x8000320C,     50, "\REGISTRY\MACHINE\SYSTEM\ControlSet001\Enum\HID\VID_0B05&PID_19B6&MI_00&Col06\7&3a8dc514&0&0005"
      Object, CloseHandle,            0,          2,          0,          0,         33,          0, 0x0000000000000000, 0x00000E78, 0x00005D3C,                    0,             ,                     ,   {00000000-0000-0000-0000-000000000000},                                         ,   134313424890024834,          0,          0, 0xFFFF8D0EA939EC90, 0x80006948,     50, "\REGISTRY\MACHINE\SYSTEM\ControlSet001\Enum\HID\VID_0B05&PID_19B6&MI_00&Col06\7&3a8dc514&0&0005"
      Object, CloseHandle,            0,          2,          0,          0,         33,          0, 0x0000000000000000, 0x00000E78, 0x00005D3C,                    0,             ,                     ,   {00000000-0000-0000-0000-000000000000},                                         ,   134313424890025129,          0,          0, 0xFFFF8D0EA939F400, 0x80006948,     50, "\REGISTRY\MACHINE\SYSTEM\ControlSet001\Enum\HID\VID_0B05&PID_19B6&MI_00&Col06\7&3a8dc514&0&0005"
      Object, CloseHandle,            0,          2,          0,          0,         33,          0, 0x0000000000000000, 0x00000E78, 0x00005D3C,                    0,             ,                     ,   {00000000-0000-0000-0000-000000000000},                                         ,   134313424890025378,          0,          0, 0xFFFF8D0EA93A11C0, 0x80006948,     50, "\REGISTRY\MACHINE\SYSTEM\ControlSet001\Enum\HID\VID_0B05&PID_19B6&MI_00&Col06\7&3a8dc514&0&0005"
      Object, CloseHandle,            0,          2,          0,          0,         33,          0, 0x0000000000000000, 0x00000E78, 0x00005D3C,                    0,             ,                     ,   {00000000-0000-0000-0000-000000000000},                                         ,   134313424890025602,          0,          0, 0xFFFF8D0EA93A1600, 0x80006948,     50, "\REGISTRY\MACHINE\SYSTEM\ControlSet001\Enum\HID\VID_0B05&PID_19B6&MI_00&Col06\7&3a8dc514&0&0005"
      Object, CloseHandle,            0,          2,          0,          0,         33,          0, 0x0000000000000000, 0x00000E78, 0x00005D3C,                    0,             ,                     ,   {00000000-0000-0000-0000-000000000000},                                         ,   134313424890025832,          0,          0, 0xFFFF8D0EA93A13E0, 0x80006948,     50, "\REGISTRY\MACHINE\SYSTEM\ControlSet001\Enum\HID\VID_0B05&PID_19B6&MI_00&Col06\7&3a8dc514&0&0005"
SystemConfig,        PnP,            0,          5,          0,          0,         22,          0, 0x0000000000000000, 0x00000E78, 0x00005D3C,                    0,             ,                     ,   {00000000-0000-0000-0000-000000000000},                                         ,   134313424890026019,        240,         90, {745a17a0-74d3-11d0-b6fe-00a0c90f57da},        0,        0, 25174026,        0, "HID\VID_0B05&PID_19B6&MI_00&COL06\7&3A8DC514&0&0005", "HID-compliant wireless radio controls", "", "\Device\000000b7", "", , 
      Object, CloseHandle,            0,          2,          0,          0,         33,          0, 0x0000000000000000, 0x00000E78, 0x00005D3C,                    0,             ,                     ,   {00000000-0000-0000-0000-000000000000},                                         ,   134313424890410136,          0,          0, 0xFFFF8D0EA9383B10, 0x8000264C,     50, "\REGISTRY\MACHINE\SYSTEM\ControlSet001\Enum\HID\VID_0B05&PID_19B6&MI_00&Col02\7&3a8dc514&0&0001"
      Object, CloseHandle,            0,          2,          0,          0,         33,          0, 0x0000000000000000, 0x00000E78, 0x00005D3C,                    0,             ,                     ,   {00000000-0000-0000-0000-000000000000},                                         ,   134313424890410335,          0,          0, 0xFFFF8D0EA9383C20, 0x8000264C,     50, "\REGISTRY\MACHINE\SYSTEM\ControlSet001\Enum\HID\VID_0B05&PID_19B6&MI_00&Col02\7&3a8dc514&0&0001"
      Object, CloseHandle,            0,          2,          0,          0,         33,          0, 0x0000000000000000, 0x00000E78, 0x00005D3C,                    0,             ,                     ,   {00000000-0000-0000-0000-000000000000},                                         ,   134313424890414664,          0,          0, 0xFFFF8D0EA9381800, 0x8000264C,     50, "\REGISTRY\MACHINE\SYSTEM\ControlSet001\Enum\HID\VID_0B05&PID_19B6&MI_00&Col02\7&3a8dc514&0&0001"
      Object, CloseHandle,            0,          2,          0,          0,         33,          0, 0x0000000000000000, 0x00000E78, 0x00005D3C,                    0,             ,                     ,   {00000000-0000-0000-0000-000000000000},                                         ,   134313424890414876,          0,          0, 0xFFFF8D0EA9380B40, 0x8000264C,     50, "\REGISTRY\MACHINE\SYSTEM\ControlSet001\Enum\HID\VID_0B05&PID_19B6&MI_00&Col02\7&3a8dc514&0&0001"
      Object, CloseHandle,            0,          2,          0,          0,         33,          0, 0x0000000000000000, 0x00000E78, 0x00005D3C,                    0,             ,                     ,   {00000000-0000-0000-0000-000000000000},                                         ,   134313424890415098,          0,          0, 0xFFFF8D0EA9382080, 0x8000264C,     50, "\REGISTRY\MACHINE\SYSTEM\ControlSet001\Enum\HID\VID_0B05&PID_19B6&MI_00&Col02\7&3a8dc514&0&0001"
      Object, CloseHandle,            0,          2,          0,          0,         33,          0, 0x0000000000000000, 0x00000E78, 0x00005D3C,                    0,             ,                     ,   {00000000-0000-0000-0000-000000000000},                                         ,   134313424890415310,          0,          0, 0xFFFF8D0EA93833A0, 0x8000264C,     50, "\REGISTRY\MACHINE\SYSTEM\ControlSet001\Enum\HID\VID_0B05&PID_19B6&MI_00&Col02\7&3a8dc514&0&0001"
      Object, CloseHandle,            0,          2,          0,          0,         33,          0, 0x0000000000000000, 0x00000E78, 0x00005D3C,                    0,             ,                     ,   {00000000-0000-0000-0000-000000000000},                                         ,   134313424890415547,          0,          0, 0xFFFF8D0EA93823B0, 0x8000264C,     50, "\REGISTRY\MACHINE\SYSTEM\ControlSet001\Enum\HID\VID_0B05&PID_19B6&MI_00&Col02\7&3a8dc514&0&0001"
SystemConfig,        PnP,            0,          5,          0,          0,         22,          0, 0x0000000000000000, 0x00000E78, 0x00005D3C,                    0,             ,                     ,   {00000000-0000-0000-0000-000000000000},                                         ,   134313424890415693,        270,         90, {4d36e96b-e325-11ce-bfc1-08002be10318},        0,        0, 25165834,        0, "HID\VID_0B05&PID_19B6&MI_00&COL02\7&3A8DC514&0&0001", "HID Keyboard Device", "", "\Device\000000b3", "kbdhid", , 
      Object, CloseHandle,            0,          2,          0,          0,         33,          0, 0x0000000000000000, 0x00000E78, 0x00005D3C,                   13,             ,                     ,   {00000000-0000-0000-0000-000000000000},                                         ,   134313424890430540,          0,          0, 0xFFFF8D0E8D9E00C0, 0x80007758,     50, "\REGISTRY\MACHINE\SYSTEM\ControlSet001\Enum\HID\VID_0B05&PID_19B6&MI_00&Col07\7&3a8dc514&0&0006"
      Object, CloseHandle,            0,          2,          0,          0,         33,          0, 0x0000000000000000, 0x00000E78, 0x00005D3C,                   13,             ,                     ,   {00000000-0000-0000-0000-000000000000},                                         ,   134313424890430763,          0,          0, 0xFFFF8D0E8D9DF730, 0x80007758,     50, "\REGISTRY\MACHINE\SYSTEM\ControlSet001\Enum\HID\VID_0B05&PID_19B6&MI_00&Col07\7&3a8dc514&0&0006"
      Object, CloseHandle,            0,          2,          0,          0,         33,          0, 0x0000000000000000, 0x00000E78, 0x00005D3C,                   13,             ,                     ,   {00000000-0000-0000-0000-000000000000},                                         ,   134313424890435116,          0,          0, 0xFFFF8D0E8D9DFC80, 0x80007758,     50, "\REGISTRY\MACHINE\SYSTEM\ControlSet001\Enum\HID\VID_0B05&PID_19B6&MI_00&Col07\7&3a8dc514&0&0006"
      Object, CloseHandle,            0,          2,          0,          0,         33,          0, 0x0000000000000000, 0x00000E78, 0x00005D3C,                   13,             ,                     ,   {00000000-0000-0000-0000-000000000000},                                         ,   134313424890435341,          0,          0, 0xFFFF8D0E8D9E1A40, 0x80007758,     50, "\REGISTRY\MACHINE\SYSTEM\ControlSet001\Enum\HID\VID_0B05&PID_19B6&MI_00&Col07\7&3a8dc514&0&0006"
      Object, CloseHandle,            0,          2,          0,          0,         33,          0, 0x0000000000000000, 0x00000E78, 0x00005D3C,                   13,             ,                     ,   {00000000-0000-0000-0000-000000000000},                                         ,   134313424890435561,          0,          0, 0xFFFF8D0E8D9E0C70, 0x80007758,     50, "\REGISTRY\MACHINE\SYSTEM\ControlSet001\Enum\HID\VID_0B05&PID_19B6&MI_00&Col07\7&3a8dc514&0&0006"
      Object, CloseHandle,            0,          2,          0,          0,         33,          0, 0x0000000000000000, 0x00000E78, 0x00005D3C,                   13,             ,                     ,   {00000000-0000-0000-0000-000000000000},                                         ,   134313424890435778,          0,          0, 0xFFFF8D0E8D9E0830, 0x80007758,     50, "\REGISTRY\MACHINE\SYSTEM\ControlSet001\Enum\HID\VID_0B05&PID_19B6&MI_00&Col07\7&3a8dc514&0&0006"
      Object, CloseHandle,            0,          2,          0,          0,         33,          0, 0x0000000000000000, 0x00000E78, 0x00005D3C,                   13,             ,                     ,   {00000000-0000-0000-0000-000000000000},                                         ,   134313424890435991,          0,          0, 0xFFFF8D0E8D9E3A20, 0x80007758,     50, "\REGISTRY\MACHINE\SYSTEM\ControlSet001\Enum\HID\VID_0B05&PID_19B6&MI_00&Col07\7&3a8dc514&0&0006"
SystemConfig,        PnP,            0,          5,          0,          0,         22,          0, 0x0000000000000000, 0x00000E78, 0x00005D3C,                   13,             ,                     ,   {00000000-0000-0000-0000-000000000000},                                         ,   134313424890436149,        270,         90, {4d36e96f-e325-11ce-bfc1-08002be10318},        0,        0, 25174026,        0, "HID\VID_0B05&PID_19B6&MI_00&COL07\7&3A8DC514&0&0006", "HID-compliant mouse", "", "\Device\000000b8", "mouhid", , 
      Object, CloseHandle,            0,          2,          0,          0,         33,          0, 0x0000000000000000, 0x00000E78, 0x00005D3C,                    0,             ,                     ,   {00000000-0000-0000-0000-000000000000},                                         ,   134313424890740091,          0,          0, 0xFFFF8D0EA938DB80, 0x80005118,     50, "\REGISTRY\MACHINE\SYSTEM\ControlSet001\Enum\HID\VID_0B05&PID_19B6&MI_00&Col03\7&3a8dc514&0&0002"
      Object, CloseHandle,            0,          2,          0,          0,         33,          0, 0x0000000000000000, 0x00000E78, 0x00005D3C,                    0,             ,                     ,   {00000000-0000-0000-0000-000000000000},                                         ,   134313424890740260,          0,          0, 0xFFFF8D0EA938EC80, 0x80005118,     50, "\REGISTRY\MACHINE\SYSTEM\ControlSet001\Enum\HID\VID_0B05&PID_19B6&MI_00&Col03\7&3a8dc514&0&0002"
      Object, CloseHandle,            0,          2,          0,          0,         33,          0, 0x0000000000000000, 0x00000E78, 0x00005D3C,                    0,             ,                     ,   {00000000-0000-0000-0000-000000000000},                                         ,   134313424890743812,          0,          0, 0xFFFF8D0EA938FB60, 0x80005118,     50, "\REGISTRY\MACHINE\SYSTEM\ControlSet001\Enum\HID\VID_0B05&PID_19B6&MI_00&Col03\7&3a8dc514&0&0002"
      Object, CloseHandle,            0,          2,          0,          0,         33,          0, 0x0000000000000000, 0x00000E78, 0x00005D3C,                    0,             ,                     ,   {00000000-0000-0000-0000-000000000000},                                         ,   134313424890743984,          0,          0, 0xFFFF8D0EA938F500, 0x80005118,     50, "\REGISTRY\MACHINE\SYSTEM\ControlSet001\Enum\HID\VID_0B05&PID_19B6&MI_00&Col03\7&3a8dc514&0&0002"
      Object, CloseHandle,            0,          2,          0,          0,         33,          0, 0x0000000000000000, 0x00000E78, 0x00005D3C,                    0,             ,                     ,   {00000000-0000-0000-0000-000000000000},                                         ,   134313424890744446,          0,          0, 0xFFFF8D0EA938FD80, 0x80005118,     50, "\REGISTRY\MACHINE\SYSTEM\ControlSet001\Enum\HID\VID_0B05&PID_19B6&MI_00&Col03\7&3a8dc514&0&0002"
      Object, CloseHandle,            0,          2,          0,          0,         33,          0, 0x0000000000000000, 0x00000E78, 0x00005D3C,                    0,             ,                     ,   {00000000-0000-0000-0000-000000000000},                                         ,   134313424890744612,          0,          0, 0xFFFF8D0EA9390820, 0x80005118,     50, "\REGISTRY\MACHINE\SYSTEM\ControlSet001\Enum\HID\VID_0B05&PID_19B6&MI_00&Col03\7&3a8dc514&0&0002"
      Object, CloseHandle,            0,          2,          0,          0,         33,          0, 0x0000000000000000, 0x00000E78, 0x00005D3C,                    0,             ,                     ,   {00000000-0000-0000-0000-000000000000},                                         ,   134313424890744782,          0,          0, 0xFFFF8D0EA938EEA0, 0x80005118,     50, "\REGISTRY\MACHINE\SYSTEM\ControlSet001\Enum\HID\VID_0B05&PID_19B6&MI_00&Col03\7&3a8dc514&0&0002"
SystemConfig,        PnP,            0,          5,          0,          0,         22,          0, 0x0000000000000000, 0x00000E78, 0x00005D3C,                    0,             ,                     ,   {00000000-0000-0000-0000-000000000000},                                         ,   134313424890744902,        300,         90, {745a17a0-74d3-11d0-b6fe-00a0c90f57da},        0,        0, 25174026,        0, "HID\VID_0B05&PID_19B6&MI_00&COL03\7&3A8DC514&0&0002", "HID-compliant vendor-defined device", "", "\Device\000000b4", "", , 
      Object, CloseHandle,            0,          2,          0,          0,         33,          0, 0x0000000000000000, 0x00000E78, 0x00005D3C,                    0,             ,                     ,   {00000000-0000-0000-0000-000000000000},                                         ,   134313424890772876,          0,          0, 0xFFFF8D0EA93914E0, 0x80005118,     50, "\REGISTRY\MACHINE\SYSTEM\ControlSet001\Enum\HID\VID_0B05&PID_19B6&MI_00&Col08\7&3a8dc514&0&0007"
      Object, CloseHandle,            0,          2,          0,          0,         33,          0, 0x0000000000000000, 0x00000E78, 0x00005D3C,                    0,             ,                     ,   {00000000-0000-0000-0000-000000000000},                                         ,   134313424890773110,          0,          0, 0xFFFF8D0EA9394180, 0x80005118,     50, "\REGISTRY\MACHINE\SYSTEM\ControlSet001\Enum\HID\VID_0B05&PID_19B6&MI_00&Col08\7&3a8dc514&0&0007"
      Object, CloseHandle,            0,          2,          0,          0,         33,          0, 0x0000000000000000, 0x00000E78, 0x00005D3C,                    0,             ,                     ,   {00000000-0000-0000-0000-000000000000},                                         ,   134313424890777987,          0,          0, 0xFFFF8D0EA93915F0, 0x80005118,     50, "\REGISTRY\MACHINE\SYSTEM\ControlSet001\Enum\HID\VID_0B05&PID_19B6&MI_00&Col08\7&3a8dc514&0&0007"
      Object, CloseHandle,            0,          2,          0,          0,         33,          0, 0x0000000000000000, 0x00000E78, 0x00005D3C,                    0,             ,                     ,   {00000000-0000-0000-0000-000000000000},                                         ,   134313424890778208,          0,          0, 0xFFFF8D0EA9393A10, 0x80005118,     50, "\REGISTRY\MACHINE\SYSTEM\ControlSet001\Enum\HID\VID_0B05&PID_19B6&MI_00&Col08\7&3a8dc514&0&0007"
      Object, CloseHandle,            0,          2,          0,          0,         33,          0, 0x0000000000000000, 0x00000E78, 0x00005D3C,                    0,             ,                     ,   {00000000-0000-0000-0000-000000000000},                                         ,   134313424890778461,          0,          0, 0xFFFF8D0EA9394E40, 0x80005118,     50, "\REGISTRY\MACHINE\SYSTEM\ControlSet001\Enum\HID\VID_0B05&PID_19B6&MI_00&Col08\7&3a8dc514&0&0007"
      Object, CloseHandle,            0,          2,          0,          0,         33,          0, 0x0000000000000000, 0x00000E78, 0x00005D3C,                    0,             ,                     ,   {00000000-0000-0000-0000-000000000000},                                         ,   134313424890778680,          0,          0, 0xFFFF8D0EA9395170, 0x80005118,     50, "\REGISTRY\MACHINE\SYSTEM\ControlSet001\Enum\HID\VID_0B05&PID_19B6&MI_00&Col08\7&3a8dc514&0&0007"
      Object, CloseHandle,            0,          2,          0,          0,         33,          0, 0x0000000000000000, 0x00000E78, 0x00005D3C,                    0,             ,                     ,   {00000000-0000-0000-0000-000000000000},                                         ,   134313424890778924,          0,          0, 0xFFFF8D0EA93921A0, 0x80005118,     50, "\REGISTRY\MACHINE\SYSTEM\ControlSet001\Enum\HID\VID_0B05&PID_19B6&MI_00&Col08\7&3a8dc514&0&0007"
SystemConfig,        PnP,            0,          5,          0,          0,         22,          0, 0x0000000000000000, 0x00000E78, 0x00005D3C,                    0,             ,                     ,   {00000000-0000-0000-0000-000000000000},                                         ,   134313424890779100,        300,         90, {745a17a0-74d3-11d0-b6fe-00a0c90f57da},        0,        0, 25174026,        0, "HID\VID_0B05&PID_19B6&MI_00&COL08\7&3A8DC514&0&0007", "HID-compliant system controller", "", "\Device\000000b9", "", , 
      Object, CloseHandle,            0,          2,          0,          0,         33,          0, 0x0000000000000000, 0x00000E78, 0x00005D3C,                    0,             ,                     ,   {00000000-0000-0000-0000-000000000000},                                         ,   134313424890879075,          0,          0, 0xFFFF8D0EA9396380, 0x80005118,     50, "\REGISTRY\MACHINE\SYSTEM\ControlSet001\Enum\USB\VID_0B05&PID_19B6\5&230b0289&0&4"
      Object, CloseHandle,            0,          2,          0,          0,         33,          0, 0x0000000000000000, 0x00000E78, 0x00005D3C,                    0,             ,                     ,   {00000000-0000-0000-0000-000000000000},                                         ,   134313424890879285,          0,          0, 0xFFFF8D0EA93967C0, 0x80005118,     50, "\REGISTRY\MACHINE\SYSTEM\ControlSet001\Enum\USB\VID_0B05&PID_19B6\5&230b0289&0&4"
      Object, CloseHandle,            0,          2,          0,          0,         33,          0, 0x0000000000000000, 0x00000E78, 0x00005D3C,                    0,             ,                     ,   {00000000-0000-0000-0000-000000000000},                                         ,   134313424890883829,          0,          0, 0xFFFF8D0EA9395F40, 0x80005118,     50, "\REGISTRY\MACHINE\SYSTEM\ControlSet001\Enum\USB\VID_0B05&PID_19B6\5&230b0289&0&4"
      Object, CloseHandle,            0,          2,          0,          0,         33,          0, 0x0000000000000000, 0x00000E78, 0x00005D3C,                    0,             ,                     ,   {00000000-0000-0000-0000-000000000000},                                         ,   134313424890884032,          0,          0, 0xFFFF8D0EA9395C10, 0x80005118,     50, "\REGISTRY\MACHINE\SYSTEM\ControlSet001\Enum\USB\VID_0B05&PID_19B6\5&230b0289&0&4"
      Object, CloseHandle,            0,          2,          0,          0,         33,          0, 0x0000000000000000, 0x00000E78, 0x00005D3C,                    0,             ,                     ,   {00000000-0000-0000-0000-000000000000},                                         ,   134313424890884226,          0,          0, 0xFFFF8D0EA9398F10, 0x80005118,     50, "\REGISTRY\MACHINE\SYSTEM\ControlSet001\Enum\USB\VID_0B05&PID_19B6\5&230b0289&0&4"
      Object, CloseHandle,            0,          2,          0,          0,         33,          0, 0x0000000000000000, 0x00000E78, 0x00005D3C,                    0,             ,                     ,   {00000000-0000-0000-0000-000000000000},                                         ,   134313424890884416,          0,          0, 0xFFFF8D0EA9398BE0, 0x80005118,     50, "\REGISTRY\MACHINE\SYSTEM\ControlSet001\Enum\USB\VID_0B05&PID_19B6\5&230b0289&0&4"
      Object, CloseHandle,            0,          2,          0,          0,         33,          0, 0x0000000000000000, 0x00000E78, 0x00005D3C,                    0,             ,                     ,   {00000000-0000-0000-0000-000000000000},                                         ,   134313424890884616,          0,          0, 0xFFFF8D0EA9396AF0, 0x80005118,     50, "\REGISTRY\MACHINE\SYSTEM\ControlSet001\Enum\USB\VID_0B05&PID_19B6\5&230b0289&0&4"
SystemConfig,        PnP,            0,          5,          0,          0,         22,          0, 0x0000000000000000, 0x00000E78, 0x00005D3C,                    0,             ,                     ,   {00000000-0000-0000-0000-000000000000},                                         ,   134313424890884763,        300,         90, {36fc9e60-c465-11cf-8056-444553540000},        0,        0, 25165834,        0, "USB\VID_0B05&PID_19B6\5&230B0289&0&4", "USB Composite Device", "", "\Device\USBPDO-3", "usbccgp", , 
      Object, CloseHandle,            0,          2,          0,          0,         33,          0, 0x0000000000000000, 0x00000E78, 0x00005D3C,                    0,             ,                     ,   {00000000-0000-0000-0000-000000000000},                                         ,   134313424890909874,          0,          0, 0xFFFF8D0EA939B990, 0x80005118,     50, "\REGISTRY\MACHINE\SYSTEM\ControlSet001\Enum\USB\VID_0B05&PID_19B6&MI_00\6&2b745301&1&0000"
      Object, CloseHandle,            0,          2,          0,          0,         33,          0, 0x0000000000000000, 0x00000E78, 0x00005D3C,                    0,             ,                     ,   {00000000-0000-0000-0000-000000000000},                                         ,   134313424890910066,          0,          0, 0xFFFF8D0EA939BEE0, 0x80005118,     50, "\REGISTRY\MACHINE\SYSTEM\ControlSet001\Enum\USB\VID_0B05&PID_19B6&MI_00\6&2b745301&1&0000"
      Object, CloseHandle,            0,          2,          0,          0,         33,          0, 0x0000000000000000, 0x00000E78, 0x00005D3C,                    0,             ,                     ,   {00000000-0000-0000-0000-000000000000},                                         ,   134313424890913547,          0,          0, 0xFFFF8D0EA939D0F0, 0x80005118,     50, "\REGISTRY\MACHINE\SYSTEM\ControlSet001\Enum\USB\VID_0B05&PID_19B6&MI_00\6&2b745301&1&0000"
      Object, CloseHandle,            0,          2,          0,          0,         33,          0, 0x0000000000000000, 0x00000E78, 0x00005D3C,                    0,             ,                     ,   {00000000-0000-0000-0000-000000000000},                                         ,   134313424890913726,          0,          0, 0xFFFF8D0EA9399BD0, 0x80005118,     50, "\REGISTRY\MACHINE\SYSTEM\ControlSet001\Enum\USB\VID_0B05&PID_19B6&MI_00\6&2b745301&1&0000"
      Object, CloseHandle,            0,          2,          0,          0,         33,          0, 0x0000000000000000, 0x00000E78, 0x00005D3C,                    0,             ,                     ,   {00000000-0000-0000-0000-000000000000},                                         ,   134313424890913900,          0,          0, 0xFFFF8D0EA9399AC0, 0x80005118,     50, "\REGISTRY\MACHINE\SYSTEM\ControlSet001\Enum\USB\VID_0B05&PID_19B6&MI_00\6&2b745301&1&0000"
      Object, CloseHandle,            0,          2,          0,          0,         33,          0, 0x0000000000000000, 0x00000E78, 0x00005D3C,                    0,             ,                     ,   {00000000-0000-0000-0000-000000000000},                                         ,   134313424890914065,          0,          0, 0xFFFF8D0EA939B880, 0x80005118,     50, "\REGISTRY\MACHINE\SYSTEM\ControlSet001\Enum\USB\VID_0B05&PID_19B6&MI_00\6&2b745301&1&0000"
      Object, CloseHandle,            0,          2,          0,          0,         33,          0, 0x0000000000000000, 0x00000E78, 0x00005D3C,                    0,             ,                     ,   {00000000-0000-0000-0000-000000000000},                                         ,   134313424890914292,          0,          0, 0xFFFF8D0EA939ADE0, 0x80005118,     50, "\REGISTRY\MACHINE\SYSTEM\ControlSet001\Enum\USB\VID_0B05&PID_19B6&MI_00\6&2b745301&1&0000"
SystemConfig,        PnP,            0,          5,          0,          0,         22,          0, 0x0000000000000000, 0x00000E78, 0x00005D3C,                    0,             ,                     ,   {00000000-0000-0000-0000-000000000000},                                         ,   134313424890914415,        300,         90, {745a17a0-74d3-11d0-b6fe-00a0c90f57da},        0,        0, 25165834,        0, "USB\VID_0B05&PID_19B6&MI_00\6&2B745301&1&0000", "USB Input Device", "", "\Device\000000aa", "HidUsb", , 
      Object, CloseHandle,            0,          2,          0,          0,         33,          0, 0x0000000000000000, 0x00000E78, 0x00005D3C,                   10,             ,                     ,   {00000000-0000-0000-0000-000000000000},                                         ,   134313424890997281,          0,          0, 0xFFFF8D0EA6E0EB90, 0x80007628,     50, "\REGISTRY\MACHINE\SYSTEM\ControlSet001\Enum\HID\VID_0B05&PID_19B6&MI_01\7&2a65691c&0&0000"
      Object, CloseHandle,            0,          2,          0,          0,         33,          0, 0x0000000000000000, 0x00000E78, 0x00005D3C,                   10,             ,                     ,   {00000000-0000-0000-0000-000000000000},                                         ,   134313424890997454,          0,          0, 0xFFFF8D0EA6E0E640, 0x80007628,     50, "\REGISTRY\MACHINE\SYSTEM\ControlSet001\Enum\HID\VID_0B05&PID_19B6&MI_01\7&2a65691c&0&0000"
      Object, CloseHandle,            0,          2,          0,          0,         33,          0, 0x0000000000000000, 0x00000E78, 0x00005D3C,                   10,             ,                     ,   {00000000-0000-0000-0000-000000000000},                                         ,   134313424891001805,          0,          0, 0xFFFF8D0EA6E0E0F0, 0x80007628,     50, "\REGISTRY\MACHINE\SYSTEM\ControlSet001\Enum\HID\VID_0B05&PID_19B6&MI_01\7&2a65691c&0&0000"
      Object, CloseHandle,            0,          2,          0,          0,         33,          0, 0x0000000000000000, 0x00000E78, 0x00005D3C,                   10,             ,                     ,   {00000000-0000-0000-0000-000000000000},                                         ,   134313424891002009,          0,          0, 0xFFFF8D0EA6E0E200, 0x80007628,     50, "\REGISTRY\MACHINE\SYSTEM\ControlSet001\Enum\HID\VID_0B05&PID_19B6&MI_01\7&2a65691c&0&0000"
      Object, CloseHandle,            0,          2,          0,          0,         33,          0, 0x0000000000000000, 0x00000E78, 0x00005D3C,                   10,             ,                     ,   {00000000-0000-0000-0000-000000000000},                                         ,   134313424891002207,          0,          0, 0xFFFF8D0EA6E0DBA0, 0x80007628,     50, "\REGISTRY\MACHINE\SYSTEM\ControlSet001\Enum\HID\VID_0B05&PID_19B6&MI_01\7&2a65691c&0&0000"
      Object, CloseHandle,            0,          2,          0,          0,         33,          0, 0x0000000000000000, 0x00000E78, 0x00005D3C,                   10,             ,                     ,   {00000000-0000-0000-0000-000000000000},                                         ,   134313424891002393,          0,          0, 0xFFFF8D0EA6E0D760, 0x80007628,     50, "\REGISTRY\MACHINE\SYSTEM\ControlSet001\Enum\HID\VID_0B05&PID_19B6&MI_01\7&2a65691c&0&0000"
      Object, CloseHandle,            0,          2,          0,          0,         33,          0, 0x0000000000000000, 0x00000E78, 0x00005D3C,                   10,             ,                     ,   {00000000-0000-0000-0000-000000000000},                                         ,   134313424891002676,          0,          0, 0xFFFF8D0EA6E10400, 0x80007628,     50, "\REGISTRY\MACHINE\SYSTEM\ControlSet001\Enum\HID\VID_0B05&PID_19B6&MI_01\7&2a65691c&0&0000"
SystemConfig,        PnP,            0,          5,          0,          0,         22,          0, 0x0000000000000000, 0x00000E78, 0x00005D3C,                   10,             ,                     ,   {00000000-0000-0000-0000-000000000000},                                         ,   134313424891002817,        315,         90, {745a17a0-74d3-11d0-b6fe-00a0c90f57da},        0,        0, 25174026,        0, "HID\VID_0B05&PID_19B6&MI_01\7&2A65691C&0&0000", "HID-compliant device", "", "\Device\000000bb", "", , 
      Object, CloseHandle,            0,          2,          0,          0,         33,          0, 0x0000000000000000, 0x00000E78, 0x00005D3C,                    1,             ,                     ,   {00000000-0000-0000-0000-000000000000},                                         ,   134313424891011543,          0,          0, 0xFFFF8D0EA679A870, 0x80007628,     50, "\REGISTRY\MACHINE\SYSTEM\ControlSet001\Enum\HID\VID_0B05&PID_19B6&MI_00&Col04\7&3a8dc514&0&0003"
      Object, CloseHandle,            0,          2,          0,          0,         33,          0, 0x0000000000000000, 0x00000E78, 0x00005D3C,                    1,             ,                     ,   {00000000-0000-0000-0000-000000000000},                                         ,   134313424891011766,          0,          0, 0xFFFF8D0EA6799BB0, 0x80007628,     50, "\REGISTRY\MACHINE\SYSTEM\ControlSet001\Enum\HID\VID_0B05&PID_19B6&MI_00&Col04\7&3a8dc514&0&0003"
      Object, CloseHandle,            0,          2,          0,          0,         33,          0, 0x0000000000000000, 0x00000E78, 0x00005D3C,                   10,             ,                     ,   {00000000-0000-0000-0000-000000000000},                                         ,   134313424891017314,          0,          0, 0xFFFF8D0EA6E110C0, 0x80007324,     50, "\REGISTRY\MACHINE\SYSTEM\ControlSet001\Enum\HID\VID_0B05&PID_19B6&MI_00&Col04\7&3a8dc514&0&0003"
      Object, CloseHandle,            0,          2,          0,          0,         33,          0, 0x0000000000000000, 0x00000E78, 0x00005D3C,                   10,             ,                     ,   {00000000-0000-0000-0000-000000000000},                                         ,   134313424891017550,          0,          0, 0xFFFF8D0EA6E0F1F0, 0x80007324,     50, "\REGISTRY\MACHINE\SYSTEM\ControlSet001\Enum\HID\VID_0B05&PID_19B6&MI_00&Col04\7&3a8dc514&0&0003"
      Object, CloseHandle,            0,          2,          0,          0,         33,          0, 0x0000000000000000, 0x00000E78, 0x00005D3C,                   10,             ,                     ,   {00000000-0000-0000-0000-000000000000},                                         ,   134313424891017753,          0,          0, 0xFFFF8D0EA6E10730, 0x80007324,     50, "\REGISTRY\MACHINE\SYSTEM\ControlSet001\Enum\HID\VID_0B05&PID_19B6&MI_00&Col04\7&3a8dc514&0&0003"
      Object, CloseHandle,            0,          2,          0,          0,         33,          0, 0x0000000000000000, 0x00000E78, 0x00005D3C,                   10,             ,                     ,   {00000000-0000-0000-0000-000000000000},                                         ,   134313424891018050,          0,          0, 0xFFFF8D0EA6E10840, 0x80007324,     50, "\REGISTRY\MACHINE\SYSTEM\ControlSet001\Enum\HID\VID_0B05&PID_19B6&MI_00&Col04\7&3a8dc514&0&0003"
      Object, CloseHandle,            0,          2,          0,          0,         33,          0, 0x0000000000000000, 0x00000E78, 0x00005D3C,                   10,             ,                     ,   {00000000-0000-0000-0000-000000000000},                                         ,   134313424891018259,          0,          0, 0xFFFF8D0EA6E12E80, 0x80007324,     50, "\REGISTRY\MACHINE\SYSTEM\ControlSet001\Enum\HID\VID_0B05&PID_19B6&MI_00&Col04\7&3a8dc514&0&0003"
SystemConfig,        PnP,            0,          5,          0,          0,         22,          0, 0x0000000000000000, 0x00000E78, 0x00005D3C,                   10,             ,                     ,   {00000000-0000-0000-0000-000000000000},                                         ,   134313424891018411,        315,         90, {745a17a0-74d3-11d0-b6fe-00a0c90f57da},        0,        0, 25174026,        0, "HID\VID_0B05&PID_19B6&MI_00&COL04\7&3A8DC514&0&0003", "HID-compliant vendor-defined device", "", "\Device\000000b5", "", , 
      Object, CloseHandle,            0,          2,          0,          0,         33,          0, 0x0000000000000000, 0x00000E78, 0x00005D3C,                   10,             ,                     ,   {00000000-0000-0000-0000-000000000000},                                         ,   134313424891024659,          0,          0, 0xFFFF8D0EA6E16B10, 0x80007324,     50, "\REGISTRY\MACHINE\SYSTEM\ControlSet001\Enum\HID\VID_0B05&PID_19B6&MI_00&Col09\7&3a8dc514&0&0008"
      Object, CloseHandle,            0,          2,          0,          0,         33,          0, 0x0000000000000000, 0x00000E78, 0x00005D3C,                   10,             ,                     ,   {00000000-0000-0000-0000-000000000000},                                         ,   134313424891024859,          0,          0, 0xFFFF8D0EA6E156E0, 0x80007324,     50, "\REGISTRY\MACHINE\SYSTEM\ControlSet001\Enum\HID\VID_0B05&PID_19B6&MI_00&Col09\7&3a8dc514&0&0008"
      Object, CloseHandle,            0,          2,          0,          0,         33,          0, 0x0000000000000000, 0x00000E78, 0x00005D3C,                   10,             ,                     ,   {00000000-0000-0000-0000-000000000000},                                         ,   134313424891027918,          0,          0, 0xFFFF8D0EA6E19480, 0x80007324,     50, "\REGISTRY\MACHINE\SYSTEM\ControlSet001\Enum\HID\VID_0B05&PID_19B6&MI_00&Col09\7&3a8dc514&0&0008"
      Object, CloseHandle,            0,          2,          0,          0,         33,          0, 0x0000000000000000, 0x00000E78, 0x00005D3C,                   10,             ,                     ,   {00000000-0000-0000-0000-000000000000},                                         ,   134313424891030450,          0,          0, 0xFFFF8D0EA6E178E0, 0x80007324,     50, "\REGISTRY\MACHINE\SYSTEM\ControlSet001\Enum\HID\VID_0B05&PID_19B6&MI_00&Col09\7&3a8dc514&0&0008"
      Object, CloseHandle,            0,          2,          0,          0,         33,          0, 0x0000000000000000, 0x00000E78, 0x00005D3C,                   10,             ,                     ,   {00000000-0000-0000-0000-000000000000},                                         ,   134313424891030662,          0,          0, 0xFFFF8D0EA6E185A0, 0x80007324,     50, "\REGISTRY\MACHINE\SYSTEM\ControlSet001\Enum\HID\VID_0B05&PID_19B6&MI_00&Col09\7&3a8dc514&0&0008"
      Object, CloseHandle,            0,          2,          0,          0,         33,          0, 0x0000000000000000, 0x00000E78, 0x00005D3C,                   10,             ,                     ,   {00000000-0000-0000-0000-000000000000},                                         ,   134313424891030841,          0,          0, 0xFFFF8D0EA6E1A7A0, 0x80007324,     50, "\REGISTRY\MACHINE\SYSTEM\ControlSet001\Enum\HID\VID_0B05&PID_19B6&MI_00&Col09\7&3a8dc514&0&0008"
      Object, CloseHandle,            0,          2,          0,          0,         33,          0, 0x0000000000000000, 0x00000E78, 0x00005D3C,                   10,             ,                     ,   {00000000-0000-0000-0000-000000000000},                                         ,   134313424891031028,          0,          0, 0xFFFF8D0EA6E199D0, 0x80007324,     50, "\REGISTRY\MACHINE\SYSTEM\ControlSet001\Enum\HID\VID_0B05&PID_19B6&MI_00&Col09\7&3a8dc514&0&0008"
SystemConfig,        PnP,            0,          5,          0,          0,         22,          0, 0x0000000000000000, 0x00000E78, 0x00005D3C,                   10,             ,                     ,   {00000000-0000-0000-0000-000000000000},                                         ,   134313424891031159,        315,         90, {f2e7dd72-6468-4e36-b6f1-6488f42c1b52},        0,        0, 25174026,        0, "HID\VID_0B05&PID_19B6&MI_00&COL09\7&3A8DC514&0&0008", "ASUS Component Firmware Update", "ASUS Component Firmware Update", "\Device\000000ba", "WUDFRd", , 
      Object, CloseHandle,            0,          2,          0,          0,         33,          0, 0x0000000000000000, 0x00000E78, 0x00005D3C,                    0,             ,                     ,   {00000000-0000-0000-0000-000000000000},                                         ,   134313424891192160,          0,          0, 0xFFFF8D0EA93833A0, 0x80003FBC,     50, "\REGISTRY\MACHINE\SYSTEM\ControlSet001\Enum\USB\VID_0B05&PID_19B6&MI_01\6&2b745301&1&0001"
      Object, CloseHandle,            0,          2,          0,          0,         33,          0, 0x0000000000000000, 0x00000E78, 0x00005D3C,                    0,             ,                     ,   {00000000-0000-0000-0000-000000000000},                                         ,   134313424891192355,          0,          0, 0xFFFF8D0EA9381B30, 0x80003FBC,     50, "\REGISTRY\MACHINE\SYSTEM\ControlSet001\Enum\USB\VID_0B05&PID_19B6&MI_01\6&2b745301&1&0001"
      Object, CloseHandle,            0,          2,          0,          0,         33,          0, 0x0000000000000000, 0x00000E78, 0x00005D3C,                    0,             ,                     ,   {00000000-0000-0000-0000-000000000000},                                         ,   134313424891196055,          0,          0, 0xFFFF8D0EA93822A0, 0x80003FBC,     50, "\REGISTRY\MACHINE\SYSTEM\ControlSet001\Enum\USB\VID_0B05&PID_19B6&MI_01\6&2b745301&1&0001"
      Object, CloseHandle,            0,          2,          0,          0,         33,          0, 0x0000000000000000, 0x00000E78, 0x00005D3C,                    0,             ,                     ,   {00000000-0000-0000-0000-000000000000},                                         ,   134313424891196311,          0,          0, 0xFFFF8D0EA9382080, 0x80003FBC,     50, "\REGISTRY\MACHINE\SYSTEM\ControlSet001\Enum\USB\VID_0B05&PID_19B6&MI_01\6&2b745301&1&0001"
      Object, CloseHandle,            0,          2,          0,          0,         33,          0, 0x0000000000000000, 0x00000E78, 0x00005D3C,                    0,             ,                     ,   {00000000-0000-0000-0000-000000000000},                                         ,   134313424891196510,          0,          0, 0xFFFF8D0EA9380E70, 0x80003FBC,     50, "\REGISTRY\MACHINE\SYSTEM\ControlSet001\Enum\USB\VID_0B05&PID_19B6&MI_01\6&2b745301&1&0001"
      Object, CloseHandle,            0,          2,          0,          0,         33,          0, 0x0000000000000000, 0x00000E78, 0x00005D3C,                    0,             ,                     ,   {00000000-0000-0000-0000-000000000000},                                         ,   134313424891196716,          0,          0, 0xFFFF8D0EA93824C0, 0x80003FBC,     50, "\REGISTRY\MACHINE\SYSTEM\ControlSet001\Enum\USB\VID_0B05&PID_19B6&MI_01\6&2b745301&1&0001"
      Object, CloseHandle,            0,          2,          0,          0,         33,          0, 0x0000000000000000, 0x00000E78, 0x00005D3C,                    0,             ,                     ,   {00000000-0000-0000-0000-000000000000},                                         ,   134313424891196908,          0,          0, 0xFFFF8D0EA93838F0, 0x80003FBC,     50, "\REGISTRY\MACHINE\SYSTEM\ControlSet001\Enum\USB\VID_0B05&PID_19B6&MI_01\6&2b745301&1&0001"
SystemConfig,        PnP,            0,          5,          0,          0,         22,          0, 0x0000000000000000, 0x00000E78, 0x00005D3C,                    0,             ,                     ,   {00000000-0000-0000-0000-000000000000},                                         ,   134313424891197057,        330,         90, {745a17a0-74d3-11d0-b6fe-00a0c90f57da},        0,        0, 25174026,        0, "USB\VID_0B05&PID_19B6&MI_01\6&2B745301&1&0001", "USB Input Device", "", "\Device\000000ab", "HidUsb", , 
      Object, HandleDCEnd,            0,          2,          0,          0,         39,          0, 0x0000000000000000, 0xFFFFFFFF, 0xFFFFFFFF,                   23,             ,                     ,   {00000000-0000-0000-0000-000000000000},                                         ,   134313424893142736,          0,          0, 0xFFFF8D0E8D928A00, 0x4, 0x80001980,      4, "\GLOBAL??\USB#VID_0B05&PID_19B6#5&230b0289&0&4#{a5dcbf10-6530-11d2-901f-00c04fb951ed}"
      Object, HandleDCEnd,            0,          2,          0,          0,         39,          0, 0x0000000000000000, 0xFFFFFFFF, 0xFFFFFFFF,                   23,             ,                     ,   {00000000-0000-0000-0000-000000000000},                                         ,   134313424893160579,          0,          0, 0xFFFF8D0E8F287AF0, 0x4, 0x80002EB4,     50, "\REGISTRY\MACHINE\SYSTEM\ControlSet001\Enum\HID\VID_0B05&PID_19B6&MI_00&Col09\7&3a8dc514&0&0008\Device Parameters\WUDFDiagnosticInfo"
      Object, HandleDCEnd,            0,          2,          0,          0,         39,          0, 0x0000000000000000, 0xFFFFFFFF, 0xFFFFFFFF,                   23,             ,                     ,   {00000000-0000-0000-0000-000000000000},                                         ,   134313424893161999,          0,          0, 0xFFFF8D0E93099CE0, 0x4, 0x8000328C,      4, "\GLOBAL??\HID#VID_0B05&PID_19B6&MI_00&Col07#7&3a8dc514&0&0006#{378de44c-56ef-11d1-bc8c-00a0c91405dd}"
      Object, HandleDCEnd,            0,          2,          0,          0,         39,          0, 0x0000000000000000, 0xFFFFFFFF, 0xFFFFFFFF,                   23,             ,                     ,   {00000000-0000-0000-0000-000000000000},                                         ,   134313424893162662,          0,          0, 0xFFFF8D0E93065090, 0x4, 0x800033BC,      4, "\GLOBAL??\HID#VID_0B05&PID_19B6&MI_01#7&2a65691c&0&0000#{4d1e55b2-f16f-11cf-88cb-001111000030}"
      Object, HandleDCEnd,            0,          2,          0,          0,         39,          0, 0x0000000000000000, 0xFFFFFFFF, 0xFFFFFFFF,                   23,             ,                     ,   {00000000-0000-0000-0000-000000000000},                                         ,   134313424893163047,          0,          0, 0xFFFF8D0E9309D5B0, 0x4, 0x80003468,      4, "\GLOBAL??\HID#VID_0B05&PID_19B6&MI_00&Col04#7&3a8dc514&0&0003#{4d1e55b2-f16f-11cf-88cb-001111000030}"
      Object, HandleDCEnd,            0,          2,          0,          0,         39,          0, 0x0000000000000000, 0xFFFFFFFF, 0xFFFFFFFF,                   23,             ,                     ,   {00000000-0000-0000-0000-000000000000},                                         ,   134313424893163199,          0,          0, 0xFFFF8D0E9309D6D0, 0x4, 0x80003480,      4, "\GLOBAL??\HID#VID_0B05&PID_19B6&MI_00&Col05#7&3a8dc514&0&0004#{4d1e55b2-f16f-11cf-88cb-001111000030}"
      Object, HandleDCEnd,            0,          2,          0,          0,         39,          0, 0x0000000000000000, 0xFFFFFFFF, 0xFFFFFFFF,                   23,             ,                     ,   {00000000-0000-0000-0000-000000000000},                                         ,   134313424893163286,          0,          0, 0xFFFF8D0E93095330, 0x4, 0x800034A0,      4, "\GLOBAL??\HID#VID_0B05&PID_19B6&MI_00&Col01#7&3a8dc514&0&0000#{4d1e55b2-f16f-11cf-88cb-001111000030}"
      Object, HandleDCEnd,            0,          2,          0,          0,         39,          0, 0x0000000000000000, 0xFFFFFFFF, 0xFFFFFFFF,                   23,             ,                     ,   {00000000-0000-0000-0000-000000000000},                                         ,   134313424893163294,          0,          0, 0xFFFF8D0E93063080, 0x4, 0x800034A8,      4, "\GLOBAL??\HID#VID_0B05&PID_19B6&MI_00&Col08#7&3a8dc514&0&0007#{4d1e55b2-f16f-11cf-88cb-001111000030}"
      Object, HandleDCEnd,            0,          2,          0,          0,         39,          0, 0x0000000000000000, 0xFFFFFFFF, 0xFFFFFFFF,                   23,             ,                     ,   {00000000-0000-0000-0000-000000000000},                                         ,   134313424893163307,          0,          0, 0xFFFF8D0E930601D0, 0x4, 0x800034B0,      4, "\GLOBAL??\HID#VID_0B05&PID_19B6&MI_00&Col06#7&3a8dc514&0&0005#{4d1e55b2-f16f-11cf-88cb-001111000030}"
      Object, HandleDCEnd,            0,          2,          0,          0,         39,          0, 0x0000000000000000, 0xFFFFFFFF, 0xFFFFFFFF,                   23,             ,                     ,   {00000000-0000-0000-0000-000000000000},                                         ,   134313424893163325,          0,          0, 0xFFFF8D0E9309A310, 0x4, 0x800034BC,      4, "\GLOBAL??\HID#VID_0B05&PID_19B6&MI_00&Col03#7&3a8dc514&0&0002#{4d1e55b2-f16f-11cf-88cb-001111000030}"
      Object, HandleDCEnd,            0,          2,          0,          0,         39,          0, 0x0000000000000000, 0xFFFFFFFF, 0xFFFFFFFF,                   23,             ,                     ,   {00000000-0000-0000-0000-000000000000},                                         ,   134313424893163358,          0,          0, 0xFFFF8D0E93061A90, 0x4, 0x800034D0,      4, "\GLOBAL??\HID#VID_0B05&PID_19B6&MI_00&Col08#7&3a8dc514&0&0007#{4afa3d53-74a7-11d0-be5e-00a0c9062857}"
      Object, HandleDCEnd,            0,          2,          0,          0,         39,          0, 0x0000000000000000, 0xFFFFFFFF, 0xFFFFFFFF,                   23,             ,                     ,   {00000000-0000-0000-0000-000000000000},                                         ,   134313424893163400,          0,          0, 0xFFFF8D0E9309B990, 0x4, 0x800034FC,      4, "\GLOBAL??\HID#VID_0B05&PID_19B6&MI_00&Col07#7&3a8dc514&0&0006#{4d1e55b2-f16f-11cf-88cb-001111000030}"
      Object, HandleDCEnd,            0,          2,          0,          0,         39,          0, 0x0000000000000000, 0xFFFFFFFF, 0xFFFFFFFF,                   11,             ,                     ,   {00000000-0000-0000-0000-000000000000},                                         ,   134313424893164318,          0,          0, 0xFFFF8D0E9309DA30, 0x4, 0x80003590,      4, "\GLOBAL??\HID#VID_0B05&PID_19B6&MI_00&Col09#7&3a8dc514&0&0008#{4d1e55b2-f16f-11cf-88cb-001111000030}"
      Object, HandleDCEnd,            0,          2,          0,          0,         39,          0, 0x0000000000000000, 0xFFFFFFFF, 0xFFFFFFFF,                   11,             ,                     ,   {00000000-0000-0000-0000-000000000000},                                         ,   134313424893164337,          0,          0, 0xFFFF8D0E93098540, 0x4, 0x8000359C,      4, "\GLOBAL??\HID#VID_0B05&PID_19B6&MI_00&Col02#7&3a8dc514&0&0001#{4d1e55b2-f16f-11cf-88cb-001111000030}"
      Object, HandleDCEnd,            0,          2,          0,          0,         39,          0, 0x0000000000000000, 0xFFFFFFFF, 0xFFFFFFFF,                   11,             ,                     ,   {00000000-0000-0000-0000-000000000000},                                         ,   134313424893164357,          0,          0, 0xFFFF8D0E9309ADC0, 0x4, 0x800035A4,      4, "\GLOBAL??\HID#VID_0B05&PID_19B6&MI_00&Col02#7&3a8dc514&0&0001#{884b96c3-56ef-11d1-bc8c-00a0c91405dd}"
      Object, HandleDCEnd,            0,          2,          0,          0,         39,          0, 0x0000000000000000, 0xFFFFFFFF, 0xFFFFFFFF,                   10,             ,                     ,   {00000000-0000-0000-0000-000000000000},                                         ,   134313424896082483,          0,          0, 0xFFFF8D0E8EE7D7D0, 0x2A44, 0x2AC,     50, "\REGISTRY\MACHINE\SYSTEM\ControlSet001\Enum\HID\VID_0B05&PID_19B6&MI_00&Col09\7&3a8dc514&0&0008\Device Parameters"
      Object, HandleDCEnd,            0,          2,          0,          0,         39,          0, 0x0000000000000000, 0xFFFFFFFF, 0xFFFFFFFF,                   13,             ,                     ,   {00000000-0000-0000-0000-000000000000},                                         ,   134313424896083918,          0,          0, 0xFFFF8D0E9152D450, 0x2A44, 0x320,     50, "\REGISTRY\MACHINE\SYSTEM\ControlSet001\Enum\HID\VID_0B05&PID_19B6&MI_00&Col09\7&3a8dc514&0&0008\Device Parameters"
      Object, HandleDCEnd,            0,          2,          0,          0,         39,          0, 0x0000000000000000, 0xFFFFFFFF, 0xFFFFFFFF,                   13,             ,                     ,   {00000000-0000-0000-0000-000000000000},                                         ,   134313424896084108,          0,          0, 0xFFFF8D0E91519AE0, 0x2A44, 0x3D4,     50, "\REGISTRY\MACHINE\SYSTEM\ControlSet001\Enum\HID\VID_0B05&PID_19B6&MI_00&Col09\7&3a8dc514&0&0008\Device Parameters\ASUSMCUFirmwareUpdate"
      Object, HandleDCEnd,            0,          2,          0,          0,         39,          0, 0x0000000000000000, 0xFFFFFFFF, 0xFFFFFFFF,                   10,             ,                     ,   {00000000-0000-0000-0000-000000000000},                                         ,   134313424897535610,          0,          0, 0xFFFF8D0E916CF250, 0x53D8, 0x678,     50, "\REGISTRY\USER\S-1-5-21-3224940364-465593193-273581519-1001\Software\Microsoft\Lighting\Devices\HID#VID_0B05&PID_19B6&MI_01#7&2a65691c&0&0000#{4d1e55b2-f16f-11cf-88cb-001111000030}"
      FileIo, FileRundown,            0,          2,          0,          0,         36,          0, 0x0000000000000000, 0xFFFFFFFF, 0xFFFFFFFF,                    0,             ,                     ,   {00000000-0000-0000-0000-000000000000},                                         ,   134313424900368935,          0,          0, 0xFFFF8D0EA7ED0180, "\Device\HarddiskVolume2\ProgramData\ASUS\ROG Live Service\DeviceContent\0B0519B6\0B0519B6.csv"
