"Time of Day","Process Name","PID","Operation","Path","Result","Detail"
"01:51:42.8176174","LightingService.exe","6180","Process Profiling","","SUCCESS","User Time: 9.1250000 seconds, Kernel Time: 10.8281250 seconds, Private Bytes: 31420416, Working Set: 52363264"
"01:51:43.8197304","LightingService.exe","6180","Process Profiling","","SUCCESS","User Time: 9.1250000 seconds, Kernel Time: 10.8281250 seconds, Private Bytes: 31420416, Working Set: 52363264"
"01:51:44.8202942","LightingService.exe","6180","Process Profiling","","SUCCESS","User Time: 9.1250000 seconds, Kernel Time: 10.8281250 seconds, Private Bytes: 31420416, Working Set: 52363264"
"01:51:45.8136969","LightingService.exe","6180","Process Profiling","","SUCCESS","User Time: 9.1250000 seconds, Kernel Time: 10.8281250 seconds, Private Bytes: 31420416, Working Set: 52363264"
"01:51:46.8183114","LightingService.exe","6180","Process Profiling","","SUCCESS","User Time: 9.1250000 seconds, Kernel Time: 10.8281250 seconds, Private Bytes: 31420416, Working Set: 52363264"
"01:51:47.8115924","LightingService.exe","6180","Process Profiling","","SUCCESS","User Time: 9.1250000 seconds, Kernel Time: 10.8281250 seconds, Private Bytes: 31420416, Working Set: 52363264"
"01:51:48.8088776","LightingService.exe","6180","Process Profiling","","SUCCESS","User Time: 9.1250000 seconds, Kernel Time: 10.8281250 seconds, Private Bytes: 31420416, Working Set: 52363264"
"01:51:49.8186046","LightingService.exe","6180","Process Profiling","","SUCCESS","User Time: 9.1250000 seconds, Kernel Time: 10.8281250 seconds, Private Bytes: 31420416, Working Set: 52363264"
"01:51:50.8074001","LightingService.exe","6180","Process Profiling","","SUCCESS","User Time: 9.1250000 seconds, Kernel Time: 10.8281250 seconds, Private Bytes: 31420416, Working Set: 52363264"
"01:51:51.8082965","LightingService.exe","6180","Process Profiling","","SUCCESS","User Time: 9.1250000 seconds, Kernel Time: 10.8281250 seconds, Private Bytes: 31420416, Working Set: 52363264"
"01:51:52.8202327","LightingService.exe","6180","Process Profiling","","SUCCESS","User Time: 9.1250000 seconds, Kernel Time: 10.8281250 seconds, Private Bytes: 31420416, Working Set: 52363264"
"01:51:53.8147840","LightingService.exe","6180","Process Profiling","","SUCCESS","User Time: 9.1250000 seconds, Kernel Time: 10.8281250 seconds, Private Bytes: 31420416, Working Set: 52363264"
"01:51:54.8155978","LightingService.exe","6180","Process Profiling","","SUCCESS","User Time: 9.1250000 seconds, Kernel Time: 10.8281250 seconds, Private Bytes: 31420416, Working Set: 52363264"
"01:51:55.8156748","LightingService.exe","6180","Process Profiling","","SUCCESS","User Time: 9.1250000 seconds, Kernel Time: 10.8281250 seconds, Private Bytes: 31420416, Working Set: 52363264"
"01:51:56.8184226","LightingService.exe","6180","Process Profiling","","SUCCESS","User Time: 9.1250000 seconds, Kernel Time: 10.8281250 seconds, Private Bytes: 31420416, Working Set: 52363264"
"01:51:57.8097259","LightingService.exe","6180","Process Profiling","","SUCCESS","User Time: 9.1250000 seconds, Kernel Time: 10.8281250 seconds, Private Bytes: 31420416, Working Set: 52363264"
"01:51:58.8068053","LightingService.exe","6180","Process Profiling","","SUCCESS","User Time: 9.1250000 seconds, Kernel Time: 10.8281250 seconds, Private Bytes: 31420416, Working Set: 52363264"
"01:51:59.8196949","LightingService.exe","6180","Process Profiling","","SUCCESS","User Time: 9.1250000 seconds, Kernel Time: 10.8281250 seconds, Private Bytes: 31420416, Working Set: 52363264"
"01:52:00.8120641","LightingService.exe","6180","Process Profiling","","SUCCESS","User Time: 9.1250000 seconds, Kernel Time: 10.8281250 seconds, Private Bytes: 31420416, Working Set: 52363264"
"01:52:01.8118557","LightingService.exe","6180","Process Profiling","","SUCCESS","User Time: 9.1250000 seconds, Kernel Time: 10.8281250 seconds, Private Bytes: 31420416, Working Set: 52363264"
"01:52:02.8236489","LightingService.exe","6180","Process Profiling","","SUCCESS","User Time: 9.1250000 seconds, Kernel Time: 10.8281250 seconds, Private Bytes: 31420416, Working Set: 52363264"
"01:52:03.8145112","LightingService.exe","6180","Process Profiling","","SUCCESS","User Time: 9.1250000 seconds, Kernel Time: 10.8281250 seconds, Private Bytes: 31420416, Working Set: 52363264"
"01:52:04.8082042","LightingService.exe","6180","Process Profiling","","SUCCESS","User Time: 9.1250000 seconds, Kernel Time: 10.8281250 seconds, Private Bytes: 31420416, Working Set: 52363264"
"01:52:05.8172449","LightingService.exe","6180","Process Profiling","","SUCCESS","User Time: 9.1250000 seconds, Kernel Time: 10.8281250 seconds, Private Bytes: 31420416, Working Set: 52363264"
"01:52:06.8120651","LightingService.exe","6180","Process Profiling","","SUCCESS","User Time: 9.1250000 seconds, Kernel Time: 10.8281250 seconds, Private Bytes: 31420416, Working Set: 52363264"
"01:52:07.2228432","LightingService.exe","6180","Thread Create","","SUCCESS","Thread ID: 8168"
"01:52:07.2230239","LightingService.exe","6180","RegQueryKey","HKCR","SUCCESS","Query: HandleTags, HandleTags: 0x1"
"01:52:07.2230308","LightingService.exe","6180","RegQueryKey","HKCR","SUCCESS","Query: Name"
"01:52:07.2230421","LightingService.exe","6180","RegOpenKey","HKCR\WOW6432Node\CLSID\{95775DC4-77AA-4E94-8CF6-68267EEF1856}","SUCCESS","Desired Access: Read"
"01:52:07.2230510","LightingService.exe","6180","RegSetInfoKey","HKCR\WOW6432Node\CLSID\{95775DC4-77AA-4E94-8CF6-68267EEF1856}","SUCCESS","KeySetInformationClass: KeySetHandleTagsInformation, Length: 0"
"01:52:07.2230570","LightingService.exe","6180","RegQueryKey","HKCR\WOW6432Node\CLSID\{95775DC4-77AA-4E94-8CF6-68267EEF1856}","SUCCESS","Query: HandleTags, HandleTags: 0x401"
"01:52:07.2230616","LightingService.exe","6180","RegOpenKey","HKCR\WOW6432Node\CLSID\{95775DC4-77AA-4E94-8CF6-68267EEF1856}\TreatAs","NAME NOT FOUND","Desired Access: Query Value"
"01:52:07.2230683","LightingService.exe","6180","RegQueryKey","HKCR\WOW6432Node\CLSID\{95775DC4-77AA-4E94-8CF6-68267EEF1856}","SUCCESS","Query: Name"
"01:52:07.2230796","LightingService.exe","6180","RegQueryValue","HKCR\WOW6432Node\CLSID\{95775DC4-77AA-4E94-8CF6-68267EEF1856}\ActivateOnHostFlags","NAME NOT FOUND","Length: 16"
"01:52:07.2230856","LightingService.exe","6180","RegQueryValue","HKCR\WOW6432Node\CLSID\{95775DC4-77AA-4E94-8CF6-68267EEF1856}\(Default)","BUFFER OVERFLOW","Length: 12"
"01:52:07.2230907","LightingService.exe","6180","RegQueryValue","HKCR\WOW6432Node\CLSID\{95775DC4-77AA-4E94-8CF6-68267EEF1856}\(Default)","SUCCESS","Type: REG_SZ, Length: 44, Data: ServiceMediator Class"
"01:52:07.2230976","LightingService.exe","6180","RegQueryKey","HKCR\WOW6432Node\CLSID\{95775DC4-77AA-4E94-8CF6-68267EEF1856}","SUCCESS","Query: HandleTags, HandleTags: 0x401"
"01:52:07.2231018","LightingService.exe","6180","RegOpenKey","HKCR\WOW6432Node\CLSID\{95775DC4-77AA-4E94-8CF6-68267EEF1856}\InprocServer32","NAME NOT FOUND","Desired Access: Read"
"01:52:07.2231091","LightingService.exe","6180","RegQueryKey","HKCR\WOW6432Node\CLSID\{95775DC4-77AA-4E94-8CF6-68267EEF1856}","SUCCESS","Query: HandleTags, HandleTags: 0x401"
"01:52:07.2231131","LightingService.exe","6180","RegOpenKey","HKCR\WOW6432Node\CLSID\{95775DC4-77AA-4E94-8CF6-68267EEF1856}\InprocHandler32","NAME NOT FOUND","Desired Access: Query Value"
"01:52:07.2231187","LightingService.exe","6180","RegQueryKey","HKCR\WOW6432Node\CLSID\{95775DC4-77AA-4E94-8CF6-68267EEF1856}","SUCCESS","Query: HandleTags, HandleTags: 0x401"
"01:52:07.2231225","LightingService.exe","6180","RegOpenKey","HKCR\WOW6432Node\CLSID\{95775DC4-77AA-4E94-8CF6-68267EEF1856}\InprocHandler","NAME NOT FOUND","Desired Access: Query Value"
"01:52:07.2231332","LightingService.exe","6180","RegCloseKey","HKCR\WOW6432Node\CLSID\{95775DC4-77AA-4E94-8CF6-68267EEF1856}","SUCCESS",""
"01:52:07.2233418","LightingService.exe","6180","CreateFile","C:\Program Files (x86)\LightingService\AuraHueWrapper.dll","SUCCESS","Desired Access: Generic Read, Disposition: Open, Options: Sequential Access, Synchronous IO Non-Alert, Non-Directory File, Attributes: n/a, ShareMode: Read, AllocationSize: n/a, OpenResult: Opened"
"01:52:07.2234284","LightingService.exe","6180","QueryStandardInformationFile","C:\Program Files (x86)\LightingService\AuraHueWrapper.dll","SUCCESS","AllocationSize: 53248, EndOfFile: 50480, NumberOfLinks: 1, DeletePending: False, Directory: False"
"01:52:07.2234556","LightingService.exe","6180","CreateFileMapping","C:\Program Files (x86)\LightingService\AuraHueWrapper.dll","FILE LOCKED WITH ONLY READERS","SyncType: SyncTypeCreateSection, PageProtection: PAGE_READONLY"
"01:52:07.2234767","LightingService.exe","6180","QueryStandardInformationFile","C:\Program Files (x86)\LightingService\AuraHueWrapper.dll","SUCCESS","AllocationSize: 53248, EndOfFile: 50480, NumberOfLinks: 1, DeletePending: False, Directory: False"
"01:52:07.2234919","LightingService.exe","6180","FASTIO_RELEASE_FOR_SECTION_SYNCHRONIZATION","C:\Program Files (x86)\LightingService\AuraHueWrapper.dll","SUCCESS",""
"01:52:07.2235056","LightingService.exe","6180","CreateFileMapping","C:\Program Files (x86)\LightingService\AuraHueWrapper.dll","SUCCESS","SyncType: SyncTypeOther"
"01:52:07.2235177","LightingService.exe","6180","FASTIO_RELEASE_FOR_SECTION_SYNCHRONIZATION","C:\Program Files (x86)\LightingService\AuraHueWrapper.dll","SUCCESS",""
"01:52:07.2235623","LightingService.exe","6180","CloseFile","C:\Program Files (x86)\LightingService\AuraHueWrapper.dll","SUCCESS",""
"01:52:07.2235901","LightingService.exe","6180","IRP_MJ_CLOSE","C:\Program Files (x86)\LightingService\AuraHueWrapper.dll","SUCCESS",""
"01:52:07.2237545","LightingService.exe","6180","CreateFile","C:\Program Files (x86)\LightingService\AuraHueWrapper.dll","SUCCESS","Desired Access: Generic Read, Disposition: Open, Options: Sequential Access, Synchronous IO Non-Alert, Non-Directory File, Attributes: n/a, ShareMode: Read, AllocationSize: n/a, OpenResult: Opened"
"01:52:07.2238066","LightingService.exe","6180","QueryStandardInformationFile","C:\Program Files (x86)\LightingService\AuraHueWrapper.dll","SUCCESS","AllocationSize: 53248, EndOfFile: 50480, NumberOfLinks: 1, DeletePending: False, Directory: False"
"01:52:07.2238316","LightingService.exe","6180","CreateFileMapping","C:\Program Files (x86)\LightingService\AuraHueWrapper.dll","FILE LOCKED WITH ONLY READERS","SyncType: SyncTypeCreateSection, PageProtection: PAGE_READONLY"
"01:52:07.2238501","LightingService.exe","6180","QueryStandardInformationFile","C:\Program Files (x86)\LightingService\AuraHueWrapper.dll","SUCCESS","AllocationSize: 53248, EndOfFile: 50480, NumberOfLinks: 1, DeletePending: False, Directory: False"
"01:52:07.2238649","LightingService.exe","6180","FASTIO_RELEASE_FOR_SECTION_SYNCHRONIZATION","C:\Program Files (x86)\LightingService\AuraHueWrapper.dll","SUCCESS",""
"01:52:07.2238766","LightingService.exe","6180","CreateFileMapping","C:\Program Files (x86)\LightingService\AuraHueWrapper.dll","SUCCESS","SyncType: SyncTypeOther"
"01:52:07.2238941","LightingService.exe","6180","FASTIO_RELEASE_FOR_SECTION_SYNCHRONIZATION","C:\Program Files (x86)\LightingService\AuraHueWrapper.dll","SUCCESS",""
"01:52:07.2239270","LightingService.exe","6180","CloseFile","C:\Program Files (x86)\LightingService\AuraHueWrapper.dll","SUCCESS",""
"01:52:07.2239503","LightingService.exe","6180","IRP_MJ_CLOSE","C:\Program Files (x86)\LightingService\AuraHueWrapper.dll","SUCCESS",""
"01:52:07.2240448","LightingService.exe","6180","RegQueryKey","HKU\.DEFAULT","SUCCESS","Query: HandleTags, HandleTags: 0x0"
"01:52:07.2240639","LightingService.exe","6180","RegQueryKey","HKU\.DEFAULT","SUCCESS","Query: Name"
"01:52:07.2240937","LightingService.exe","6180","RegOpenKey","HKU\.DEFAULT\Software\Microsoft\.NETFramework","NAME NOT FOUND","Desired Access: Read"
"01:52:07.2241252","LightingService.exe","6180","RegQueryKey","HKLM","SUCCESS","Query: HandleTags, HandleTags: 0x0"
"01:52:07.2241367","LightingService.exe","6180","RegQueryKey","HKLM","SUCCESS","Query: Name"
"01:52:07.2241603","LightingService.exe","6180","RegOpenKey","HKLM\Software\WOW6432Node\Microsoft\.NETFramework","SUCCESS","Desired Access: Read"
"01:52:07.2241891","LightingService.exe","6180","RegSetInfoKey","HKLM\SOFTWARE\WOW6432Node\Microsoft\.NETFramework","SUCCESS","KeySetInformationClass: KeySetHandleTagsInformation, Length: 0"
"01:52:07.2243485","LightingService.exe","6180","CreateFile","C:\Program Files (x86)\LightingService\AuraHueWrapper.dll.config","NAME NOT FOUND","Desired Access: Generic Read, Disposition: Open, Options: Synchronous IO Non-Alert, Non-Directory File, Attributes: N, ShareMode: Read, AllocationSize: n/a"
"01:52:07.2245075","LightingService.exe","6180","CreateFile","C:\Program Files (x86)\LightingService\AuraHueWrapper.dll","SUCCESS","Desired Access: Generic Read, Disposition: Open, Options: Sequential Access, Synchronous IO Non-Alert, Non-Directory File, Attributes: n/a, ShareMode: Read, AllocationSize: n/a, OpenResult: Opened"
"01:52:07.2245660","LightingService.exe","6180","QueryStandardInformationFile","C:\Program Files (x86)\LightingService\AuraHueWrapper.dll","SUCCESS","AllocationSize: 53248, EndOfFile: 50480, NumberOfLinks: 1, DeletePending: False, Directory: False"
"01:52:07.2245894","LightingService.exe","6180","CreateFileMapping","C:\Program Files (x86)\LightingService\AuraHueWrapper.dll","FILE LOCKED WITH ONLY READERS","SyncType: SyncTypeCreateSection, PageProtection: PAGE_READONLY"
"01:52:07.2246073","LightingService.exe","6180","QueryStandardInformationFile","C:\Program Files (x86)\LightingService\AuraHueWrapper.dll","SUCCESS","AllocationSize: 53248, EndOfFile: 50480, NumberOfLinks: 1, DeletePending: False, Directory: False"
"01:52:07.2246222","LightingService.exe","6180","FASTIO_RELEASE_FOR_SECTION_SYNCHRONIZATION","C:\Program Files (x86)\LightingService\AuraHueWrapper.dll","SUCCESS",""
"01:52:07.2246342","LightingService.exe","6180","CreateFileMapping","C:\Program Files (x86)\LightingService\AuraHueWrapper.dll","SUCCESS","SyncType: SyncTypeOther"
"01:52:07.2246453","LightingService.exe","6180","FASTIO_RELEASE_FOR_SECTION_SYNCHRONIZATION","C:\Program Files (x86)\LightingService\AuraHueWrapper.dll","SUCCESS",""
"01:52:07.2246852","LightingService.exe","6180","CloseFile","C:\Program Files (x86)\LightingService\AuraHueWrapper.dll","SUCCESS",""
"01:52:07.2247124","LightingService.exe","6180","IRP_MJ_CLOSE","C:\Program Files (x86)\LightingService\AuraHueWrapper.dll","SUCCESS",""
"01:52:07.2248491","LightingService.exe","6180","CreateFile","C:\Program Files (x86)\LightingService\AuraHueWrapper.dll","SUCCESS","Desired Access: Generic Read, Disposition: Open, Options: Sequential Access, Synchronous IO Non-Alert, Non-Directory File, Attributes: n/a, ShareMode: Read, AllocationSize: n/a, OpenResult: Opened"
"01:52:07.2248968","LightingService.exe","6180","QueryStandardInformationFile","C:\Program Files (x86)\LightingService\AuraHueWrapper.dll","SUCCESS","AllocationSize: 53248, EndOfFile: 50480, NumberOfLinks: 1, DeletePending: False, Directory: False"
"01:52:07.2249141","LightingService.exe","6180","CreateFileMapping","C:\Program Files (x86)\LightingService\AuraHueWrapper.dll","FILE LOCKED WITH ONLY READERS","SyncType: SyncTypeCreateSection, PageProtection: PAGE_READONLY"
"01:52:07.2249286","LightingService.exe","6180","QueryStandardInformationFile","C:\Program Files (x86)\LightingService\AuraHueWrapper.dll","SUCCESS","AllocationSize: 53248, EndOfFile: 50480, NumberOfLinks: 1, DeletePending: False, Directory: False"
"01:52:07.2249421","LightingService.exe","6180","FASTIO_RELEASE_FOR_SECTION_SYNCHRONIZATION","C:\Program Files (x86)\LightingService\AuraHueWrapper.dll","SUCCESS",""
"01:52:07.2249526","LightingService.exe","6180","CreateFileMapping","C:\Program Files (x86)\LightingService\AuraHueWrapper.dll","SUCCESS","SyncType: SyncTypeOther"
"01:52:07.2249633","LightingService.exe","6180","FASTIO_RELEASE_FOR_SECTION_SYNCHRONIZATION","C:\Program Files (x86)\LightingService\AuraHueWrapper.dll","SUCCESS",""
"01:52:07.2249947","LightingService.exe","6180","CloseFile","C:\Program Files (x86)\LightingService\AuraHueWrapper.dll","SUCCESS",""
"01:52:07.2250089","LightingService.exe","6180","LockFile","C:\ProgramData\ASUS\ARMOURY CRATE Diagnosis\LightingService\LightingService.log","SUCCESS","Exclusive: True, Offset: 0, Length: 4294967295, Fail Immediately: False"
"01:52:07.2250165","LightingService.exe","6180","IRP_MJ_CLOSE","C:\Program Files (x86)\LightingService\AuraHueWrapper.dll","SUCCESS",""
"01:52:07.2250303","LightingService.exe","6180","QueryStandardInformationFile","C:\ProgramData\ASUS\ARMOURY CRATE Diagnosis\LightingService\LightingService.log","SUCCESS","AllocationSize: 2555904, EndOfFile: 2471107, NumberOfLinks: 1, DeletePending: False, Directory: False"
"01:52:07.2250602","LightingService.exe","6180","WriteFile","C:\ProgramData\ASUS\ARMOURY CRATE Diagnosis\LightingService\LightingService.log","SUCCESS","Offset: 2471107, Length: 138"
"01:52:07.2250673","LightingService.exe","6180","RegQueryKey","HKLM\SOFTWARE\WOW6432Node\Microsoft\.NETFramework","SUCCESS","Query: HandleTags, HandleTags: 0x400"
"01:52:07.2250860","LightingService.exe","6180","RegOpenKey","HKLM\SOFTWARE\WOW6432Node\Microsoft\.NETFramework\Policy\Standards","SUCCESS","Desired Access: Read"
"01:52:07.2250936","LightingService.exe","6180","UnlockFileSingle","C:\ProgramData\ASUS\ARMOURY CRATE Diagnosis\LightingService\LightingService.log","SUCCESS","Offset: 0, Length: 4294967295"
"01:52:07.2251219","LightingService.exe","6180","RegQueryKey","HKLM\SOFTWARE\WOW6432Node\Microsoft\.NETFramework\policy\standards","SUCCESS","Query: HandleTags, HandleTags: 0x400"
"01:52:07.2251348","LightingService.exe","6180","RegOpenKey","HKLM\SOFTWARE\WOW6432Node\Microsoft\.NETFramework\policy\standards\v4.0.30319","NAME NOT FOUND","Desired Access: Read"
"01:52:07.2251553","LightingService.exe","6180","RegCloseKey","HKLM\SOFTWARE\WOW6432Node\Microsoft\.NETFramework\policy\standards","SUCCESS",""
"01:52:07.2251672","LightingService.exe","6180","LockFile","C:\ProgramData\ASUS\ARMOURY CRATE Diagnosis\LightingService\LightingService.log","SUCCESS","Exclusive: True, Offset: 0, Length: 4294967295, Fail Immediately: False"
"01:52:07.2251799","LightingService.exe","6180","QueryStandardInformationFile","C:\ProgramData\ASUS\ARMOURY CRATE Diagnosis\LightingService\LightingService.log","SUCCESS","AllocationSize: 2555904, EndOfFile: 2471245, NumberOfLinks: 1, DeletePending: False, Directory: False"
"01:52:07.2251961","LightingService.exe","6180","WriteFile","C:\ProgramData\ASUS\ARMOURY CRATE Diagnosis\LightingService\LightingService.log","SUCCESS","Offset: 2471245, Length: 138"
"01:52:07.2252002","LightingService.exe","6180","RegQueryKey","HKLM","SUCCESS","Query: HandleTags, HandleTags: 0x0"
"01:52:07.2252117","LightingService.exe","6180","RegQueryKey","HKLM","SUCCESS","Query: Name"
"01:52:07.2252154","LightingService.exe","6180","UnlockFileSingle","C:\ProgramData\ASUS\ARMOURY CRATE Diagnosis\LightingService\LightingService.log","SUCCESS","Offset: 0, Length: 4294967295"
"01:52:07.2252393","LightingService.exe","6180","RegOpenKey","HKLM\SOFTWARE\WOW6432Node\Microsoft\Fusion","SUCCESS","Desired Access: Read"
"01:52:07.2252663","LightingService.exe","6180","RegSetInfoKey","HKLM\SOFTWARE\WOW6432Node\Microsoft\Fusion","SUCCESS","KeySetInformationClass: KeySetHandleTagsInformation, Length: 0"
"01:52:07.2252820","LightingService.exe","6180","RegQueryValue","HKLM\SOFTWARE\WOW6432Node\Microsoft\Fusion\NoClientChecks","NAME NOT FOUND","Length: 16"
"01:52:07.2252990","LightingService.exe","6180","RegCloseKey","HKLM\SOFTWARE\WOW6432Node\Microsoft\Fusion","SUCCESS",""
"01:52:07.2253006","LightingService.exe","6180","LockFile","C:\ProgramData\ASUS\ARMOURY CRATE Diagnosis\LightingService\LightingService.log","SUCCESS","Exclusive: True, Offset: 0, Length: 4294967295, Fail Immediately: False"
"01:52:07.2253072","LightingService.exe","6180","QueryStandardInformationFile","C:\ProgramData\ASUS\ARMOURY CRATE Diagnosis\LightingService\LightingService.log","SUCCESS","AllocationSize: 2555904, EndOfFile: 2471383, NumberOfLinks: 1, DeletePending: False, Directory: False"
"01:52:07.2253154","LightingService.exe","6180","WriteFile","C:\ProgramData\ASUS\ARMOURY CRATE Diagnosis\LightingService\LightingService.log","SUCCESS","Offset: 2471383, Length: 159"
"01:52:07.2253252","LightingService.exe","6180","UnlockFileSingle","C:\ProgramData\ASUS\ARMOURY CRATE Diagnosis\LightingService\LightingService.log","SUCCESS","Offset: 0, Length: 4294967295"
"01:52:07.2253483","LightingService.exe","6180","LockFile","C:\ProgramData\ASUS\ARMOURY CRATE Diagnosis\LightingService\LightingService.log","SUCCESS","Exclusive: True, Offset: 0, Length: 4294967295, Fail Immediately: False"
"01:52:07.2253516","LightingService.exe","6180","QueryStandardInformationFile","C:\ProgramData\ASUS\ARMOURY CRATE Diagnosis\LightingService\LightingService.log","SUCCESS","AllocationSize: 2555904, EndOfFile: 2471542, NumberOfLinks: 1, DeletePending: False, Directory: False"
"01:52:07.2253560","LightingService.exe","6180","WriteFile","C:\ProgramData\ASUS\ARMOURY CRATE Diagnosis\LightingService\LightingService.log","SUCCESS","Offset: 2471542, Length: 125"
"01:52:07.2253610","LightingService.exe","6180","UnlockFileSingle","C:\ProgramData\ASUS\ARMOURY CRATE Diagnosis\LightingService\LightingService.log","SUCCESS","Offset: 0, Length: 4294967295"
"01:52:07.2253799","LightingService.exe","6180","LockFile","C:\ProgramData\ASUS\ARMOURY CRATE Diagnosis\LightingService\LightingService.log","SUCCESS","Exclusive: True, Offset: 0, Length: 4294967295, Fail Immediately: False"
"01:52:07.2253831","LightingService.exe","6180","QueryStandardInformationFile","C:\ProgramData\ASUS\ARMOURY CRATE Diagnosis\LightingService\LightingService.log","SUCCESS","AllocationSize: 2555904, EndOfFile: 2471667, NumberOfLinks: 1, DeletePending: False, Directory: False"
"01:52:07.2253870","LightingService.exe","6180","WriteFile","C:\ProgramData\ASUS\ARMOURY CRATE Diagnosis\LightingService\LightingService.log","SUCCESS","Offset: 2471667, Length: 144"
"01:52:07.2253915","LightingService.exe","6180","UnlockFileSingle","C:\ProgramData\ASUS\ARMOURY CRATE Diagnosis\LightingService\LightingService.log","SUCCESS","Offset: 0, Length: 4294967295"
"01:52:07.2254074","LightingService.exe","6180","LockFile","C:\ProgramData\ASUS\ARMOURY CRATE Diagnosis\LightingService\LightingService.log","SUCCESS","Exclusive: True, Offset: 0, Length: 4294967295, Fail Immediately: False"
"01:52:07.2254105","LightingService.exe","6180","QueryStandardInformationFile","C:\ProgramData\ASUS\ARMOURY CRATE Diagnosis\LightingService\LightingService.log","SUCCESS","AllocationSize: 2555904, EndOfFile: 2471811, NumberOfLinks: 1, DeletePending: False, Directory: False"
"01:52:07.2254148","LightingService.exe","6180","WriteFile","C:\ProgramData\ASUS\ARMOURY CRATE Diagnosis\LightingService\LightingService.log","SUCCESS","Offset: 2471811, Length: 109"
"01:52:07.2254192","LightingService.exe","6180","UnlockFileSingle","C:\ProgramData\ASUS\ARMOURY CRATE Diagnosis\LightingService\LightingService.log","SUCCESS","Offset: 0, Length: 4294967295"
"01:52:07.2254363","LightingService.exe","6180","LockFile","C:\ProgramData\ASUS\ARMOURY CRATE Diagnosis\LightingService\LightingService.log","SUCCESS","Exclusive: True, Offset: 0, Length: 4294967295, Fail Immediately: False"
"01:52:07.2254396","LightingService.exe","6180","QueryStandardInformationFile","C:\ProgramData\ASUS\ARMOURY CRATE Diagnosis\LightingService\LightingService.log","SUCCESS","AllocationSize: 2555904, EndOfFile: 2471920, NumberOfLinks: 1, DeletePending: False, Directory: False"
"01:52:07.2254436","LightingService.exe","6180","WriteFile","C:\ProgramData\ASUS\ARMOURY CRATE Diagnosis\LightingService\LightingService.log","SUCCESS","Offset: 2471920, Length: 120"
"01:52:07.2254460","LightingService.exe","6180","QueryOpen","C:\Windows\Microsoft.NET\Framework\v4.0.30319\clr.dll","FAST IO DISALLOWED",""
"01:52:07.2254482","LightingService.exe","6180","UnlockFileSingle","C:\ProgramData\ASUS\ARMOURY CRATE Diagnosis\LightingService\LightingService.log","SUCCESS","Offset: 0, Length: 4294967295"
"01:52:07.2254660","LightingService.exe","6180","LockFile","C:\ProgramData\ASUS\ARMOURY CRATE Diagnosis\LightingService\LightingService.log","SUCCESS","Exclusive: True, Offset: 0, Length: 4294967295, Fail Immediately: False"
"01:52:07.2254689","LightingService.exe","6180","QueryStandardInformationFile","C:\ProgramData\ASUS\ARMOURY CRATE Diagnosis\LightingService\LightingService.log","SUCCESS","AllocationSize: 2555904, EndOfFile: 2472040, NumberOfLinks: 1, DeletePending: False, Directory: False"
"01:52:07.2254732","LightingService.exe","6180","WriteFile","C:\ProgramData\ASUS\ARMOURY CRATE Diagnosis\LightingService\LightingService.log","SUCCESS","Offset: 2472040, Length: 154"
"01:52:07.2254775","LightingService.exe","6180","UnlockFileSingle","C:\ProgramData\ASUS\ARMOURY CRATE Diagnosis\LightingService\LightingService.log","SUCCESS","Offset: 0, Length: 4294967295"
"01:52:07.2255294","LightingService.exe","6180","CreateFile","C:\Windows\Microsoft.NET\Framework\v4.0.30319\clr.dll","SUCCESS","Desired Access: Read Attributes, Disposition: Open, Options: Open Reparse Point, Attributes: n/a, ShareMode: Read, Write, Delete, AllocationSize: n/a, OpenResult: Opened"
"01:52:07.2255351","LightingService.exe","6180","LockFile","C:\ProgramData\ASUS\ARMOURY CRATE Diagnosis\LightingService\LightingService.log","SUCCESS","Exclusive: True, Offset: 0, Length: 4294967295, Fail Immediately: False"
"01:52:07.2255383","LightingService.exe","6180","QueryStandardInformationFile","C:\ProgramData\ASUS\ARMOURY CRATE Diagnosis\LightingService\LightingService.log","SUCCESS","AllocationSize: 2555904, EndOfFile: 2472194, NumberOfLinks: 1, DeletePending: False, Directory: False"
"01:52:07.2255425","LightingService.exe","6180","WriteFile","C:\ProgramData\ASUS\ARMOURY CRATE Diagnosis\LightingService\LightingService.log","SUCCESS","Offset: 2472194, Length: 122"
"01:52:07.2255471","LightingService.exe","6180","UnlockFileSingle","C:\ProgramData\ASUS\ARMOURY CRATE Diagnosis\LightingService\LightingService.log","SUCCESS","Offset: 0, Length: 4294967295"
"01:52:07.2255683","LightingService.exe","6180","LockFile","C:\ProgramData\ASUS\ARMOURY CRATE Diagnosis\LightingService\LightingService.log","SUCCESS","Exclusive: True, Offset: 0, Length: 4294967295, Fail Immediately: False"
"01:52:07.2255713","LightingService.exe","6180","QueryStandardInformationFile","C:\ProgramData\ASUS\ARMOURY CRATE Diagnosis\LightingService\LightingService.log","SUCCESS","AllocationSize: 2555904, EndOfFile: 2472316, NumberOfLinks: 1, DeletePending: False, Directory: False"
"01:52:07.2255754","LightingService.exe","6180","WriteFile","C:\ProgramData\ASUS\ARMOURY CRATE Diagnosis\LightingService\LightingService.log","SUCCESS","Offset: 2472316, Length: 113"
"01:52:07.2255796","LightingService.exe","6180","UnlockFileSingle","C:\ProgramData\ASUS\ARMOURY CRATE Diagnosis\LightingService\LightingService.log","SUCCESS","Offset: 0, Length: 4294967295"
"01:52:07.2255974","LightingService.exe","6180","QueryBasicInformationFile","C:\Windows\Microsoft.NET\Framework\v4.0.30319\clr.dll","SUCCESS","CreationTime: 26-11-2025 09:17:59, LastAccessTime: 16-08-2026 01:51:51, LastWriteTime: 17-09-2025 03:22:40, ChangeTime: 26-11-2025 09:18:43, FileAttributes: A"
"01:52:07.2256144","LightingService.exe","6180","CloseFile","C:\Windows\Microsoft.NET\Framework\v4.0.30319\clr.dll","SUCCESS",""
"01:52:07.2256178","LightingService.exe","6180","LockFile","C:\ProgramData\ASUS\ARMOURY CRATE Diagnosis\LightingService\LightingService.log","SUCCESS","Exclusive: True, Offset: 0, Length: 4294967295, Fail Immediately: False"
"01:52:07.2256206","LightingService.exe","6180","QueryStandardInformationFile","C:\ProgramData\ASUS\ARMOURY CRATE Diagnosis\LightingService\LightingService.log","SUCCESS","AllocationSize: 2555904, EndOfFile: 2472429, NumberOfLinks: 1, DeletePending: False, Directory: False"
"01:52:07.2256243","LightingService.exe","6180","WriteFile","C:\ProgramData\ASUS\ARMOURY CRATE Diagnosis\LightingService\LightingService.log","SUCCESS","Offset: 2472429, Length: 122"
"01:52:07.2256289","LightingService.exe","6180","UnlockFileSingle","C:\ProgramData\ASUS\ARMOURY CRATE Diagnosis\LightingService\LightingService.log","SUCCESS","Offset: 0, Length: 4294967295"
"01:52:07.2256378","LightingService.exe","6180","IRP_MJ_CLOSE","C:\Windows\Microsoft.NET\Framework\v4.0.30319\clr.dll","SUCCESS",""
"01:52:07.2256453","LightingService.exe","6180","LockFile","C:\ProgramData\ASUS\ARMOURY CRATE Diagnosis\LightingService\LightingService.log","SUCCESS","Exclusive: True, Offset: 0, Length: 4294967295, Fail Immediately: False"
"01:52:07.2256484","LightingService.exe","6180","QueryStandardInformationFile","C:\ProgramData\ASUS\ARMOURY CRATE Diagnosis\LightingService\LightingService.log","SUCCESS","AllocationSize: 2555904, EndOfFile: 2472551, NumberOfLinks: 1, DeletePending: False, Directory: False"
"01:52:07.2256522","LightingService.exe","6180","WriteFile","C:\ProgramData\ASUS\ARMOURY CRATE Diagnosis\LightingService\LightingService.log","SUCCESS","Offset: 2472551, Length: 135"
"01:52:07.2256565","LightingService.exe","6180","UnlockFileSingle","C:\ProgramData\ASUS\ARMOURY CRATE Diagnosis\LightingService\LightingService.log","SUCCESS","Offset: 0, Length: 4294967295"
"01:52:07.2256654","LightingService.exe","6180","RegQueryKey","HKLM","SUCCESS","Query: HandleTags, HandleTags: 0x0"
"01:52:07.2256701","LightingService.exe","6180","RegQueryKey","HKLM","SUCCESS","Query: Name"
"01:52:07.2256792","LightingService.exe","6180","RegOpenKey","HKLM\SOFTWARE\WOW6432Node\ASUS\AsRogAuraService","SUCCESS","Desired Access: All Access"
"01:52:07.2256819","LightingService.exe","6180","RegOpenKey","HKLM\Software\WOW6432Node\Policies\Microsoft\MUI\Settings","REPARSE","Desired Access: Read"
"01:52:07.2256963","LightingService.exe","6180","RegSetInfoKey","HKLM\SOFTWARE\WOW6432Node\ASUS\AsRogAuraService","SUCCESS","KeySetInformationClass: KeySetHandleTagsInformation, Length: 0"
"01:52:07.2257043","LightingService.exe","6180","RegQueryKey","HKLM\SOFTWARE\WOW6432Node\ASUS\AsRogAuraService","SUCCESS","Query: HandleTags, HandleTags: 0xe00"
"01:52:07.2257119","LightingService.exe","6180","RegSetValue","HKLM\SOFTWARE\WOW6432Node\ASUS\AsRogAuraService\CODBlankMode","SUCCESS","Type: REG_SZ, Length: 4, Data: 0"
"01:52:07.2257463","LightingService.exe","6180","RegCloseKey","HKLM\SOFTWARE\WOW6432Node\ASUS\AsRogAuraService","SUCCESS",""
"01:52:07.2257490","LightingService.exe","6180","RegOpenKey","HKLM\SOFTWARE\Policies\Microsoft\MUI\Settings","NAME NOT FOUND","Desired Access: Read"
"01:52:07.2257528","LightingService.exe","6180","RegQueryKey","HKLM","SUCCESS","Query: HandleTags, HandleTags: 0x0"
"01:52:07.2257567","LightingService.exe","6180","RegQueryKey","HKLM","SUCCESS","Query: Name"
"01:52:07.2257629","LightingService.exe","6180","RegOpenKey","HKLM\SOFTWARE\WOW6432Node\ASUS\IfInGameMode","SUCCESS","Desired Access: All Access"
"01:52:07.2257754","LightingService.exe","6180","RegSetInfoKey","HKLM\SOFTWARE\WOW6432Node\ASUS\IfInGameMode","SUCCESS","KeySetInformationClass: KeySetHandleTagsInformation, Length: 0"
"01:52:07.2257797","LightingService.exe","6180","RegQueryKey","HKLM\SOFTWARE\WOW6432Node\ASUS\IfInGameMode","SUCCESS","Query: HandleTags, HandleTags: 0xe00"
"01:52:07.2257831","LightingService.exe","6180","RegOpenKey","HKU\S-1-5-18","REPARSE","Desired Access: Maximum Allowed"
"01:52:07.2257837","LightingService.exe","6180","RegSetValue","HKLM\SOFTWARE\WOW6432Node\ASUS\IfInGameMode\INGAMEMODE","SUCCESS","Type: REG_SZ, Length: 4, Data: N"
"01:52:07.2257935","LightingService.exe","6180","RegCloseKey","HKLM\SOFTWARE\WOW6432Node\ASUS\IfInGameMode","SUCCESS",""
"01:52:07.2258042","LightingService.exe","6180","RegOpenKey","HKU\.DEFAULT","SUCCESS","Desired Access: Maximum Allowed, Granted Access: All Access"
"01:52:07.2258187","LightingService.exe","6180","LockFile","C:\ProgramData\ASUS\ARMOURY CRATE Diagnosis\LightingService\LightingService.log","SUCCESS","Exclusive: True, Offset: 0, Length: 4294967295, Fail Immediately: False"
"01:52:07.2258221","LightingService.exe","6180","QueryStandardInformationFile","C:\ProgramData\ASUS\ARMOURY CRATE Diagnosis\LightingService\LightingService.log","SUCCESS","AllocationSize: 2555904, EndOfFile: 2472686, NumberOfLinks: 1, DeletePending: False, Directory: False"
"01:52:07.2258264","LightingService.exe","6180","WriteFile","C:\ProgramData\ASUS\ARMOURY CRATE Diagnosis\LightingService\LightingService.log","SUCCESS","Offset: 2472686, Length: 127"
"01:52:07.2258314","LightingService.exe","6180","UnlockFileSingle","C:\ProgramData\ASUS\ARMOURY CRATE Diagnosis\LightingService\LightingService.log","SUCCESS","Offset: 0, Length: 4294967295"
"01:52:07.2258333","LightingService.exe","6180","RegQueryKey","HKU\.DEFAULT","SUCCESS","Query: HandleTags, HandleTags: 0x0"
"01:52:07.2258458","LightingService.exe","6180","RegQueryKey","HKU\.DEFAULT","SUCCESS","Query: Name"
"01:52:07.2258632","LightingService.exe","6180","RegOpenKey","HKU\.DEFAULT\Software\Policies\Microsoft\Control Panel\Desktop","NAME NOT FOUND","Desired Access: Read"
"01:52:07.2258865","LightingService.exe","6180","QueryOpen","C:\Program Files\ASUS\AuraSDK\AuraSdk_x86.dll","FAST IO DISALLOWED",""
"01:52:07.2258881","LightingService.exe","6180","RegQueryKey","HKU\.DEFAULT","SUCCESS","Query: HandleTags, HandleTags: 0x0"
"01:52:07.2258995","LightingService.exe","6180","RegQueryKey","HKU\.DEFAULT","SUCCESS","Query: Name"
"01:52:07.2259092","LightingService.exe","6180","CreateFile","C:\Program Files\ASUS\AuraSDK\AuraSdk_x86.dll","SUCCESS","Desired Access: Read Attributes, Disposition: Open, Options: Open Reparse Point, Attributes: n/a, ShareMode: Read, Write, Delete, AllocationSize: n/a, OpenResult: Opened"
"01:52:07.2259165","LightingService.exe","6180","RegOpenKey","HKU\.DEFAULT\Control Panel\Desktop","SUCCESS","Desired Access: Read"
"01:52:07.2259276","LightingService.exe","6180","QueryBasicInformationFile","C:\Program Files\ASUS\AuraSDK\AuraSdk_x86.dll","SUCCESS","CreationTime: 12-03-2026 09:36:10, LastAccessTime: 16-08-2026 01:51:50, LastWriteTime: 12-03-2026 09:36:10, ChangeTime: 15-08-2026 21:16:29, FileAttributes: A"
"01:52:07.2259337","LightingService.exe","6180","CloseFile","C:\Program Files\ASUS\AuraSDK\AuraSdk_x86.dll","SUCCESS",""
"01:52:07.2259364","LightingService.exe","6180","RegSetInfoKey","HKU\.DEFAULT\Control Panel\Desktop","SUCCESS","KeySetInformationClass: KeySetHandleTagsInformation, Length: 0"
"01:52:07.2259415","LightingService.exe","6180","IRP_MJ_CLOSE","C:\Program Files\ASUS\AuraSDK\AuraSdk_x86.dll","SUCCESS",""
"01:52:07.2259518","LightingService.exe","6180","RegQueryValue","HKU\.DEFAULT\Control Panel\Desktop\PreferredUILanguages","NAME NOT FOUND","Length: 12"
"01:52:07.2259715","LightingService.exe","6180","RegCloseKey","HKU\.DEFAULT\Control Panel\Desktop","SUCCESS",""
"01:52:07.2259761","LightingService.exe","6180","RegQueryKey","HKLM","SUCCESS","Query: HandleTags, HandleTags: 0x0"
"01:52:07.2259808","LightingService.exe","6180","RegQueryKey","HKLM","SUCCESS","Query: Name"
"01:52:07.2259866","LightingService.exe","6180","RegCloseKey","HKU\.DEFAULT","SUCCESS",""
"01:52:07.2259917","LightingService.exe","6180","RegOpenKey","HKLM\SOFTWARE\WOW6432Node\Microsoft\Cryptography\Defaults\Provider\Microsoft Enhanced RSA and AES Cryptographic Provider","SUCCESS","Desired Access: Read"
"01:52:07.2260077","LightingService.exe","6180","RegOpenKey","HKLM\Software\WOW6432Node\Policies\Microsoft\MUI\Settings","REPARSE","Desired Access: Read"
"01:52:07.2260186","LightingService.exe","6180","RegSetInfoKey","HKLM\SOFTWARE\WOW6432Node\Microsoft\Cryptography\Defaults\Provider\Microsoft Enhanced RSA and AES Cryptographic Provider","SUCCESS","KeySetInformationClass: KeySetHandleTagsInformation, Length: 0"
"01:52:07.2260261","LightingService.exe","6180","RegQueryValue","HKLM\SOFTWARE\WOW6432Node\Microsoft\Cryptography\Defaults\Provider\Microsoft Enhanced RSA and AES Cryptographic Provider\Type","SUCCESS","Type: REG_DWORD, Length: 4, Data: 24"
"01:52:07.2260271","LightingService.exe","6180","RegOpenKey","HKLM\SOFTWARE\Policies\Microsoft\MUI\Settings","NAME NOT FOUND","Desired Access: Read"
"01:52:07.2260328","LightingService.exe","6180","RegQueryValue","HKLM\SOFTWARE\WOW6432Node\Microsoft\Cryptography\Defaults\Provider\Microsoft Enhanced RSA and AES Cryptographic Provider\Image Path","BUFFER OVERFLOW","Length: 12"
"01:52:07.2260391","LightingService.exe","6180","RegQueryValue","HKLM\SOFTWARE\WOW6432Node\Microsoft\Cryptography\Defaults\Provider\Microsoft Enhanced RSA and AES Cryptographic Provider\Image Path","SUCCESS","Type: REG_SZ, Length: 66, Data: %SystemRoot%\system32\rsaenh.dll"
"01:52:07.2260451","LightingService.exe","6180","RegQueryValue","HKLM\SOFTWARE\WOW6432Node\Microsoft\Cryptography\Defaults\Provider\Microsoft Enhanced RSA and AES Cryptographic Provider\Image Path","BUFFER OVERFLOW","Length: 45"
"01:52:07.2260495","LightingService.exe","6180","RegOpenKey","HKU\S-1-5-18","REPARSE","Desired Access: Maximum Allowed"
"01:52:07.2260541","LightingService.exe","6180","RegQueryValue","HKLM\SOFTWARE\WOW6432Node\Microsoft\Cryptography\Defaults\Provider\Microsoft Enhanced RSA and AES Cryptographic Provider\Image Path","SUCCESS","Type: REG_SZ, Length: 66, Data: %SystemRoot%\system32\rsaenh.dll"
"01:52:07.2260710","LightingService.exe","6180","RegOpenKey","HKU\.DEFAULT","SUCCESS","Desired Access: Maximum Allowed, Granted Access: All Access"
"01:52:07.2260924","LightingService.exe","6180","RegQueryKey","HKU\.DEFAULT","SUCCESS","Query: HandleTags, HandleTags: 0x0"
"01:52:07.2261041","LightingService.exe","6180","RegQueryKey","HKU\.DEFAULT","SUCCESS","Query: Name"
"01:52:07.2261084","LightingService.exe","6180","RegQueryKey","HKLM","SUCCESS","Query: HandleTags, HandleTags: 0x0"
"01:52:07.2261165","LightingService.exe","6180","RegOpenKey","HKLM\Software\Microsoft\Cryptography","SUCCESS","Desired Access: Read"
"01:52:07.2262876","LightingService.exe","6180","RegSetInfoKey","HKLM\SOFTWARE\Microsoft\Cryptography","SUCCESS","KeySetInformationClass: KeySetHandleTagsInformation, Length: 0"
"01:52:07.2262932","LightingService.exe","6180","RegQueryValue","HKLM\SOFTWARE\Microsoft\Cryptography\MachineGuid","BUFFER OVERFLOW","Length: 12"
"01:52:07.2262992","LightingService.exe","6180","RegQueryValue","HKLM\SOFTWARE\Microsoft\Cryptography\MachineGuid","SUCCESS","Type: REG_SZ, Length: 74, Data: 01228342-55ed-4048-aa24-e99898e36692"
"01:52:07.2263046","LightingService.exe","6180","RegQueryValue","HKLM\SOFTWARE\Microsoft\Cryptography\MachineGuid","BUFFER OVERFLOW","Length: 49"
"01:52:07.2263087","LightingService.exe","6180","RegQueryValue","HKLM\SOFTWARE\Microsoft\Cryptography\MachineGuid","SUCCESS","Type: REG_SZ, Length: 74, Data: 01228342-55ed-4048-aa24-e99898e36692"
"01:52:07.2263112","LightingService.exe","6180","RegOpenKey","HKU\.DEFAULT\Software\Policies\Microsoft\Control Panel\Desktop","NAME NOT FOUND","Desired Access: Read"
"01:52:07.2263183","LightingService.exe","6180","RegCloseKey","HKLM\SOFTWARE\Microsoft\Cryptography","SUCCESS",""
"01:52:07.2263283","LightingService.exe","6180","RegQueryKey","HKLM","SUCCESS","Query: HandleTags, HandleTags: 0x0"
"01:52:07.2264055","LightingService.exe","6180","RegQueryKey","HKLM","SUCCESS","Query: Name"
"01:52:07.2264189","LightingService.exe","6180","RegOpenKey","HKLM\Software\WOW6432Node\Microsoft\Cryptography\Offload","NAME NOT FOUND","Desired Access: Read"
"01:52:07.2264346","LightingService.exe","6180","RegQueryKey","HKU\.DEFAULT","SUCCESS","Query: HandleTags, HandleTags: 0x0"
"01:52:07.2264436","LightingService.exe","6180","RegQueryKey","HKLM","SUCCESS","Query: HandleTags, HandleTags: 0x0"
"01:52:07.2264507","LightingService.exe","6180","RegQueryKey","HKLM","SUCCESS","Query: Name"
"01:52:07.2264562","LightingService.exe","6180","RegQueryKey","HKU\.DEFAULT","SUCCESS","Query: Name"
"01:52:07.2264576","LightingService.exe","6180","RegOpenKey","HKLM\Software\WOW6432Node\Microsoft\Cryptography\DESHashSessionKeyBackward","NAME NOT FOUND","Desired Access: Read"
"01:52:07.2264668","LightingService.exe","6180","RegCloseKey","HKLM\SOFTWARE\WOW6432Node\Microsoft\Cryptography\Defaults\Provider\Microsoft Enhanced RSA and AES Cryptographic Provider","SUCCESS",""
"01:52:07.2264866","LightingService.exe","6180","RegOpenKey","HKU\.DEFAULT\Control Panel\Desktop\LanguageConfiguration","NAME NOT FOUND","Desired Access: Read"
"01:52:07.2264880","LightingService.exe","6180","RegQueryKey","HKU","SUCCESS","Query: HandleTags, HandleTags: 0x0"
"01:52:07.2264927","LightingService.exe","6180","RegQueryKey","HKU","SUCCESS","Query: Name"
"01:52:07.2264986","LightingService.exe","6180","RegOpenKey","HKU\S-1-5-18","REPARSE","Desired Access: Maximum Allowed"
"01:52:07.2265179","LightingService.exe","6180","RegOpenKey","HKU\.DEFAULT","SUCCESS","Desired Access: Maximum Allowed, Granted Access: All Access"
"01:52:07.2265281","LightingService.exe","6180","RegCloseKey","HKU\.DEFAULT","SUCCESS",""
"01:52:07.2265353","LightingService.exe","6180","RegQueryKey","HKU\.DEFAULT","SUCCESS","Query: HandleTags, HandleTags: 0x0"
"01:52:07.2265402","LightingService.exe","6180","RegQueryKey","HKU\.DEFAULT","SUCCESS","Query: Name"
"01:52:07.2265474","LightingService.exe","6180","RegCreateKey","HKU\.DEFAULT\Software\Microsoft\Windows\CurrentVersion\WinTrust\Trust Providers\Software Publishing","SUCCESS","Desired Access: Read, Disposition: REG_OPENED_EXISTING_KEY"
"01:52:07.2265669","LightingService.exe","6180","RegSetInfoKey","HKU\.DEFAULT\Software\Microsoft\Windows\CurrentVersion\WinTrust\Trust Providers\Software Publishing","SUCCESS","KeySetInformationClass: KeySetHandleTagsInformation, Length: 0"
"01:52:07.2265739","LightingService.exe","6180","RegCloseKey","HKU\.DEFAULT","SUCCESS",""
"01:52:07.2265781","LightingService.exe","6180","RegQueryValue","HKU\.DEFAULT\Software\Microsoft\Windows\CurrentVersion\WinTrust\Trust Providers\Software Publishing\State","SUCCESS","Type: REG_DWORD, Length: 4, Data: 146432"
"01:52:07.2265837","LightingService.exe","6180","RegCloseKey","HKU\.DEFAULT\Software\Microsoft\Windows\CurrentVersion\WinTrust\Trust Providers\Software Publishing","SUCCESS",""
"01:52:07.2265948","LightingService.exe","6180","RegQueryKey","HKU","SUCCESS","Query: HandleTags, HandleTags: 0x0"
"01:52:07.2265982","LightingService.exe","6180","RegQueryKey","HKU","SUCCESS","Query: Name"
"01:52:07.2266033","LightingService.exe","6180","RegOpenKey","HKU\S-1-5-18","REPARSE","Desired Access: Maximum Allowed"
"01:52:07.2266076","LightingService.exe","6180","RegOpenKey","HKU\.DEFAULT","SUCCESS","Desired Access: Maximum Allowed, Granted Access: All Access"
"01:52:07.2266133","LightingService.exe","6180","RegQueryKey","HKU\.DEFAULT","SUCCESS","Query: HandleTags, HandleTags: 0x0"
"01:52:07.2266165","LightingService.exe","6180","RegQueryKey","HKU\.DEFAULT","SUCCESS","Query: Name"
"01:52:07.2266215","LightingService.exe","6180","RegOpenKey","HKU\.DEFAULT\Software\Microsoft\Internet Explorer\Security","NAME NOT FOUND","Desired Access: Read"
"01:52:07.2266323","LightingService.exe","6180","RegCloseKey","HKU\.DEFAULT","SUCCESS",""
"01:52:07.2266384","LightingService.exe","6180","RegQueryKey","HKLM","SUCCESS","Query: HandleTags, HandleTags: 0x0"
"01:52:07.2266414","LightingService.exe","6180","RegQueryKey","HKLM","SUCCESS","Query: Name"
"01:52:07.2266473","LightingService.exe","6180","RegOpenKey","HKLM\Software\WOW6432Node\Policies\Microsoft\SystemCertificates\TrustedPublisher\Safer","REPARSE","Desired Access: Read"
"01:52:07.2266530","LightingService.exe","6180","RegOpenKey","HKLM\SOFTWARE\Policies\Microsoft\SystemCertificates\TrustedPublisher\Safer","NAME NOT FOUND","Desired Access: Read"
"01:52:07.2266657","LightingService.exe","6180","RegQueryKey","HKU","SUCCESS","Query: HandleTags, HandleTags: 0x0"
"01:52:07.2266687","LightingService.exe","6180","RegQueryKey","HKU","SUCCESS","Query: Name"
"01:52:07.2266734","LightingService.exe","6180","RegOpenKey","HKU\S-1-5-18","REPARSE","Desired Access: Maximum Allowed"
"01:52:07.2266773","LightingService.exe","6180","RegOpenKey","HKU\.DEFAULT","SUCCESS","Desired Access: Maximum Allowed, Granted Access: All Access"
"01:52:07.2266831","LightingService.exe","6180","RegQueryKey","HKU\.DEFAULT","SUCCESS","Query: HandleTags, HandleTags: 0x0"
"01:52:07.2266861","LightingService.exe","6180","RegQueryKey","HKU\.DEFAULT","SUCCESS","Query: Name"
"01:52:07.2266911","LightingService.exe","6180","RegOpenKey","HKU\.DEFAULT\Software\Policies\Microsoft\SystemCertificates\TrustedPublisher\Safer","NAME NOT FOUND","Desired Access: Read"
"01:52:07.2266974","LightingService.exe","6180","RegCloseKey","HKU\.DEFAULT","SUCCESS",""
"01:52:07.2267020","LightingService.exe","6180","RegQueryKey","HKLM","SUCCESS","Query: HandleTags, HandleTags: 0x0"
"01:52:07.2267082","LightingService.exe","6180","RegQueryKey","HKLM","SUCCESS","Query: Name"
"01:52:07.2267140","LightingService.exe","6180","RegOpenKey","HKLM\Software\WOW6432Node\Microsoft\SystemCertificates\TrustedPublisher\Safer","REPARSE","Desired Access: Read"
"01:52:07.2267259","LightingService.exe","6180","RegOpenKey","HKLM\SOFTWARE\Microsoft\SystemCertificates\TrustedPublisher\Safer","NAME NOT FOUND","Desired Access: Read"
"01:52:07.2267283","LightingService.exe","6180","QueryOpen","C:\Windows\Microsoft.NET\Framework\v4.0.30319\clr.dll","FAST IO DISALLOWED",""
"01:52:07.2267769","LightingService.exe","6180","CreateFile","C:\Program Files\ASUS\AuraSDK\AuraSdk_x86.dll","SUCCESS","Desired Access: Generic Read, Disposition: Open, Options: Synchronous IO Non-Alert, Non-Directory File, Attributes: N, ShareMode: Read, Delete, AllocationSize: n/a, OpenResult: Opened"
"01:52:07.2267991","LightingService.exe","6180","QueryStandardInformationFile","C:\Program Files\ASUS\AuraSDK\AuraSdk_x86.dll","SUCCESS","AllocationSize: 884736, EndOfFile: 882072, NumberOfLinks: 1, DeletePending: False, Directory: False"
"01:52:07.2268066","LightingService.exe","6180","CreateFileMapping","C:\Program Files\ASUS\AuraSDK\AuraSdk_x86.dll","FILE LOCKED WITH ONLY READERS","SyncType: SyncTypeCreateSection, PageProtection: PAGE_READONLY"
"01:52:07.2268127","LightingService.exe","6180","QueryStandardInformationFile","C:\Program Files\ASUS\AuraSDK\AuraSdk_x86.dll","SUCCESS","AllocationSize: 884736, EndOfFile: 882072, NumberOfLinks: 1, DeletePending: False, Directory: False"
"01:52:07.2268171","LightingService.exe","6180","FASTIO_RELEASE_FOR_SECTION_SYNCHRONIZATION","C:\Program Files\ASUS\AuraSDK\AuraSdk_x86.dll","SUCCESS",""
"01:52:07.2268215","LightingService.exe","6180","CreateFileMapping","C:\Program Files\ASUS\AuraSDK\AuraSdk_x86.dll","SUCCESS","SyncType: SyncTypeOther"
"01:52:07.2268247","LightingService.exe","6180","FASTIO_RELEASE_FOR_SECTION_SYNCHRONIZATION","C:\Program Files\ASUS\AuraSDK\AuraSdk_x86.dll","SUCCESS",""
"01:52:07.2268256","LightingService.exe","6180","CreateFile","C:\Windows\Microsoft.NET\Framework\v4.0.30319\clr.dll","SUCCESS","Desired Access: Read Attributes, Disposition: Open, Options: Open Reparse Point, Attributes: n/a, ShareMode: Read, Write, Delete, AllocationSize: n/a, OpenResult: Opened"
"01:52:07.2268949","LightingService.exe","6180","QueryBasicInformationFile","C:\Windows\Microsoft.NET\Framework\v4.0.30319\clr.dll","SUCCESS","CreationTime: 26-11-2025 09:17:59, LastAccessTime: 16-08-2026 01:51:51, LastWriteTime: 17-09-2025 03:22:40, ChangeTime: 26-11-2025 09:18:43, FileAttributes: A"
"01:52:07.2269018","LightingService.exe","6180","Thread Create","","SUCCESS","Thread ID: 8244"
"01:52:07.2269156","LightingService.exe","6180","CloseFile","C:\Windows\Microsoft.NET\Framework\v4.0.30319\clr.dll","SUCCESS",""
"01:52:07.2269205","LightingService.exe","6180","QueryStandardInformationFile","C:\Program Files\ASUS\AuraSDK\AuraSdk_x86.dll","SUCCESS","AllocationSize: 884736, EndOfFile: 882072, NumberOfLinks: 1, DeletePending: False, Directory: False"
"01:52:07.2269258","LightingService.exe","6180","CreateFileMapping","C:\Program Files\ASUS\AuraSDK\AuraSdk_x86.dll","FILE LOCKED WITH ONLY READERS","SyncType: SyncTypeCreateSection, PageProtection: PAGE_READONLY"
"01:52:07.2269398","LightingService.exe","6180","QueryStandardInformationFile","C:\Program Files\ASUS\AuraSDK\AuraSdk_x86.dll","SUCCESS","AllocationSize: 884736, EndOfFile: 882072, NumberOfLinks: 1, DeletePending: False, Directory: False"
"01:52:07.2269455","LightingService.exe","6180","FASTIO_RELEASE_FOR_SECTION_SYNCHRONIZATION","C:\Program Files\ASUS\AuraSDK\AuraSdk_x86.dll","SUCCESS",""
"01:52:07.2269469","LightingService.exe","6180","IRP_MJ_CLOSE","C:\Windows\Microsoft.NET\Framework\v4.0.30319\clr.dll","SUCCESS",""
"01:52:07.2269490","LightingService.exe","6180","CreateFileMapping","C:\Program Files\ASUS\AuraSDK\AuraSdk_x86.dll","SUCCESS","SyncType: SyncTypeOther"
"01:52:07.2269521","LightingService.exe","6180","FASTIO_RELEASE_FOR_SECTION_SYNCHRONIZATION","C:\Program Files\ASUS\AuraSDK\AuraSdk_x86.dll","SUCCESS",""
"01:52:07.2269773","LightingService.exe","6180","QueryStandardInformationFile","C:\Program Files\ASUS\AuraSDK\AuraSdk_x86.dll","SUCCESS","AllocationSize: 884736, EndOfFile: 882072, NumberOfLinks: 1, DeletePending: False, Directory: False"
"01:52:07.2269842","LightingService.exe","6180","QueryStandardInformationFile","C:\Program Files\ASUS\AuraSDK\AuraSdk_x86.dll","SUCCESS","AllocationSize: 884736, EndOfFile: 882072, NumberOfLinks: 1, DeletePending: False, Directory: False"
"01:52:07.2269882","LightingService.exe","6180","CreateFileMapping","C:\Program Files\ASUS\AuraSDK\AuraSdk_x86.dll","FILE LOCKED WITH ONLY READERS","SyncType: SyncTypeCreateSection, PageProtection: PAGE_READONLY"
"01:52:07.2269916","LightingService.exe","6180","QueryStandardInformationFile","C:\Program Files\ASUS\AuraSDK\AuraSdk_x86.dll","SUCCESS","AllocationSize: 884736, EndOfFile: 882072, NumberOfLinks: 1, DeletePending: False, Directory: False"
"01:52:07.2269952","LightingService.exe","6180","FASTIO_RELEASE_FOR_SECTION_SYNCHRONIZATION","C:\Program Files\ASUS\AuraSDK\AuraSdk_x86.dll","SUCCESS",""
"01:52:07.2269979","LightingService.exe","6180","CreateFileMapping","C:\Program Files\ASUS\AuraSDK\AuraSdk_x86.dll","SUCCESS","SyncType: SyncTypeOther"
"01:52:07.2270008","LightingService.exe","6180","FASTIO_RELEASE_FOR_SECTION_SYNCHRONIZATION","C:\Program Files\ASUS\AuraSDK\AuraSdk_x86.dll","SUCCESS",""
"01:52:07.2270043","LightingService.exe","6180","RegCloseKey","HKLM\SOFTWARE\WOW6432Node\Microsoft\.NETFramework","SUCCESS",""
"01:52:07.2273242","LightingService.exe","6180","QueryStandardInformationFile","C:\Program Files\ASUS\AuraSDK\AuraSdk_x86.dll","SUCCESS","AllocationSize: 884736, EndOfFile: 882072, NumberOfLinks: 1, DeletePending: False, Directory: False"
"01:52:07.2273289","LightingService.exe","6180","CreateFileMapping","C:\Program Files\ASUS\AuraSDK\AuraSdk_x86.dll","FILE LOCKED WITH ONLY READERS","SyncType: SyncTypeCreateSection, PageProtection: PAGE_READONLY"
"01:52:07.2273324","LightingService.exe","6180","QueryStandardInformationFile","C:\Program Files\ASUS\AuraSDK\AuraSdk_x86.dll","SUCCESS","AllocationSize: 884736, EndOfFile: 882072, NumberOfLinks: 1, DeletePending: False, Directory: False"
"01:52:07.2273359","LightingService.exe","6180","FASTIO_RELEASE_FOR_SECTION_SYNCHRONIZATION","C:\Program Files\ASUS\AuraSDK\AuraSdk_x86.dll","SUCCESS",""
"01:52:07.2273387","LightingService.exe","6180","CreateFileMapping","C:\Program Files\ASUS\AuraSDK\AuraSdk_x86.dll","SUCCESS","SyncType: SyncTypeOther"
"01:52:07.2273415","LightingService.exe","6180","FASTIO_RELEASE_FOR_SECTION_SYNCHRONIZATION","C:\Program Files\ASUS\AuraSDK\AuraSdk_x86.dll","SUCCESS",""
"01:52:07.2274183","LightingService.exe","6180","ReadFile","C:\Program Files\ASUS\AuraSDK\AuraSdk_x86.dll","SUCCESS","Offset: 0, Length: 524288, Priority: Normal"
"01:52:07.2274570","LightingService.exe","6180","CreateFile","C:\Program Files (x86)\LightingService\AuraHueWrapper.dll","SUCCESS","Desired Access: Generic Read, Disposition: Open, Options: Sequential Access, Synchronous IO Non-Alert, Non-Directory File, Attributes: n/a, ShareMode: Read, AllocationSize: n/a, OpenResult: Opened"
"01:52:07.2275296","LightingService.exe","6180","QueryStandardInformationFile","C:\Program Files (x86)\LightingService\AuraHueWrapper.dll","SUCCESS","AllocationSize: 53248, EndOfFile: 50480, NumberOfLinks: 1, DeletePending: False, Directory: False"
"01:52:07.2275547","LightingService.exe","6180","CreateFileMapping","C:\Program Files (x86)\LightingService\AuraHueWrapper.dll","FILE LOCKED WITH ONLY READERS","SyncType: SyncTypeCreateSection, PageProtection: PAGE_READONLY"
"01:52:07.2275736","LightingService.exe","6180","QueryStandardInformationFile","C:\Program Files (x86)\LightingService\AuraHueWrapper.dll","SUCCESS","AllocationSize: 53248, EndOfFile: 50480, NumberOfLinks: 1, DeletePending: False, Directory: False"
"01:52:07.2275892","LightingService.exe","6180","FASTIO_RELEASE_FOR_SECTION_SYNCHRONIZATION","C:\Program Files (x86)\LightingService\AuraHueWrapper.dll","SUCCESS",""
"01:52:07.2276017","LightingService.exe","6180","CreateFileMapping","C:\Program Files (x86)\LightingService\AuraHueWrapper.dll","SUCCESS","SyncType: SyncTypeOther"
"01:52:07.2276129","LightingService.exe","6180","FASTIO_RELEASE_FOR_SECTION_SYNCHRONIZATION","C:\Program Files (x86)\LightingService\AuraHueWrapper.dll","SUCCESS",""
"01:52:07.2276583","LightingService.exe","6180","CloseFile","C:\Program Files (x86)\LightingService\AuraHueWrapper.dll","SUCCESS",""
"01:52:07.2276856","LightingService.exe","6180","IRP_MJ_CLOSE","C:\Program Files (x86)\LightingService\AuraHueWrapper.dll","SUCCESS",""
"01:52:07.2278328","LightingService.exe","6180","CreateFile","C:\Program Files (x86)\LightingService\AuraHueWrapper.dll","SUCCESS","Desired Access: Generic Read, Disposition: Open, Options: Sequential Access, Synchronous IO Non-Alert, Non-Directory File, Attributes: n/a, ShareMode: Read, AllocationSize: n/a, OpenResult: Opened"
"01:52:07.2278817","LightingService.exe","6180","QueryStandardInformationFile","C:\Program Files (x86)\LightingService\AuraHueWrapper.dll","SUCCESS","AllocationSize: 53248, EndOfFile: 50480, NumberOfLinks: 1, DeletePending: False, Directory: False"
"01:52:07.2279000","LightingService.exe","6180","CreateFileMapping","C:\Program Files (x86)\LightingService\AuraHueWrapper.dll","FILE LOCKED WITH ONLY READERS","SyncType: SyncTypeCreateSection, PageProtection: PAGE_READONLY"
"01:52:07.2279149","LightingService.exe","6180","QueryStandardInformationFile","C:\Program Files (x86)\LightingService\AuraHueWrapper.dll","SUCCESS","AllocationSize: 53248, EndOfFile: 50480, NumberOfLinks: 1, DeletePending: False, Directory: False"
"01:52:07.2279287","LightingService.exe","6180","FASTIO_RELEASE_FOR_SECTION_SYNCHRONIZATION","C:\Program Files (x86)\LightingService\AuraHueWrapper.dll","SUCCESS",""
"01:52:07.2279393","LightingService.exe","6180","CreateFileMapping","C:\Program Files (x86)\LightingService\AuraHueWrapper.dll","SUCCESS","SyncType: SyncTypeOther"
"01:52:07.2279497","LightingService.exe","6180","FASTIO_RELEASE_FOR_SECTION_SYNCHRONIZATION","C:\Program Files (x86)\LightingService\AuraHueWrapper.dll","SUCCESS",""
"01:52:07.2279819","LightingService.exe","6180","CloseFile","C:\Program Files (x86)\LightingService\AuraHueWrapper.dll","SUCCESS",""
"01:52:07.2280072","LightingService.exe","6180","IRP_MJ_CLOSE","C:\Program Files (x86)\LightingService\AuraHueWrapper.dll","SUCCESS",""
"01:52:07.2280734","LightingService.exe","6180","RegQueryKey","HKU\.DEFAULT","SUCCESS","Query: HandleTags, HandleTags: 0x0"
"01:52:07.2280889","LightingService.exe","6180","RegQueryKey","HKU\.DEFAULT","SUCCESS","Query: Name"
"01:52:07.2281157","LightingService.exe","6180","RegOpenKey","HKU\.DEFAULT\Software\Microsoft\.NETFramework","NAME NOT FOUND","Desired Access: Read"
"01:52:07.2281450","LightingService.exe","6180","RegQueryKey","HKLM","SUCCESS","Query: HandleTags, HandleTags: 0x0"
"01:52:07.2281563","LightingService.exe","6180","RegQueryKey","HKLM","SUCCESS","Query: Name"
"01:52:07.2281780","LightingService.exe","6180","RegOpenKey","HKLM\Software\WOW6432Node\Microsoft\.NETFramework","SUCCESS","Desired Access: Read"
"01:52:07.2282032","LightingService.exe","6180","RegSetInfoKey","HKLM\SOFTWARE\WOW6432Node\Microsoft\.NETFramework","SUCCESS","KeySetInformationClass: KeySetHandleTagsInformation, Length: 0"
"01:52:07.2283380","LightingService.exe","6180","CreateFile","C:\Program Files (x86)\LightingService\AuraHueWrapper.dll.config","NAME NOT FOUND","Desired Access: Generic Read, Disposition: Open, Options: Synchronous IO Non-Alert, Non-Directory File, Attributes: N, ShareMode: Read, AllocationSize: n/a"
"01:52:07.2284599","LightingService.exe","6180","CreateFile","C:\Program Files (x86)\LightingService\AuraHueWrapper.dll","SUCCESS","Desired Access: Generic Read, Disposition: Open, Options: Sequential Access, Synchronous IO Non-Alert, Non-Directory File, Attributes: n/a, ShareMode: Read, AllocationSize: n/a, OpenResult: Opened"
"01:52:07.2285046","LightingService.exe","6180","QueryStandardInformationFile","C:\Program Files (x86)\LightingService\AuraHueWrapper.dll","SUCCESS","AllocationSize: 53248, EndOfFile: 50480, NumberOfLinks: 1, DeletePending: False, Directory: False"
"01:52:07.2285229","LightingService.exe","6180","CreateFileMapping","C:\Program Files (x86)\LightingService\AuraHueWrapper.dll","FILE LOCKED WITH ONLY READERS","SyncType: SyncTypeCreateSection, PageProtection: PAGE_READONLY"
"01:52:07.2285376","LightingService.exe","6180","QueryStandardInformationFile","C:\Program Files (x86)\LightingService\AuraHueWrapper.dll","SUCCESS","AllocationSize: 53248, EndOfFile: 50480, NumberOfLinks: 1, DeletePending: False, Directory: False"
"01:52:07.2285511","LightingService.exe","6180","FASTIO_RELEASE_FOR_SECTION_SYNCHRONIZATION","C:\Program Files (x86)\LightingService\AuraHueWrapper.dll","SUCCESS",""
"01:52:07.2285619","LightingService.exe","6180","CreateFileMapping","C:\Program Files (x86)\LightingService\AuraHueWrapper.dll","SUCCESS","SyncType: SyncTypeOther"
"01:52:07.2285724","LightingService.exe","6180","FASTIO_RELEASE_FOR_SECTION_SYNCHRONIZATION","C:\Program Files (x86)\LightingService\AuraHueWrapper.dll","SUCCESS",""
"01:52:07.2286044","LightingService.exe","6180","CloseFile","C:\Program Files (x86)\LightingService\AuraHueWrapper.dll","SUCCESS",""
"01:52:07.2286361","LightingService.exe","6180","IRP_MJ_CLOSE","C:\Program Files (x86)\LightingService\AuraHueWrapper.dll","SUCCESS",""
"01:52:07.2287569","LightingService.exe","6180","CreateFile","C:\Program Files (x86)\LightingService\AuraHueWrapper.dll","SUCCESS","Desired Access: Generic Read, Disposition: Open, Options: Sequential Access, Synchronous IO Non-Alert, Non-Directory File, Attributes: n/a, ShareMode: Read, AllocationSize: n/a, OpenResult: Opened"
"01:52:07.2288000","LightingService.exe","6180","QueryStandardInformationFile","C:\Program Files (x86)\LightingService\AuraHueWrapper.dll","SUCCESS","AllocationSize: 53248, EndOfFile: 50480, NumberOfLinks: 1, DeletePending: False, Directory: False"
"01:52:07.2288170","LightingService.exe","6180","CreateFileMapping","C:\Program Files (x86)\LightingService\AuraHueWrapper.dll","FILE LOCKED WITH ONLY READERS","SyncType: SyncTypeCreateSection, PageProtection: PAGE_READONLY"
"01:52:07.2288305","LightingService.exe","6180","QueryStandardInformationFile","C:\Program Files (x86)\LightingService\AuraHueWrapper.dll","SUCCESS","AllocationSize: 53248, EndOfFile: 50480, NumberOfLinks: 1, DeletePending: False, Directory: False"
"01:52:07.2288435","LightingService.exe","6180","FASTIO_RELEASE_FOR_SECTION_SYNCHRONIZATION","C:\Program Files (x86)\LightingService\AuraHueWrapper.dll","SUCCESS",""
"01:52:07.2288540","LightingService.exe","6180","CreateFileMapping","C:\Program Files (x86)\LightingService\AuraHueWrapper.dll","SUCCESS","SyncType: SyncTypeOther"
"01:52:07.2288643","LightingService.exe","6180","FASTIO_RELEASE_FOR_SECTION_SYNCHRONIZATION","C:\Program Files (x86)\LightingService\AuraHueWrapper.dll","SUCCESS",""
"01:52:07.2288919","LightingService.exe","6180","CloseFile","C:\Program Files (x86)\LightingService\AuraHueWrapper.dll","SUCCESS",""
"01:52:07.2289117","LightingService.exe","6180","IRP_MJ_CLOSE","C:\Program Files (x86)\LightingService\AuraHueWrapper.dll","SUCCESS",""
"01:52:07.2289567","LightingService.exe","6180","RegQueryKey","HKLM\SOFTWARE\WOW6432Node\Microsoft\.NETFramework","SUCCESS","Query: HandleTags, HandleTags: 0x400"
"01:52:07.2289728","LightingService.exe","6180","RegOpenKey","HKLM\SOFTWARE\WOW6432Node\Microsoft\.NETFramework\Policy\Standards","SUCCESS","Desired Access: Read"
"01:52:07.2290242","LightingService.exe","6180","RegQueryKey","HKLM\SOFTWARE\WOW6432Node\Microsoft\.NETFramework\policy\standards","SUCCESS","Query: HandleTags, HandleTags: 0x400"
"01:52:07.2290371","LightingService.exe","6180","RegOpenKey","HKLM\SOFTWARE\WOW6432Node\Microsoft\.NETFramework\policy\standards\v4.0.30319","NAME NOT FOUND","Desired Access: Read"
"01:52:07.2290576","LightingService.exe","6180","RegCloseKey","HKLM\SOFTWARE\WOW6432Node\Microsoft\.NETFramework\policy\standards","SUCCESS",""
"01:52:07.2290875","LightingService.exe","6180","RegQueryKey","HKLM","SUCCESS","Query: HandleTags, HandleTags: 0x0"
"01:52:07.2290990","LightingService.exe","6180","RegQueryKey","HKLM","SUCCESS","Query: Name"
"01:52:07.2291206","LightingService.exe","6180","RegOpenKey","HKLM\SOFTWARE\WOW6432Node\Microsoft\Fusion","SUCCESS","Desired Access: Read"
"01:52:07.2291412","LightingService.exe","6180","RegSetInfoKey","HKLM\SOFTWARE\WOW6432Node\Microsoft\Fusion","SUCCESS","KeySetInformationClass: KeySetHandleTagsInformation, Length: 0"
"01:52:07.2291563","LightingService.exe","6180","RegQueryValue","HKLM\SOFTWARE\WOW6432Node\Microsoft\Fusion\NoClientChecks","NAME NOT FOUND","Length: 16"
"01:52:07.2291730","LightingService.exe","6180","RegCloseKey","HKLM\SOFTWARE\WOW6432Node\Microsoft\Fusion","SUCCESS",""
"01:52:07.2293067","LightingService.exe","6180","QueryOpen","C:\Windows\Microsoft.NET\Framework\v4.0.30319\clr.dll","FAST IO DISALLOWED",""
"01:52:07.2293569","LightingService.exe","6180","CreateFile","C:\Windows\Microsoft.NET\Framework\v4.0.30319\clr.dll","SUCCESS","Desired Access: Read Attributes, Disposition: Open, Options: Open Reparse Point, Attributes: n/a, ShareMode: Read, Write, Delete, AllocationSize: n/a, OpenResult: Opened"
"01:52:07.2293927","LightingService.exe","6180","QueryBasicInformationFile","C:\Windows\Microsoft.NET\Framework\v4.0.30319\clr.dll","SUCCESS","CreationTime: 26-11-2025 09:17:59, LastAccessTime: 16-08-2026 01:51:51, LastWriteTime: 17-09-2025 03:22:40, ChangeTime: 26-11-2025 09:18:43, FileAttributes: A"
"01:52:07.2294027","LightingService.exe","6180","CloseFile","C:\Windows\Microsoft.NET\Framework\v4.0.30319\clr.dll","SUCCESS",""
"01:52:07.2294161","LightingService.exe","6180","IRP_MJ_CLOSE","C:\Windows\Microsoft.NET\Framework\v4.0.30319\clr.dll","SUCCESS",""
"01:52:07.2294399","LightingService.exe","6180","RegOpenKey","HKLM\Software\WOW6432Node\Policies\Microsoft\MUI\Settings","REPARSE","Desired Access: Read"
"01:52:07.2294530","LightingService.exe","6180","RegOpenKey","HKLM\SOFTWARE\Policies\Microsoft\MUI\Settings","NAME NOT FOUND","Desired Access: Read"
"01:52:07.2294682","LightingService.exe","6180","RegOpenKey","HKU\S-1-5-18","REPARSE","Desired Access: Maximum Allowed"
"01:52:07.2294789","LightingService.exe","6180","RegOpenKey","HKU\.DEFAULT","SUCCESS","Desired Access: Maximum Allowed, Granted Access: All Access"
"01:52:07.2294944","LightingService.exe","6180","RegQueryKey","HKU\.DEFAULT","SUCCESS","Query: HandleTags, HandleTags: 0x0"
"01:52:07.2295011","LightingService.exe","6180","RegQueryKey","HKU\.DEFAULT","SUCCESS","Query: Name"
"01:52:07.2295107","LightingService.exe","6180","RegOpenKey","HKU\.DEFAULT\Software\Policies\Microsoft\Control Panel\Desktop","NAME NOT FOUND","Desired Access: Read"
"01:52:07.2295236","LightingService.exe","6180","RegQueryKey","HKU\.DEFAULT","SUCCESS","Query: HandleTags, HandleTags: 0x0"
"01:52:07.2295298","LightingService.exe","6180","RegQueryKey","HKU\.DEFAULT","SUCCESS","Query: Name"
"01:52:07.2295391","LightingService.exe","6180","RegOpenKey","HKU\.DEFAULT\Control Panel\Desktop","SUCCESS","Desired Access: Read"
"01:52:07.2295497","LightingService.exe","6180","RegSetInfoKey","HKU\.DEFAULT\Control Panel\Desktop","SUCCESS","KeySetInformationClass: KeySetHandleTagsInformation, Length: 0"
"01:52:07.2295573","LightingService.exe","6180","RegQueryValue","HKU\.DEFAULT\Control Panel\Desktop\PreferredUILanguages","NAME NOT FOUND","Length: 12"
"01:52:07.2295669","LightingService.exe","6180","RegCloseKey","HKU\.DEFAULT\Control Panel\Desktop","SUCCESS",""
"01:52:07.2295745","LightingService.exe","6180","RegCloseKey","HKU\.DEFAULT","SUCCESS",""
"01:52:07.2295846","LightingService.exe","6180","RegOpenKey","HKLM\Software\WOW6432Node\Policies\Microsoft\MUI\Settings","REPARSE","Desired Access: Read"
"01:52:07.2295940","LightingService.exe","6180","RegOpenKey","HKLM\SOFTWARE\Policies\Microsoft\MUI\Settings","NAME NOT FOUND","Desired Access: Read"
"01:52:07.2296055","LightingService.exe","6180","RegOpenKey","HKU\S-1-5-18","REPARSE","Desired Access: Maximum Allowed"
"01:52:07.2296138","LightingService.exe","6180","RegOpenKey","HKU\.DEFAULT","SUCCESS","Desired Access: Maximum Allowed, Granted Access: All Access"
"01:52:07.2296257","LightingService.exe","6180","RegQueryKey","HKU\.DEFAULT","SUCCESS","Query: HandleTags, HandleTags: 0x0"
"01:52:07.2296321","LightingService.exe","6180","RegQueryKey","HKU\.DEFAULT","SUCCESS","Query: Name"
"01:52:07.2296410","LightingService.exe","6180","RegOpenKey","HKU\.DEFAULT\Software\Policies\Microsoft\Control Panel\Desktop","NAME NOT FOUND","Desired Access: Read"
"01:52:07.2296521","LightingService.exe","6180","RegQueryKey","HKU\.DEFAULT","SUCCESS","Query: HandleTags, HandleTags: 0x0"
"01:52:07.2296583","LightingService.exe","6180","RegQueryKey","HKU\.DEFAULT","SUCCESS","Query: Name"
"01:52:07.2296669","LightingService.exe","6180","RegOpenKey","HKU\.DEFAULT\Control Panel\Desktop\LanguageConfiguration","NAME NOT FOUND","Desired Access: Read"
"01:52:07.2296781","LightingService.exe","6180","RegCloseKey","HKU\.DEFAULT","SUCCESS",""
"01:52:07.2297650","LightingService.exe","6180","QueryOpen","C:\Windows\Microsoft.NET\Framework\v4.0.30319\clr.dll","FAST IO DISALLOWED",""
"01:52:07.2298149","LightingService.exe","6180","CreateFile","C:\Windows\Microsoft.NET\Framework\v4.0.30319\clr.dll","SUCCESS","Desired Access: Read Attributes, Disposition: Open, Options: Open Reparse Point, Attributes: n/a, ShareMode: Read, Write, Delete, AllocationSize: n/a, OpenResult: Opened"
"01:52:07.2298474","LightingService.exe","6180","QueryBasicInformationFile","C:\Windows\Microsoft.NET\Framework\v4.0.30319\clr.dll","SUCCESS","CreationTime: 26-11-2025 09:17:59, LastAccessTime: 16-08-2026 01:51:51, LastWriteTime: 17-09-2025 03:22:40, ChangeTime: 26-11-2025 09:18:43, FileAttributes: A"
"01:52:07.2298566","LightingService.exe","6180","CloseFile","C:\Windows\Microsoft.NET\Framework\v4.0.30319\clr.dll","SUCCESS",""
"01:52:07.2298696","LightingService.exe","6180","IRP_MJ_CLOSE","C:\Windows\Microsoft.NET\Framework\v4.0.30319\clr.dll","SUCCESS",""
"01:52:07.2298967","LightingService.exe","6180","RegCloseKey","HKLM\SOFTWARE\WOW6432Node\Microsoft\.NETFramework","SUCCESS",""
"01:52:07.2320177","LightingService.exe","6180","RegQueryKey","HKU","SUCCESS","Query: HandleTags, HandleTags: 0x0"
"01:52:07.2320239","LightingService.exe","6180","RegQueryKey","HKU","SUCCESS","Query: Name"
"01:52:07.2320328","LightingService.exe","6180","RegOpenKey","HKU\S-1-5-18","REPARSE","Desired Access: Maximum Allowed"
"01:52:07.2320402","LightingService.exe","6180","RegOpenKey","HKU\.DEFAULT","SUCCESS","Desired Access: Maximum Allowed, Granted Access: All Access"
"01:52:07.2320487","LightingService.exe","6180","RegQueryKey","HKU\.DEFAULT","SUCCESS","Query: HandleTags, HandleTags: 0x0"
"01:52:07.2320520","LightingService.exe","6180","RegQueryKey","HKU\.DEFAULT","SUCCESS","Query: Name"
"01:52:07.2320576","LightingService.exe","6180","RegOpenKey","HKU\.DEFAULT\Software\Microsoft\SystemCertificates\Disallowed\PhysicalStores","NAME NOT FOUND","Desired Access: Read"
"01:52:07.2320667","LightingService.exe","6180","RegCloseKey","HKU\.DEFAULT","SUCCESS",""
"01:52:07.2320808","LightingService.exe","6180","RegQueryKey","HKU","SUCCESS","Query: HandleTags, HandleTags: 0x0"
"01:52:07.2320840","LightingService.exe","6180","RegQueryKey","HKU","SUCCESS","Query: Name"
"01:52:07.2320890","LightingService.exe","6180","RegOpenKey","HKU\S-1-5-18","REPARSE","Desired Access: Maximum Allowed"
"01:52:07.2320933","LightingService.exe","6180","RegOpenKey","HKU\.DEFAULT","SUCCESS","Desired Access: Maximum Allowed, Granted Access: All Access"
"01:52:07.2320997","LightingService.exe","6180","RegQueryKey","HKU\.DEFAULT","SUCCESS","Query: HandleTags, HandleTags: 0x0"
"01:52:07.2321030","LightingService.exe","6180","RegQueryKey","HKU\.DEFAULT","SUCCESS","Query: Name"
"01:52:07.2321090","LightingService.exe","6180","RegCreateKey","HKU\.DEFAULT\Software\Microsoft\SystemCertificates\Disallowed","SUCCESS","Desired Access: Read/Write, Delete, Disposition: REG_OPENED_EXISTING_KEY"
"01:52:07.2321231","LightingService.exe","6180","RegSetInfoKey","HKU\.DEFAULT\Software\Microsoft\SystemCertificates\Disallowed","SUCCESS","KeySetInformationClass: KeySetHandleTagsInformation, Length: 0"
"01:52:07.2321276","LightingService.exe","6180","RegCloseKey","HKU\.DEFAULT","SUCCESS",""
"01:52:07.2321315","LightingService.exe","6180","RegCloseKey","HKU\.DEFAULT\Software\Microsoft\SystemCertificates\Disallowed","SUCCESS",""
"01:52:07.2321373","LightingService.exe","6180","RegQueryKey","HKLM","SUCCESS","Query: HandleTags, HandleTags: 0x0"
"01:52:07.2321404","LightingService.exe","6180","RegQueryKey","HKLM","SUCCESS","Query: Name"
"01:52:07.2321470","LightingService.exe","6180","RegOpenKey","HKLM\Software\WOW6432Node\Policies\Microsoft\SystemCertificates\TrustedPublisher\Safer","REPARSE","Desired Access: Read"
"01:52:07.2321527","LightingService.exe","6180","RegOpenKey","HKLM\SOFTWARE\Policies\Microsoft\SystemCertificates\TrustedPublisher\Safer","NAME NOT FOUND","Desired Access: Read"
"01:52:07.2321621","LightingService.exe","6180","RegQueryKey","HKU","SUCCESS","Query: HandleTags, HandleTags: 0x0"
"01:52:07.2321650","LightingService.exe","6180","RegQueryKey","HKU","SUCCESS","Query: Name"
"01:52:07.2321697","LightingService.exe","6180","RegOpenKey","HKU\S-1-5-18","REPARSE","Desired Access: Maximum Allowed"
"01:52:07.2321737","LightingService.exe","6180","RegOpenKey","HKU\.DEFAULT","SUCCESS","Desired Access: Maximum Allowed, Granted Access: All Access"
"01:52:07.2321794","LightingService.exe","6180","RegQueryKey","HKU\.DEFAULT","SUCCESS","Query: HandleTags, HandleTags: 0x0"
"01:52:07.2321825","LightingService.exe","6180","RegQueryKey","HKU\.DEFAULT","SUCCESS","Query: Name"
"01:52:07.2321875","LightingService.exe","6180","RegOpenKey","HKU\.DEFAULT\Software\Policies\Microsoft\SystemCertificates\TrustedPublisher\Safer","NAME NOT FOUND","Desired Access: Read"
"01:52:07.2321930","LightingService.exe","6180","RegCloseKey","HKU\.DEFAULT","SUCCESS",""
"01:52:07.2321976","LightingService.exe","6180","RegQueryKey","HKLM","SUCCESS","Query: HandleTags, HandleTags: 0x0"
"01:52:07.2322006","LightingService.exe","6180","RegQueryKey","HKLM","SUCCESS","Query: Name"
"01:52:07.2322062","LightingService.exe","6180","RegOpenKey","HKLM\Software\WOW6432Node\Microsoft\SystemCertificates\TrustedPublisher\Safer","REPARSE","Desired Access: Read"
"01:52:07.2322111","LightingService.exe","6180","RegOpenKey","HKLM\SOFTWARE\Microsoft\SystemCertificates\TrustedPublisher\Safer","NAME NOT FOUND","Desired Access: Read"
"01:52:07.2322357","LightingService.exe","6180","RegQueryKey","HKU","SUCCESS","Query: HandleTags, HandleTags: 0x0"
"01:52:07.2322388","LightingService.exe","6180","RegQueryKey","HKU","SUCCESS","Query: Name"
"01:52:07.2322435","LightingService.exe","6180","RegOpenKey","HKU\S-1-5-18","REPARSE","Desired Access: Maximum Allowed"
"01:52:07.2322476","LightingService.exe","6180","RegOpenKey","HKU\.DEFAULT","SUCCESS","Desired Access: Maximum Allowed, Granted Access: All Access"
"01:52:07.2322532","LightingService.exe","6180","RegQueryKey","HKU\.DEFAULT","SUCCESS","Query: HandleTags, HandleTags: 0x0"
"01:52:07.2322564","LightingService.exe","6180","RegQueryKey","HKU\.DEFAULT","SUCCESS","Query: Name"
"01:52:07.2322618","LightingService.exe","6180","RegCreateKey","HKU\.DEFAULT\Software\Microsoft\SystemCertificates\Disallowed","SUCCESS","Desired Access: Read/Write, Delete, Disposition: REG_OPENED_EXISTING_KEY"
"01:52:07.2322710","LightingService.exe","6180","RegSetInfoKey","HKU\.DEFAULT\Software\Microsoft\SystemCertificates\Disallowed","SUCCESS","KeySetInformationClass: KeySetHandleTagsInformation, Length: 0"
"01:52:07.2322746","LightingService.exe","6180","RegCloseKey","HKU\.DEFAULT","SUCCESS",""
"01:52:07.2322798","LightingService.exe","6180","RegQueryKey","HKU\.DEFAULT\Software\Microsoft\SystemCertificates\Disallowed","SUCCESS","Query: HandleTags, HandleTags: 0x400"
"01:52:07.2322931","LightingService.exe","6180","RegOpenKey","HKU\.DEFAULT\Software\Microsoft\SystemCertificates\Disallowed","SUCCESS","Desired Access: Read"
"01:52:07.2323167","LightingService.exe","6180","RegQueryKey","HKU\.DEFAULT\Software\Microsoft\SystemCertificates\Disallowed","SUCCESS","Query: HandleTags, HandleTags: 0x400"
"01:52:07.2323264","LightingService.exe","6180","RegCreateKey","HKU\.DEFAULT\Software\Microsoft\SystemCertificates\Disallowed\Certificates","SUCCESS","Desired Access: Read/Write, Delete, Disposition: REG_OPENED_EXISTING_KEY"
"01:52:07.2323454","LightingService.exe","6180","RegQueryKey","HKU\.DEFAULT\Software\Microsoft\SystemCertificates\Disallowed\Certificates","SUCCESS","Query: Cached, SubKeys: 0, Values: 0"
"01:52:07.2323502","LightingService.exe","6180","RegQueryKey","HKU\.DEFAULT\Software\Microsoft\SystemCertificates\Disallowed\Certificates","SUCCESS","Query: Cached, SubKeys: 0, Values: 0"
"01:52:07.2323561","LightingService.exe","6180","RegCloseKey","HKU\.DEFAULT\Software\Microsoft\SystemCertificates\Disallowed\Certificates","SUCCESS",""
"01:52:07.2323620","LightingService.exe","6180","RegQueryKey","HKU\.DEFAULT\Software\Microsoft\SystemCertificates\Disallowed","SUCCESS","Query: HandleTags, HandleTags: 0x400"
"01:52:07.2323673","LightingService.exe","6180","RegCreateKey","HKU\.DEFAULT\Software\Microsoft\SystemCertificates\Disallowed\CRLs","SUCCESS","Desired Access: Read/Write, Delete, Disposition: REG_OPENED_EXISTING_KEY"
"01:52:07.2323774","LightingService.exe","6180","RegQueryKey","HKU\.DEFAULT\Software\Microsoft\SystemCertificates\Disallowed\CRLs","SUCCESS","Query: Cached, SubKeys: 0, Values: 0"
"01:52:07.2323814","LightingService.exe","6180","RegQueryKey","HKU\.DEFAULT\Software\Microsoft\SystemCertificates\Disallowed\CRLs","SUCCESS","Query: Cached, SubKeys: 0, Values: 0"
"01:52:07.2323861","LightingService.exe","6180","RegCloseKey","HKU\.DEFAULT\Software\Microsoft\SystemCertificates\Disallowed\CRLs","SUCCESS",""
"01:52:07.2323915","LightingService.exe","6180","RegQueryKey","HKU\.DEFAULT\Software\Microsoft\SystemCertificates\Disallowed","SUCCESS","Query: HandleTags, HandleTags: 0x400"
"01:52:07.2323960","LightingService.exe","6180","RegCreateKey","HKU\.DEFAULT\Software\Microsoft\SystemCertificates\Disallowed\CTLs","SUCCESS","Desired Access: Read/Write, Delete, Disposition: REG_OPENED_EXISTING_KEY"
"01:52:07.2324084","LightingService.exe","6180","RegQueryKey","HKU\.DEFAULT\Software\Microsoft\SystemCertificates\Disallowed\CTLs","SUCCESS","Query: Cached, SubKeys: 0, Values: 0"
"01:52:07.2324124","LightingService.exe","6180","RegQueryKey","HKU\.DEFAULT\Software\Microsoft\SystemCertificates\Disallowed\CTLs","SUCCESS","Query: Cached, SubKeys: 0, Values: 0"
"01:52:07.2324171","LightingService.exe","6180","RegCloseKey","HKU\.DEFAULT\Software\Microsoft\SystemCertificates\Disallowed\CTLs","SUCCESS",""
"01:52:07.2324229","LightingService.exe","6180","RegCloseKey","HKU\.DEFAULT\Software\Microsoft\SystemCertificates\Disallowed","SUCCESS",""
"01:52:07.2324567","LightingService.exe","6180","RegQueryKey","HKU","SUCCESS","Query: HandleTags, HandleTags: 0x0"
"01:52:07.2324606","LightingService.exe","6180","RegQueryKey","HKU","SUCCESS","Query: Name"
"01:52:07.2324682","LightingService.exe","6180","RegOpenKey","HKU\S-1-5-18","REPARSE","Desired Access: Maximum Allowed"
"01:52:07.2324757","LightingService.exe","6180","RegOpenKey","HKU\.DEFAULT","SUCCESS","Desired Access: Maximum Allowed, Granted Access: All Access"
"01:52:07.2324829","LightingService.exe","6180","RegQueryKey","HKU\.DEFAULT","SUCCESS","Query: HandleTags, HandleTags: 0x0"
"01:52:07.2324867","LightingService.exe","6180","RegQueryKey","HKU\.DEFAULT","SUCCESS","Query: Name"
"01:52:07.2324919","LightingService.exe","6180","RegOpenKey","HKU\.DEFAULT","SUCCESS","Desired Access: Read"
"01:52:07.2324980","LightingService.exe","6180","RegSetInfoKey","HKU\.DEFAULT","SUCCESS","KeySetInformationClass: KeySetHandleTagsInformation, Length: 0"
"01:52:07.2325027","LightingService.exe","6180","RegCloseKey","HKU\.DEFAULT","SUCCESS",""
"01:52:07.2325084","LightingService.exe","6180","RegQueryKey","HKU\.DEFAULT","SUCCESS","Query: HandleTags, HandleTags: 0x400"
"01:52:07.2325128","LightingService.exe","6180","RegCreateKey","HKU\.DEFAULT\Software\Policies\Microsoft\SystemCertificates\Disallowed","SUCCESS","Desired Access: Read/Write, Delete, Disposition: REG_OPENED_EXISTING_KEY"
"01:52:07.2325264","LightingService.exe","6180","RegQueryKey","HKU\.DEFAULT\Software\Policies\Microsoft\SystemCertificates\Disallowed","SUCCESS","Query: HandleTags, HandleTags: 0x400"
"01:52:07.2325304","LightingService.exe","6180","RegCreateKey","HKU\.DEFAULT\Software\Policies\Microsoft\SystemCertificates\Disallowed\Certificates","SUCCESS","Desired Access: Read/Write, Delete, Disposition: REG_OPENED_EXISTING_KEY"
"01:52:07.2325393","LightingService.exe","6180","RegQueryKey","HKU\.DEFAULT\Software\Policies\Microsoft\SystemCertificates\Disallowed\Certificates","SUCCESS","Query: Cached, SubKeys: 0, Values: 0"
"01:52:07.2325430","LightingService.exe","6180","RegQueryKey","HKU\.DEFAULT\Software\Policies\Microsoft\SystemCertificates\Disallowed\Certificates","SUCCESS","Query: Cached, SubKeys: 0, Values: 0"
"01:52:07.2325471","LightingService.exe","6180","RegCloseKey","HKU\.DEFAULT\Software\Policies\Microsoft\SystemCertificates\Disallowed\Certificates","SUCCESS",""
"01:52:07.2325520","LightingService.exe","6180","RegQueryKey","HKU\.DEFAULT\Software\Policies\Microsoft\SystemCertificates\Disallowed","SUCCESS","Query: HandleTags, HandleTags: 0x400"
"01:52:07.2325557","LightingService.exe","6180","RegCreateKey","HKU\.DEFAULT\Software\Policies\Microsoft\SystemCertificates\Disallowed\CRLs","SUCCESS","Desired Access: Read/Write, Delete, Disposition: REG_OPENED_EXISTING_KEY"
"01:52:07.2325816","LightingService.exe","6180","RegQueryKey","HKU\.DEFAULT\Software\Policies\Microsoft\SystemCertificates\Disallowed\CRLs","SUCCESS","Query: Cached, SubKeys: 0, Values: 0"
"01:52:07.2325853","LightingService.exe","6180","RegQueryKey","HKU\.DEFAULT\Software\Policies\Microsoft\SystemCertificates\Disallowed\CRLs","SUCCESS","Query: Cached, SubKeys: 0, Values: 0"
"01:52:07.2325894","LightingService.exe","6180","RegCloseKey","HKU\.DEFAULT\Software\Policies\Microsoft\SystemCertificates\Disallowed\CRLs","SUCCESS",""
"01:52:07.2325943","LightingService.exe","6180","RegQueryKey","HKU\.DEFAULT\Software\Policies\Microsoft\SystemCertificates\Disallowed","SUCCESS","Query: HandleTags, HandleTags: 0x400"
"01:52:07.2325983","LightingService.exe","6180","RegCreateKey","HKU\.DEFAULT\Software\Policies\Microsoft\SystemCertificates\Disallowed\CTLs","SUCCESS","Desired Access: Read/Write, Delete, Disposition: REG_OPENED_EXISTING_KEY"
"01:52:07.2326074","LightingService.exe","6180","RegQueryKey","HKU\.DEFAULT\Software\Policies\Microsoft\SystemCertificates\Disallowed\CTLs","SUCCESS","Query: Cached, SubKeys: 0, Values: 0"
"01:52:07.2326109","LightingService.exe","6180","RegQueryKey","HKU\.DEFAULT\Software\Policies\Microsoft\SystemCertificates\Disallowed\CTLs","SUCCESS","Query: Cached, SubKeys: 0, Values: 0"
"01:52:07.2326148","LightingService.exe","6180","RegCloseKey","HKU\.DEFAULT\Software\Policies\Microsoft\SystemCertificates\Disallowed\CTLs","SUCCESS",""
"01:52:07.2326186","LightingService.exe","6180","RegCloseKey","HKU\.DEFAULT\Software\Policies\Microsoft\SystemCertificates\Disallowed","SUCCESS",""
"01:52:07.2326259","LightingService.exe","6180","RegQueryKey","HKLM","SUCCESS","Query: HandleTags, HandleTags: 0x0"
"01:52:07.2326290","LightingService.exe","6180","RegQueryKey","HKLM","SUCCESS","Query: Name"
"01:52:07.2326359","LightingService.exe","6180","RegOpenKey","HKLM\Software\WOW6432Node\Microsoft\SystemCertificates\Disallowed\PhysicalStores","REPARSE","Desired Access: Read"
"01:52:07.2326424","LightingService.exe","6180","RegOpenKey","HKLM\SOFTWARE\Microsoft\SystemCertificates\Disallowed\PhysicalStores","NAME NOT FOUND","Desired Access: Read"
"01:52:07.2326508","LightingService.exe","6180","RegQueryKey","HKLM","SUCCESS","Query: HandleTags, HandleTags: 0x0"
"01:52:07.2326539","LightingService.exe","6180","RegQueryKey","HKLM","SUCCESS","Query: Name"
"01:52:07.2326597","LightingService.exe","6180","RegCreateKey","HKLM\Software\WOW6432Node\Microsoft\SystemCertificates\Disallowed","REPARSE","Desired Access: Read/Write, Delete"
"01:52:07.2326694","LightingService.exe","6180","RegCreateKey","HKLM\SOFTWARE\Microsoft\SystemCertificates\Disallowed","SUCCESS","Desired Access: Read/Write, Delete, Disposition: REG_OPENED_EXISTING_KEY"
"01:52:07.2326774","LightingService.exe","6180","RegSetInfoKey","HKLM\SOFTWARE\Microsoft\SystemCertificates\Disallowed","SUCCESS","KeySetInformationClass: KeySetHandleTagsInformation, Length: 0"
"01:52:07.2326812","LightingService.exe","6180","RegCloseKey","HKLM\SOFTWARE\Microsoft\SystemCertificates\Disallowed","SUCCESS",""
"01:52:07.2326865","LightingService.exe","6180","RegQueryKey","HKLM","SUCCESS","Query: HandleTags, HandleTags: 0x0"
"01:52:07.2326895","LightingService.exe","6180","RegQueryKey","HKLM","SUCCESS","Query: Name"
"01:52:07.2326952","LightingService.exe","6180","RegOpenKey","HKLM\Software\WOW6432Node\Policies\Microsoft\SystemCertificates\TrustedPublisher\Safer","REPARSE","Desired Access: Read"
"01:52:07.2327004","LightingService.exe","6180","RegOpenKey","HKLM\SOFTWARE\Policies\Microsoft\SystemCertificates\TrustedPublisher\Safer","NAME NOT FOUND","Desired Access: Read"
"01:52:07.2327097","LightingService.exe","6180","RegQueryKey","HKU","SUCCESS","Query: HandleTags, HandleTags: 0x0"
"01:52:07.2327127","LightingService.exe","6180","RegQueryKey","HKU","SUCCESS","Query: Name"
"01:52:07.2327175","LightingService.exe","6180","RegOpenKey","HKU\S-1-5-18","REPARSE","Desired Access: Maximum Allowed"
"01:52:07.2327219","LightingService.exe","6180","RegOpenKey","HKU\.DEFAULT","SUCCESS","Desired Access: Maximum Allowed, Granted Access: All Access"
"01:52:07.2327275","LightingService.exe","6180","RegQueryKey","HKU\.DEFAULT","SUCCESS","Query: HandleTags, HandleTags: 0x0"
"01:52:07.2327307","LightingService.exe","6180","RegQueryKey","HKU\.DEFAULT","SUCCESS","Query: Name"
"01:52:07.2327356","LightingService.exe","6180","RegOpenKey","HKU\.DEFAULT\Software\Policies\Microsoft\SystemCertificates\TrustedPublisher\Safer","NAME NOT FOUND","Desired Access: Read"
"01:52:07.2327411","LightingService.exe","6180","RegCloseKey","HKU\.DEFAULT","SUCCESS",""
"01:52:07.2327456","LightingService.exe","6180","RegQueryKey","HKLM","SUCCESS","Query: HandleTags, HandleTags: 0x0"
"01:52:07.2327486","LightingService.exe","6180","RegQueryKey","HKLM","SUCCESS","Query: Name"
"01:52:07.2327540","LightingService.exe","6180","RegOpenKey","HKLM\Software\WOW6432Node\Microsoft\SystemCertificates\TrustedPublisher\Safer","REPARSE","Desired Access: Read"
"01:52:07.2327586","LightingService.exe","6180","RegOpenKey","HKLM\SOFTWARE\Microsoft\SystemCertificates\TrustedPublisher\Safer","NAME NOT FOUND","Desired Access: Read"
"01:52:07.2327662","LightingService.exe","6180","RegQueryKey","HKLM","SUCCESS","Query: HandleTags, HandleTags: 0x0"
"01:52:07.2327692","LightingService.exe","6180","RegQueryKey","HKLM","SUCCESS","Query: Name"
"01:52:07.2327748","LightingService.exe","6180","RegCreateKey","HKLM\Software\WOW6432Node\Microsoft\SystemCertificates\Disallowed","REPARSE","Desired Access: Read/Write, Delete"
"01:52:07.2327831","LightingService.exe","6180","RegCreateKey","HKLM\SOFTWARE\Microsoft\SystemCertificates\Disallowed","SUCCESS","Desired Access: Read/Write, Delete, Disposition: REG_OPENED_EXISTING_KEY"
"01:52:07.2327896","LightingService.exe","6180","RegSetInfoKey","HKLM\SOFTWARE\Microsoft\SystemCertificates\Disallowed","SUCCESS","KeySetInformationClass: KeySetHandleTagsInformation, Length: 0"
"01:52:07.2327955","LightingService.exe","6180","RegQueryKey","HKLM\SOFTWARE\Microsoft\SystemCertificates\Disallowed","SUCCESS","Query: HandleTags, HandleTags: 0x400"
"01:52:07.2327991","LightingService.exe","6180","RegOpenKey","HKLM\SOFTWARE\Microsoft\SystemCertificates\Disallowed","SUCCESS","Desired Access: Read"
"01:52:07.2328047","LightingService.exe","6180","RegQueryKey","HKLM\SOFTWARE\Microsoft\SystemCertificates\Disallowed","SUCCESS","Query: HandleTags, HandleTags: 0x400"
"01:52:07.2328084","LightingService.exe","6180","RegCreateKey","HKLM\SOFTWARE\Microsoft\SystemCertificates\Disallowed\Certificates","SUCCESS","Desired Access: Read/Write, Delete, Disposition: REG_OPENED_EXISTING_KEY"
"01:52:07.2328184","LightingService.exe","6180","RegQueryKey","HKLM\SOFTWARE\Microsoft\SystemCertificates\Disallowed\Certificates","SUCCESS","Query: Cached, SubKeys: 0, Values: 0"
"01:52:07.2328221","LightingService.exe","6180","RegQueryKey","HKLM\SOFTWARE\Microsoft\SystemCertificates\Disallowed\Certificates","SUCCESS","Query: Cached, SubKeys: 0, Values: 0"
"01:52:07.2328260","LightingService.exe","6180","RegCloseKey","HKLM\SOFTWARE\Microsoft\SystemCertificates\Disallowed\Certificates","SUCCESS",""
"01:52:07.2328309","LightingService.exe","6180","RegQueryKey","HKLM\SOFTWARE\Microsoft\SystemCertificates\Disallowed","SUCCESS","Query: HandleTags, HandleTags: 0x400"
"01:52:07.2328345","LightingService.exe","6180","RegCreateKey","HKLM\SOFTWARE\Microsoft\SystemCertificates\Disallowed\CRLs","SUCCESS","Desired Access: Read/Write, Delete, Disposition: REG_OPENED_EXISTING_KEY"
"01:52:07.2328463","LightingService.exe","6180","RegQueryKey","HKLM\SOFTWARE\Microsoft\SystemCertificates\Disallowed\CRLs","SUCCESS","Query: Cached, SubKeys: 0, Values: 0"
"01:52:07.2328499","LightingService.exe","6180","RegQueryKey","HKLM\SOFTWARE\Microsoft\SystemCertificates\Disallowed\CRLs","SUCCESS","Query: Cached, SubKeys: 0, Values: 0"
"01:52:07.2328539","LightingService.exe","6180","RegCloseKey","HKLM\SOFTWARE\Microsoft\SystemCertificates\Disallowed\CRLs","SUCCESS",""
"01:52:07.2328585","LightingService.exe","6180","RegQueryKey","HKLM\SOFTWARE\Microsoft\SystemCertificates\Disallowed","SUCCESS","Query: HandleTags, HandleTags: 0x400"
"01:52:07.2328621","LightingService.exe","6180","RegCreateKey","HKLM\SOFTWARE\Microsoft\SystemCertificates\Disallowed\CTLs","SUCCESS","Desired Access: Read/Write, Delete, Disposition: REG_OPENED_EXISTING_KEY"
"01:52:07.2328724","LightingService.exe","6180","RegQueryKey","HKLM\SOFTWARE\Microsoft\SystemCertificates\Disallowed\CTLs","SUCCESS","Query: Cached, SubKeys: 1, Values: 0"
"01:52:07.2328760","LightingService.exe","6180","RegQueryKey","HKLM\SOFTWARE\Microsoft\SystemCertificates\Disallowed\CTLs","SUCCESS","Query: Cached, SubKeys: 1, Values: 0"
"01:52:07.2328808","LightingService.exe","6180","RegEnumKey","HKLM\SOFTWARE\Microsoft\SystemCertificates\Disallowed\CTLs","SUCCESS","Index: 0, Name: 27748148BBE67A43CDBFEC6C3784862CE134E6EA"
"01:52:07.2328873","LightingService.exe","6180","RegQueryKey","HKLM\SOFTWARE\Microsoft\SystemCertificates\Disallowed\CTLs","SUCCESS","Query: HandleTags, HandleTags: 0x400"
"01:52:07.2328918","LightingService.exe","6180","RegOpenKey","HKLM\SOFTWARE\Microsoft\SystemCertificates\Disallowed\CTLs\27748148BBE67A43CDBFEC6C3784862CE134E6EA","SUCCESS","Desired Access: Read"
"01:52:07.2328981","LightingService.exe","6180","RegQueryValue","HKLM\SOFTWARE\Microsoft\SystemCertificates\Disallowed\CTLs\27748148BBE67A43CDBFEC6C3784862CE134E6EA\Blob","BUFFER OVERFLOW","Length: 12"
"01:52:07.2329037","LightingService.exe","6180","RegQueryValue","HKLM\SOFTWARE\Microsoft\SystemCertificates\Disallowed\CTLs\27748148BBE67A43CDBFEC6C3784862CE134E6EA\Blob","BUFFER OVERFLOW","Length: 144"
"01:52:07.2329079","LightingService.exe","6180","RegQueryValue","HKLM\SOFTWARE\Microsoft\SystemCertificates\Disallowed\CTLs\27748148BBE67A43CDBFEC6C3784862CE134E6EA\Blob","SUCCESS","Type: REG_BINARY, Length: 598, Data: 03 00 00 00 01 00 01 00 14 00 00 00 27 74 81 48"
"01:52:07.2329132","LightingService.exe","6180","RegCloseKey","HKLM\SOFTWARE\Microsoft\SystemCertificates\Disallowed\CTLs\27748148BBE67A43CDBFEC6C3784862CE134E6EA","SUCCESS",""
"01:52:07.2329300","LightingService.exe","6180","RegCloseKey","HKLM\SOFTWARE\Microsoft\SystemCertificates\Disallowed\CTLs","SUCCESS",""
"01:52:07.2329338","LightingService.exe","6180","RegCloseKey","HKLM\SOFTWARE\Microsoft\SystemCertificates\Disallowed","SUCCESS",""
"01:52:07.2329415","LightingService.exe","6180","RegQueryKey","HKLM","SUCCESS","Query: HandleTags, HandleTags: 0x0"
"01:52:07.2329446","LightingService.exe","6180","RegQueryKey","HKLM","SUCCESS","Query: Name"
"01:52:07.2329502","LightingService.exe","6180","RegCreateKey","HKLM\Software\WOW6432Node\Policies\Microsoft\SystemCertificates\Disallowed","REPARSE","Desired Access: Read/Write, Delete"
"01:52:07.2329586","LightingService.exe","6180","RegCreateKey","HKLM\SOFTWARE\Policies\Microsoft\SystemCertificates\Disallowed","SUCCESS","Desired Access: Read/Write, Delete, Disposition: REG_OPENED_EXISTING_KEY"
"01:52:07.2329660","LightingService.exe","6180","RegSetInfoKey","HKLM\SOFTWARE\Policies\Microsoft\SystemCertificates\Disallowed","SUCCESS","KeySetInformationClass: KeySetHandleTagsInformation, Length: 0"
"01:52:07.2329713","LightingService.exe","6180","RegQueryKey","HKLM\SOFTWARE\Policies\Microsoft\SystemCertificates\Disallowed","SUCCESS","Query: HandleTags, HandleTags: 0x400"
"01:52:07.2329748","LightingService.exe","6180","RegCreateKey","HKLM\SOFTWARE\Policies\Microsoft\SystemCertificates\Disallowed\Certificates","SUCCESS","Desired Access: Read/Write, Delete, Disposition: REG_OPENED_EXISTING_KEY"
"01:52:07.2329837","LightingService.exe","6180","RegQueryKey","HKLM\SOFTWARE\Policies\Microsoft\SystemCertificates\Disallowed\Certificates","SUCCESS","Query: Cached, SubKeys: 0, Values: 0"
"01:52:07.2329874","LightingService.exe","6180","RegQueryKey","HKLM\SOFTWARE\Policies\Microsoft\SystemCertificates\Disallowed\Certificates","SUCCESS","Query: Cached, SubKeys: 0, Values: 0"
"01:52:07.2329914","LightingService.exe","6180","RegCloseKey","HKLM\SOFTWARE\Policies\Microsoft\SystemCertificates\Disallowed\Certificates","SUCCESS",""
"01:52:07.2329962","LightingService.exe","6180","RegQueryKey","HKLM\SOFTWARE\Policies\Microsoft\SystemCertificates\Disallowed","SUCCESS","Query: HandleTags, HandleTags: 0x400"
"01:52:07.2329997","LightingService.exe","6180","RegCreateKey","HKLM\SOFTWARE\Policies\Microsoft\SystemCertificates\Disallowed\CRLs","SUCCESS","Desired Access: Read/Write, Delete, Disposition: REG_OPENED_EXISTING_KEY"
"01:52:07.2330075","LightingService.exe","6180","RegQueryKey","HKLM\SOFTWARE\Policies\Microsoft\SystemCertificates\Disallowed\CRLs","SUCCESS","Query: Cached, SubKeys: 0, Values: 0"
"01:52:07.2330110","LightingService.exe","6180","RegQueryKey","HKLM\SOFTWARE\Policies\Microsoft\SystemCertificates\Disallowed\CRLs","SUCCESS","Query: Cached, SubKeys: 0, Values: 0"
"01:52:07.2330149","LightingService.exe","6180","RegCloseKey","HKLM\SOFTWARE\Policies\Microsoft\SystemCertificates\Disallowed\CRLs","SUCCESS",""
"01:52:07.2330198","LightingService.exe","6180","RegQueryKey","HKLM\SOFTWARE\Policies\Microsoft\SystemCertificates\Disallowed","SUCCESS","Query: HandleTags, HandleTags: 0x400"
"01:52:07.2330233","LightingService.exe","6180","RegCreateKey","HKLM\SOFTWARE\Policies\Microsoft\SystemCertificates\Disallowed\CTLs","SUCCESS","Desired Access: Read/Write, Delete, Disposition: REG_OPENED_EXISTING_KEY"
"01:52:07.2330313","LightingService.exe","6180","RegQueryKey","HKLM\SOFTWARE\Policies\Microsoft\SystemCertificates\Disallowed\CTLs","SUCCESS","Query: Cached, SubKeys: 0, Values: 0"
"01:52:07.2330348","LightingService.exe","6180","RegQueryKey","HKLM\SOFTWARE\Policies\Microsoft\SystemCertificates\Disallowed\CTLs","SUCCESS","Query: Cached, SubKeys: 0, Values: 0"
"01:52:07.2330387","LightingService.exe","6180","RegCloseKey","HKLM\SOFTWARE\Policies\Microsoft\SystemCertificates\Disallowed\CTLs","SUCCESS",""
"01:52:07.2330423","LightingService.exe","6180","RegCloseKey","HKLM\SOFTWARE\Policies\Microsoft\SystemCertificates\Disallowed","SUCCESS",""
"01:52:07.2330486","LightingService.exe","6180","RegQueryKey","HKLM","SUCCESS","Query: HandleTags, HandleTags: 0x0"
"01:52:07.2330517","LightingService.exe","6180","RegQueryKey","HKLM","SUCCESS","Query: Name"
"01:52:07.2330572","LightingService.exe","6180","RegOpenKey","HKLM\Software\WOW6432Node\Microsoft\EnterpriseCertificates\Disallowed\PhysicalStores","REPARSE","Desired Access: Read"
"01:52:07.2330696","LightingService.exe","6180","RegOpenKey","HKLM\SOFTWARE\Microsoft\EnterpriseCertificates\Disallowed\PhysicalStores","NAME NOT FOUND","Desired Access: Read"
"01:52:07.2330778","LightingService.exe","6180","RegQueryKey","HKLM","SUCCESS","Query: HandleTags, HandleTags: 0x0"
"01:52:07.2330810","LightingService.exe","6180","RegQueryKey","HKLM","SUCCESS","Query: Name"
"01:52:07.2330864","LightingService.exe","6180","RegCreateKey","HKLM\Software\WOW6432Node\Microsoft\EnterpriseCertificates\Disallowed","REPARSE","Desired Access: Read/Write, Delete"
"01:52:07.2330942","LightingService.exe","6180","RegCreateKey","HKLM\SOFTWARE\Microsoft\EnterpriseCertificates\Disallowed","SUCCESS","Desired Access: Read/Write, Delete, Disposition: REG_OPENED_EXISTING_KEY"
"01:52:07.2331008","LightingService.exe","6180","RegSetInfoKey","HKLM\SOFTWARE\Microsoft\EnterpriseCertificates\Disallowed","SUCCESS","KeySetInformationClass: KeySetHandleTagsInformation, Length: 0"
"01:52:07.2331043","LightingService.exe","6180","RegCloseKey","HKLM\SOFTWARE\Microsoft\EnterpriseCertificates\Disallowed","SUCCESS",""
"01:52:07.2331107","LightingService.exe","6180","RegQueryKey","HKLM","SUCCESS","Query: HandleTags, HandleTags: 0x0"
"01:52:07.2331138","LightingService.exe","6180","RegQueryKey","HKLM","SUCCESS","Query: Name"
"01:52:07.2331188","LightingService.exe","6180","RegCreateKey","HKLM\Software\WOW6432Node\Microsoft\EnterpriseCertificates\Disallowed","REPARSE","Desired Access: Read/Write, Delete"
"01:52:07.2331260","LightingService.exe","6180","RegCreateKey","HKLM\SOFTWARE\Microsoft\EnterpriseCertificates\Disallowed","SUCCESS","Desired Access: Read/Write, Delete, Disposition: REG_OPENED_EXISTING_KEY"
"01:52:07.2331327","LightingService.exe","6180","RegSetInfoKey","HKLM\SOFTWARE\Microsoft\EnterpriseCertificates\Disallowed","SUCCESS","KeySetInformationClass: KeySetHandleTagsInformation, Length: 0"
"01:52:07.2331381","LightingService.exe","6180","RegQueryKey","HKLM\SOFTWARE\Microsoft\EnterpriseCertificates\Disallowed","SUCCESS","Query: HandleTags, HandleTags: 0x400"
"01:52:07.2331421","LightingService.exe","6180","RegOpenKey","HKLM\SOFTWARE\Microsoft\EnterpriseCertificates\Disallowed","SUCCESS","Desired Access: Read"
"01:52:07.2331476","LightingService.exe","6180","RegQueryKey","HKLM\SOFTWARE\Microsoft\EnterpriseCertificates\Disallowed","SUCCESS","Query: HandleTags, HandleTags: 0x400"
"01:52:07.2331513","LightingService.exe","6180","RegCreateKey","HKLM\SOFTWARE\Microsoft\EnterpriseCertificates\Disallowed\Certificates","SUCCESS","Desired Access: Read/Write, Delete, Disposition: REG_OPENED_EXISTING_KEY"
"01:52:07.2331595","LightingService.exe","6180","RegQueryKey","HKLM\SOFTWARE\Microsoft\EnterpriseCertificates\Disallowed\Certificates","SUCCESS","Query: Cached, SubKeys: 0, Values: 0"
"01:52:07.2331631","LightingService.exe","6180","RegQueryKey","HKLM\SOFTWARE\Microsoft\EnterpriseCertificates\Disallowed\Certificates","SUCCESS","Query: Cached, SubKeys: 0, Values: 0"
"01:52:07.2331672","LightingService.exe","6180","RegCloseKey","HKLM\SOFTWARE\Microsoft\EnterpriseCertificates\Disallowed\Certificates","SUCCESS",""
"01:52:07.2331718","LightingService.exe","6180","RegQueryKey","HKLM\SOFTWARE\Microsoft\EnterpriseCertificates\Disallowed","SUCCESS","Query: HandleTags, HandleTags: 0x400"
"01:52:07.2331754","LightingService.exe","6180","RegCreateKey","HKLM\SOFTWARE\Microsoft\EnterpriseCertificates\Disallowed\CRLs","SUCCESS","Desired Access: Read/Write, Delete, Disposition: REG_OPENED_EXISTING_KEY"
"01:52:07.2331834","LightingService.exe","6180","RegQueryKey","HKLM\SOFTWARE\Microsoft\EnterpriseCertificates\Disallowed\CRLs","SUCCESS","Query: Cached, SubKeys: 0, Values: 0"
"01:52:07.2331870","LightingService.exe","6180","RegQueryKey","HKLM\SOFTWARE\Microsoft\EnterpriseCertificates\Disallowed\CRLs","SUCCESS","Query: Cached, SubKeys: 0, Values: 0"
"01:52:07.2331911","LightingService.exe","6180","RegCloseKey","HKLM\SOFTWARE\Microsoft\EnterpriseCertificates\Disallowed\CRLs","SUCCESS",""
"01:52:07.2331957","LightingService.exe","6180","RegQueryKey","HKLM\SOFTWARE\Microsoft\EnterpriseCertificates\Disallowed","SUCCESS","Query: HandleTags, HandleTags: 0x400"
"01:52:07.2331994","LightingService.exe","6180","RegCreateKey","HKLM\SOFTWARE\Microsoft\EnterpriseCertificates\Disallowed\CTLs","SUCCESS","Desired Access: Read/Write, Delete, Disposition: REG_OPENED_EXISTING_KEY"
"01:52:07.2332074","LightingService.exe","6180","RegQueryKey","HKLM\SOFTWARE\Microsoft\EnterpriseCertificates\Disallowed\CTLs","SUCCESS","Query: Cached, SubKeys: 0, Values: 0"
"01:52:07.2332109","LightingService.exe","6180","RegQueryKey","HKLM\SOFTWARE\Microsoft\EnterpriseCertificates\Disallowed\CTLs","SUCCESS","Query: Cached, SubKeys: 0, Values: 0"
"01:52:07.2332149","LightingService.exe","6180","RegCloseKey","HKLM\SOFTWARE\Microsoft\EnterpriseCertificates\Disallowed\CTLs","SUCCESS",""
"01:52:07.2332185","LightingService.exe","6180","RegCloseKey","HKLM\SOFTWARE\Microsoft\EnterpriseCertificates\Disallowed","SUCCESS",""
"01:52:07.2332619","LightingService.exe","6180","RegQueryKey","HKU\.DEFAULT\Software\Microsoft\SystemCertificates\Disallowed","SUCCESS","Query: HandleTags, HandleTags: 0x400"
"01:52:07.2332655","LightingService.exe","6180","RegOpenKey","HKU\.DEFAULT\Software\Microsoft\SystemCertificates\Disallowed\Certificates","SUCCESS","Desired Access: Read"
"01:52:07.2332698","LightingService.exe","6180","RegQueryKey","HKU\.DEFAULT\Software\Microsoft\SystemCertificates\Disallowed\Certificates","SUCCESS","Query: Cached, SubKeys: 0, Values: 0"
"01:52:07.2332733","LightingService.exe","6180","RegQueryKey","HKU\.DEFAULT\Software\Microsoft\SystemCertificates\Disallowed\Certificates","SUCCESS","Query: Cached, SubKeys: 0, Values: 0"
"01:52:07.2332772","LightingService.exe","6180","RegCloseKey","HKU\.DEFAULT\Software\Microsoft\SystemCertificates\Disallowed\Certificates","SUCCESS",""
"01:52:07.2332817","LightingService.exe","6180","RegQueryKey","HKU\.DEFAULT\Software\Microsoft\SystemCertificates\Disallowed","SUCCESS","Query: HandleTags, HandleTags: 0x400"
"01:52:07.2332854","LightingService.exe","6180","RegOpenKey","HKU\.DEFAULT\Software\Microsoft\SystemCertificates\Disallowed\CRLs","SUCCESS","Desired Access: Read"
"01:52:07.2332895","LightingService.exe","6180","RegQueryKey","HKU\.DEFAULT\Software\Microsoft\SystemCertificates\Disallowed\CRLs","SUCCESS","Query: Cached, SubKeys: 0, Values: 0"
"01:52:07.2332930","LightingService.exe","6180","RegQueryKey","HKU\.DEFAULT\Software\Microsoft\SystemCertificates\Disallowed\CRLs","SUCCESS","Query: Cached, SubKeys: 0, Values: 0"
"01:52:07.2332999","LightingService.exe","6180","RegCloseKey","HKU\.DEFAULT\Software\Microsoft\SystemCertificates\Disallowed\CRLs","SUCCESS",""
"01:52:07.2333045","LightingService.exe","6180","RegQueryKey","HKU\.DEFAULT\Software\Microsoft\SystemCertificates\Disallowed","SUCCESS","Query: HandleTags, HandleTags: 0x400"
"01:52:07.2333082","LightingService.exe","6180","RegOpenKey","HKU\.DEFAULT\Software\Microsoft\SystemCertificates\Disallowed\CTLs","SUCCESS","Desired Access: Read"
"01:52:07.2333123","LightingService.exe","6180","RegQueryKey","HKU\.DEFAULT\Software\Microsoft\SystemCertificates\Disallowed\CTLs","SUCCESS","Query: Cached, SubKeys: 0, Values: 0"
"01:52:07.2333158","LightingService.exe","6180","RegQueryKey","HKU\.DEFAULT\Software\Microsoft\SystemCertificates\Disallowed\CTLs","SUCCESS","Query: Cached, SubKeys: 0, Values: 0"
"01:52:07.2333197","LightingService.exe","6180","RegCloseKey","HKU\.DEFAULT\Software\Microsoft\SystemCertificates\Disallowed\CTLs","SUCCESS",""
"01:52:07.2333285","LightingService.exe","6180","RegQueryKey","HKU\.DEFAULT","SUCCESS","Query: HandleTags, HandleTags: 0x400"
"01:52:07.2333336","LightingService.exe","6180","RegOpenKey","HKU\.DEFAULT\Software\Policies\Microsoft\SystemCertificates\Disallowed","SUCCESS","Desired Access: Read"
"01:52:07.2333406","LightingService.exe","6180","RegQueryKey","HKU\.DEFAULT\Software\Policies\Microsoft\SystemCertificates\Disallowed","SUCCESS","Query: HandleTags, HandleTags: 0x400"
"01:52:07.2333446","LightingService.exe","6180","RegOpenKey","HKU\.DEFAULT\Software\Policies\Microsoft\SystemCertificates\Disallowed\Certificates","SUCCESS","Desired Access: Read"
"01:52:07.2333495","LightingService.exe","6180","RegQueryKey","HKU\.DEFAULT\Software\Policies\Microsoft\SystemCertificates\Disallowed\Certificates","SUCCESS","Query: Cached, SubKeys: 0, Values: 0"
"01:52:07.2333540","LightingService.exe","6180","RegQueryKey","HKU\.DEFAULT\Software\Policies\Microsoft\SystemCertificates\Disallowed\Certificates","SUCCESS","Query: Cached, SubKeys: 0, Values: 0"
"01:52:07.2333606","LightingService.exe","6180","RegCloseKey","HKU\.DEFAULT\Software\Policies\Microsoft\SystemCertificates\Disallowed\Certificates","SUCCESS",""
"01:52:07.2333656","LightingService.exe","6180","RegQueryKey","HKU\.DEFAULT\Software\Policies\Microsoft\SystemCertificates\Disallowed","SUCCESS","Query: HandleTags, HandleTags: 0x400"
"01:52:07.2333703","LightingService.exe","6180","RegOpenKey","HKU\.DEFAULT\Software\Policies\Microsoft\SystemCertificates\Disallowed\CRLs","SUCCESS","Desired Access: Read"
"01:52:07.2333750","LightingService.exe","6180","RegQueryKey","HKU\.DEFAULT\Software\Policies\Microsoft\SystemCertificates\Disallowed\CRLs","SUCCESS","Query: Cached, SubKeys: 0, Values: 0"
"01:52:07.2333785","LightingService.exe","6180","RegQueryKey","HKU\.DEFAULT\Software\Policies\Microsoft\SystemCertificates\Disallowed\CRLs","SUCCESS","Query: Cached, SubKeys: 0, Values: 0"
"01:52:07.2333825","LightingService.exe","6180","RegCloseKey","HKU\.DEFAULT\Software\Policies\Microsoft\SystemCertificates\Disallowed\CRLs","SUCCESS",""
"01:52:07.2333870","LightingService.exe","6180","RegQueryKey","HKU\.DEFAULT\Software\Policies\Microsoft\SystemCertificates\Disallowed","SUCCESS","Query: HandleTags, HandleTags: 0x400"
"01:52:07.2333908","LightingService.exe","6180","RegOpenKey","HKU\.DEFAULT\Software\Policies\Microsoft\SystemCertificates\Disallowed\CTLs","SUCCESS","Desired Access: Read"
"01:52:07.2333949","LightingService.exe","6180","RegQueryKey","HKU\.DEFAULT\Software\Policies\Microsoft\SystemCertificates\Disallowed\CTLs","SUCCESS","Query: Cached, SubKeys: 0, Values: 0"
"01:52:07.2333984","LightingService.exe","6180","RegQueryKey","HKU\.DEFAULT\Software\Policies\Microsoft\SystemCertificates\Disallowed\CTLs","SUCCESS","Query: Cached, SubKeys: 0, Values: 0"
"01:52:07.2334023","LightingService.exe","6180","RegCloseKey","HKU\.DEFAULT\Software\Policies\Microsoft\SystemCertificates\Disallowed\CTLs","SUCCESS",""
"01:52:07.2334059","LightingService.exe","6180","RegCloseKey","HKU\.DEFAULT\Software\Policies\Microsoft\SystemCertificates\Disallowed","SUCCESS",""
"01:52:07.2335084","LightingService.exe","6180","RegQueryKey","HKLM\SOFTWARE\Microsoft\SystemCertificates\Disallowed","SUCCESS","Query: HandleTags, HandleTags: 0x400"
"01:52:07.2335121","LightingService.exe","6180","RegOpenKey","HKLM\SOFTWARE\Microsoft\SystemCertificates\Disallowed\Certificates","SUCCESS","Desired Access: Read"
"01:52:07.2335167","LightingService.exe","6180","RegQueryKey","HKLM\SOFTWARE\Microsoft\SystemCertificates\Disallowed\Certificates","SUCCESS","Query: Cached, SubKeys: 0, Values: 0"
"01:52:07.2335203","LightingService.exe","6180","RegQueryKey","HKLM\SOFTWARE\Microsoft\SystemCertificates\Disallowed\Certificates","SUCCESS","Query: Cached, SubKeys: 0, Values: 0"
"01:52:07.2335245","LightingService.exe","6180","RegCloseKey","HKLM\SOFTWARE\Microsoft\SystemCertificates\Disallowed\Certificates","SUCCESS",""
"01:52:07.2335292","LightingService.exe","6180","RegQueryKey","HKLM\SOFTWARE\Microsoft\SystemCertificates\Disallowed","SUCCESS","Query: HandleTags, HandleTags: 0x400"
"01:52:07.2335327","LightingService.exe","6180","RegOpenKey","HKLM\SOFTWARE\Microsoft\SystemCertificates\Disallowed\CRLs","SUCCESS","Desired Access: Read"
"01:52:07.2335370","LightingService.exe","6180","RegQueryKey","HKLM\SOFTWARE\Microsoft\SystemCertificates\Disallowed\CRLs","SUCCESS","Query: Cached, SubKeys: 0, Values: 0"
"01:52:07.2335407","LightingService.exe","6180","RegQueryKey","HKLM\SOFTWARE\Microsoft\SystemCertificates\Disallowed\CRLs","SUCCESS","Query: Cached, SubKeys: 0, Values: 0"
"01:52:07.2335446","LightingService.exe","6180","RegCloseKey","HKLM\SOFTWARE\Microsoft\SystemCertificates\Disallowed\CRLs","SUCCESS",""
"01:52:07.2335492","LightingService.exe","6180","RegQueryKey","HKLM\SOFTWARE\Microsoft\SystemCertificates\Disallowed","SUCCESS","Query: HandleTags, HandleTags: 0x400"
"01:52:07.2335528","LightingService.exe","6180","RegOpenKey","HKLM\SOFTWARE\Microsoft\SystemCertificates\Disallowed\CTLs","SUCCESS","Desired Access: Read"
"01:52:07.2335576","LightingService.exe","6180","RegQueryKey","HKLM\SOFTWARE\Microsoft\SystemCertificates\Disallowed\CTLs","SUCCESS","Query: Cached, SubKeys: 1, Values: 0"
"01:52:07.2335613","LightingService.exe","6180","RegQueryKey","HKLM\SOFTWARE\Microsoft\SystemCertificates\Disallowed\CTLs","SUCCESS","Query: Cached, SubKeys: 1, Values: 0"
"01:52:07.2335657","LightingService.exe","6180","RegEnumKey","HKLM\SOFTWARE\Microsoft\SystemCertificates\Disallowed\CTLs","SUCCESS","Index: 0, Name: 27748148BBE67A43CDBFEC6C3784862CE134E6EA"
"01:52:07.2335716","LightingService.exe","6180","RegQueryKey","HKLM\SOFTWARE\Microsoft\SystemCertificates\Disallowed\CTLs","SUCCESS","Query: HandleTags, HandleTags: 0x400"
"01:52:07.2335755","LightingService.exe","6180","RegOpenKey","HKLM\SOFTWARE\Microsoft\SystemCertificates\Disallowed\CTLs\27748148BBE67A43CDBFEC6C3784862CE134E6EA","SUCCESS","Desired Access: Read"
"01:52:07.2335807","LightingService.exe","6180","RegQueryValue","HKLM\SOFTWARE\Microsoft\SystemCertificates\Disallowed\CTLs\27748148BBE67A43CDBFEC6C3784862CE134E6EA\Blob","BUFFER OVERFLOW","Length: 12"
"01:52:07.2335852","LightingService.exe","6180","RegQueryValue","HKLM\SOFTWARE\Microsoft\SystemCertificates\Disallowed\CTLs\27748148BBE67A43CDBFEC6C3784862CE134E6EA\Blob","BUFFER OVERFLOW","Length: 144"
"01:52:07.2335896","LightingService.exe","6180","RegQueryValue","HKLM\SOFTWARE\Microsoft\SystemCertificates\Disallowed\CTLs\27748148BBE67A43CDBFEC6C3784862CE134E6EA\Blob","SUCCESS","Type: REG_BINARY, Length: 598, Data: 03 00 00 00 01 00 01 00 14 00 00 00 27 74 81 48"
"01:52:07.2335945","LightingService.exe","6180","RegCloseKey","HKLM\SOFTWARE\Microsoft\SystemCertificates\Disallowed\CTLs\27748148BBE67A43CDBFEC6C3784862CE134E6EA","SUCCESS",""
"01:52:07.2336062","LightingService.exe","6180","RegCloseKey","HKLM\SOFTWARE\Microsoft\SystemCertificates\Disallowed\CTLs","SUCCESS",""
"01:52:07.2336154","LightingService.exe","6180","RegQueryKey","HKLM","SUCCESS","Query: HandleTags, HandleTags: 0x0"
"01:52:07.2336186","LightingService.exe","6180","RegQueryKey","HKLM","SUCCESS","Query: Name"
"01:52:07.2336245","LightingService.exe","6180","RegOpenKey","HKLM\Software\WOW6432Node\Policies\Microsoft\SystemCertificates\Disallowed","REPARSE","Desired Access: Read"
"01:52:07.2336291","LightingService.exe","6180","RegOpenKey","HKLM\SOFTWARE\Policies\Microsoft\SystemCertificates\Disallowed","SUCCESS","Desired Access: Read"
"01:52:07.2336339","LightingService.exe","6180","RegSetInfoKey","HKLM\SOFTWARE\Policies\Microsoft\SystemCertificates\Disallowed","SUCCESS","KeySetInformationClass: KeySetHandleTagsInformation, Length: 0"
"01:52:07.2336388","LightingService.exe","6180","RegQueryKey","HKLM\SOFTWARE\Policies\Microsoft\SystemCertificates\Disallowed","SUCCESS","Query: HandleTags, HandleTags: 0x400"
"01:52:07.2336426","LightingService.exe","6180","RegOpenKey","HKLM\SOFTWARE\Policies\Microsoft\SystemCertificates\Disallowed\Certificates","SUCCESS","Desired Access: Read"
"01:52:07.2336471","LightingService.exe","6180","RegQueryKey","HKLM\SOFTWARE\Policies\Microsoft\SystemCertificates\Disallowed\Certificates","SUCCESS","Query: Cached, SubKeys: 0, Values: 0"
"01:52:07.2336510","LightingService.exe","6180","RegQueryKey","HKLM\SOFTWARE\Policies\Microsoft\SystemCertificates\Disallowed\Certificates","SUCCESS","Query: Cached, SubKeys: 0, Values: 0"
"01:52:07.2336553","LightingService.exe","6180","RegCloseKey","HKLM\SOFTWARE\Policies\Microsoft\SystemCertificates\Disallowed\Certificates","SUCCESS",""
"01:52:07.2336602","LightingService.exe","6180","RegQueryKey","HKLM\SOFTWARE\Policies\Microsoft\SystemCertificates\Disallowed","SUCCESS","Query: HandleTags, HandleTags: 0x400"
"01:52:07.2336639","LightingService.exe","6180","RegOpenKey","HKLM\SOFTWARE\Policies\Microsoft\SystemCertificates\Disallowed\CRLs","SUCCESS","Desired Access: Read"
"01:52:07.2336683","LightingService.exe","6180","RegQueryKey","HKLM\SOFTWARE\Policies\Microsoft\SystemCertificates\Disallowed\CRLs","SUCCESS","Query: Cached, SubKeys: 0, Values: 0"
"01:52:07.2336723","LightingService.exe","6180","RegQueryKey","HKLM\SOFTWARE\Policies\Microsoft\SystemCertificates\Disallowed\CRLs","SUCCESS","Query: Cached, SubKeys: 0, Values: 0"
"01:52:07.2336764","LightingService.exe","6180","RegCloseKey","HKLM\SOFTWARE\Policies\Microsoft\SystemCertificates\Disallowed\CRLs","SUCCESS",""
"01:52:07.2336813","LightingService.exe","6180","RegQueryKey","HKLM\SOFTWARE\Policies\Microsoft\SystemCertificates\Disallowed","SUCCESS","Query: HandleTags, HandleTags: 0x400"
"01:52:07.2336850","LightingService.exe","6180","RegOpenKey","HKLM\SOFTWARE\Policies\Microsoft\SystemCertificates\Disallowed\CTLs","SUCCESS","Desired Access: Read"
"01:52:07.2336893","LightingService.exe","6180","RegQueryKey","HKLM\SOFTWARE\Policies\Microsoft\SystemCertificates\Disallowed\CTLs","SUCCESS","Query: Cached, SubKeys: 0, Values: 0"
"01:52:07.2336931","LightingService.exe","6180","RegQueryKey","HKLM\SOFTWARE\Policies\Microsoft\SystemCertificates\Disallowed\CTLs","SUCCESS","Query: Cached, SubKeys: 0, Values: 0"
"01:52:07.2336973","LightingService.exe","6180","RegCloseKey","HKLM\SOFTWARE\Policies\Microsoft\SystemCertificates\Disallowed\CTLs","SUCCESS",""
"01:52:07.2337011","LightingService.exe","6180","RegCloseKey","HKLM\SOFTWARE\Policies\Microsoft\SystemCertificates\Disallowed","SUCCESS",""
"01:52:07.2337175","LightingService.exe","6180","RegQueryKey","HKLM\SOFTWARE\Microsoft\EnterpriseCertificates\Disallowed","SUCCESS","Query: HandleTags, HandleTags: 0x400"
"01:52:07.2337214","LightingService.exe","6180","RegOpenKey","HKLM\SOFTWARE\Microsoft\EnterpriseCertificates\Disallowed\Certificates","SUCCESS","Desired Access: Read"
"01:52:07.2337259","LightingService.exe","6180","RegQueryKey","HKLM\SOFTWARE\Microsoft\EnterpriseCertificates\Disallowed\Certificates","SUCCESS","Query: Cached, SubKeys: 0, Values: 0"
"01:52:07.2337298","LightingService.exe","6180","RegQueryKey","HKLM\SOFTWARE\Microsoft\EnterpriseCertificates\Disallowed\Certificates","SUCCESS","Query: Cached, SubKeys: 0, Values: 0"
"01:52:07.2337340","LightingService.exe","6180","RegCloseKey","HKLM\SOFTWARE\Microsoft\EnterpriseCertificates\Disallowed\Certificates","SUCCESS",""
"01:52:07.2337389","LightingService.exe","6180","RegQueryKey","HKLM\SOFTWARE\Microsoft\EnterpriseCertificates\Disallowed","SUCCESS","Query: HandleTags, HandleTags: 0x400"
"01:52:07.2337426","LightingService.exe","6180","RegOpenKey","HKLM\SOFTWARE\Microsoft\EnterpriseCertificates\Disallowed\CRLs","SUCCESS","Desired Access: Read"
"01:52:07.2337471","LightingService.exe","6180","RegQueryKey","HKLM\SOFTWARE\Microsoft\EnterpriseCertificates\Disallowed\CRLs","SUCCESS","Query: Cached, SubKeys: 0, Values: 0"
"01:52:07.2337509","LightingService.exe","6180","RegQueryKey","HKLM\SOFTWARE\Microsoft\EnterpriseCertificates\Disallowed\CRLs","SUCCESS","Query: Cached, SubKeys: 0, Values: 0"
"01:52:07.2337551","LightingService.exe","6180","RegCloseKey","HKLM\SOFTWARE\Microsoft\EnterpriseCertificates\Disallowed\CRLs","SUCCESS",""
"01:52:07.2337599","LightingService.exe","6180","RegQueryKey","HKLM\SOFTWARE\Microsoft\EnterpriseCertificates\Disallowed","SUCCESS","Query: HandleTags, HandleTags: 0x400"
"01:52:07.2337636","LightingService.exe","6180","RegOpenKey","HKLM\SOFTWARE\Microsoft\EnterpriseCertificates\Disallowed\CTLs","SUCCESS","Desired Access: Read"
"01:52:07.2337680","LightingService.exe","6180","RegQueryKey","HKLM\SOFTWARE\Microsoft\EnterpriseCertificates\Disallowed\CTLs","SUCCESS","Query: Cached, SubKeys: 0, Values: 0"
"01:52:07.2337716","LightingService.exe","6180","RegQueryKey","HKLM\SOFTWARE\Microsoft\EnterpriseCertificates\Disallowed\CTLs","SUCCESS","Query: Cached, SubKeys: 0, Values: 0"
"01:52:07.2337754","LightingService.exe","6180","RegCloseKey","HKLM\SOFTWARE\Microsoft\EnterpriseCertificates\Disallowed\CTLs","SUCCESS",""
"01:52:07.2337893","LightingService.exe","6180","RegCloseKey","HKLM\SOFTWARE\Microsoft\EnterpriseCertificates\Disallowed","SUCCESS",""
"01:52:07.2337973","LightingService.exe","6180","RegCloseKey","HKLM\SOFTWARE\Microsoft\SystemCertificates\Disallowed","SUCCESS",""
"01:52:07.2338028","LightingService.exe","6180","RegCloseKey","HKU\.DEFAULT","SUCCESS",""
"01:52:07.2338089","LightingService.exe","6180","RegCloseKey","HKU\.DEFAULT\Software\Microsoft\SystemCertificates\Disallowed","SUCCESS",""
"01:52:07.2339061","LightingService.exe","6180","CreateFile","C:\Windows\System32\CatRoot","NAME COLLISION","Desired Access: Read Data/List Directory, Synchronize, Disposition: Create, Options: Directory, Synchronous IO Non-Alert, Open Reparse Point, Attributes: N, ShareMode: Read, Write, AllocationSize: 0"
"01:52:07.2339542","LightingService.exe","6180","CreateFile","C:\Windows\System32\CatRoot","SUCCESS","Desired Access: Read Control, Disposition: Open, Options: Open Reparse Point, Attributes: n/a, ShareMode: Read, Write, Delete, AllocationSize: n/a, OpenResult: Opened"
"01:52:07.2339675","LightingService.exe","6180","QuerySecurityFile","C:\Windows\System32\CatRoot","SUCCESS","Information: DACL"
"01:52:07.2339741","LightingService.exe","6180","CloseFile","C:\Windows\System32\CatRoot","SUCCESS",""
"01:52:07.2339793","LightingService.exe","6180","IRP_MJ_CLOSE","C:\Windows\System32\CatRoot","SUCCESS",""
"01:52:07.2340093","LightingService.exe","6180","CreateFile","C:\Windows\System32\catroot2","NAME COLLISION","Desired Access: Read Data/List Directory, Synchronize, Disposition: Create, Options: Directory, Synchronous IO Non-Alert, Open Reparse Point, Attributes: N, ShareMode: Read, Write, AllocationSize: 0"
"01:52:07.2341165","LightingService.exe","6180","CreateFile","C:\Windows\System32\catroot2","SUCCESS","Desired Access: Read Control, Disposition: Open, Options: Open Reparse Point, Attributes: n/a, ShareMode: Read, Write, Delete, AllocationSize: n/a, OpenResult: Opened"
"01:52:07.2341370","LightingService.exe","6180","QuerySecurityFile","C:\Windows\System32\catroot2","SUCCESS","Information: DACL"
"01:52:07.2341429","LightingService.exe","6180","CloseFile","C:\Windows\System32\catroot2","SUCCESS",""
"01:52:07.2341488","LightingService.exe","6180","IRP_MJ_CLOSE","C:\Windows\System32\catroot2","SUCCESS",""
"01:52:07.2359982","LightingService.exe","6180","CloseFile","C:\Program Files\ASUS\AuraSDK\AuraSdk_x86.dll","SUCCESS",""
"01:52:07.2360163","LightingService.exe","6180","IRP_MJ_CLOSE","C:\Program Files\ASUS\AuraSDK\AuraSdk_x86.dll","SUCCESS",""
"01:52:07.2360870","LightingService.exe","6180","CreateFile","C:\Program Files\ASUS\AuraSDK\AuraSdk_x86.dll","SUCCESS","Desired Access: Generic Read, Disposition: Open, Options: Synchronous IO Non-Alert, Non-Directory File, Attributes: N, ShareMode: Read, AllocationSize: n/a, OpenResult: Opened"
"01:52:07.2361115","LightingService.exe","6180","QueryStandardInformationFile","C:\Program Files\ASUS\AuraSDK\AuraSdk_x86.dll","SUCCESS","AllocationSize: 884736, EndOfFile: 882072, NumberOfLinks: 1, DeletePending: False, Directory: False"
"01:52:07.2361198","LightingService.exe","6180","CreateFileMapping","C:\Program Files\ASUS\AuraSDK\AuraSdk_x86.dll","FILE LOCKED WITH ONLY READERS","SyncType: SyncTypeCreateSection, PageProtection: PAGE_READONLY"
"01:52:07.2361261","LightingService.exe","6180","QueryStandardInformationFile","C:\Program Files\ASUS\AuraSDK\AuraSdk_x86.dll","SUCCESS","AllocationSize: 884736, EndOfFile: 882072, NumberOfLinks: 1, DeletePending: False, Directory: False"
"01:52:07.2361305","LightingService.exe","6180","FASTIO_RELEASE_FOR_SECTION_SYNCHRONIZATION","C:\Program Files\ASUS\AuraSDK\AuraSdk_x86.dll","SUCCESS",""
"01:52:07.2361348","LightingService.exe","6180","CreateFileMapping","C:\Program Files\ASUS\AuraSDK\AuraSdk_x86.dll","SUCCESS","SyncType: SyncTypeOther"
"01:52:07.2361379","LightingService.exe","6180","FASTIO_RELEASE_FOR_SECTION_SYNCHRONIZATION","C:\Program Files\ASUS\AuraSDK\AuraSdk_x86.dll","SUCCESS",""
"01:52:07.2361580","LightingService.exe","6180","CloseFile","C:\Program Files\ASUS\AuraSDK\AuraSdk_x86.dll","SUCCESS",""
"01:52:07.2361648","LightingService.exe","6180","IRP_MJ_CLOSE","C:\Program Files\ASUS\AuraSDK\AuraSdk_x86.dll","SUCCESS",""
"01:52:07.2361977","LightingService.exe","6180","CreateFile","C:\Program Files\ASUS\AuraSDK\AuraSdk_x86.dll","SUCCESS","Desired Access: Generic Read, Disposition: Open, Options: Synchronous IO Non-Alert, Non-Directory File, Attributes: N, ShareMode: Read, Delete, AllocationSize: n/a, OpenResult: Opened"
"01:52:07.2362109","LightingService.exe","6180","QueryStandardInformationFile","C:\Program Files\ASUS\AuraSDK\AuraSdk_x86.dll","SUCCESS","AllocationSize: 884736, EndOfFile: 882072, NumberOfLinks: 1, DeletePending: False, Directory: False"
"01:52:07.2362159","LightingService.exe","6180","CreateFileMapping","C:\Program Files\ASUS\AuraSDK\AuraSdk_x86.dll","FILE LOCKED WITH ONLY READERS","SyncType: SyncTypeCreateSection, PageProtection: PAGE_READONLY"
"01:52:07.2362197","LightingService.exe","6180","QueryStandardInformationFile","C:\Program Files\ASUS\AuraSDK\AuraSdk_x86.dll","SUCCESS","AllocationSize: 884736, EndOfFile: 882072, NumberOfLinks: 1, DeletePending: False, Directory: False"
"01:52:07.2362233","LightingService.exe","6180","FASTIO_RELEASE_FOR_SECTION_SYNCHRONIZATION","C:\Program Files\ASUS\AuraSDK\AuraSdk_x86.dll","SUCCESS",""
"01:52:07.2362263","LightingService.exe","6180","CreateFileMapping","C:\Program Files\ASUS\AuraSDK\AuraSdk_x86.dll","SUCCESS","SyncType: SyncTypeOther"
"01:52:07.2362291","LightingService.exe","6180","FASTIO_RELEASE_FOR_SECTION_SYNCHRONIZATION","C:\Program Files\ASUS\AuraSDK\AuraSdk_x86.dll","SUCCESS",""
"01:52:07.2362455","LightingService.exe","6180","QueryStandardInformationFile","C:\Program Files\ASUS\AuraSDK\AuraSdk_x86.dll","SUCCESS","AllocationSize: 884736, EndOfFile: 882072, NumberOfLinks: 1, DeletePending: False, Directory: False"
"01:52:07.2362501","LightingService.exe","6180","CloseFile","C:\Program Files\ASUS\AuraSDK\AuraSdk_x86.dll","SUCCESS",""
"01:52:07.2362564","LightingService.exe","6180","IRP_MJ_CLOSE","C:\Program Files\ASUS\AuraSDK\AuraSdk_x86.dll","SUCCESS",""
"01:52:07.2362889","LightingService.exe","6180","CreateFile","C:\Program Files\ASUS\AuraSDK\AuraSdk_x86.dll","SUCCESS","Desired Access: Generic Read, Disposition: Open, Options: Synchronous IO Non-Alert, Non-Directory File, Attributes: N, ShareMode: Read, Delete, AllocationSize: n/a, OpenResult: Opened"
"01:52:07.2362998","LightingService.exe","6180","QueryStandardInformationFile","C:\Program Files\ASUS\AuraSDK\AuraSdk_x86.dll","SUCCESS","AllocationSize: 884736, EndOfFile: 882072, NumberOfLinks: 1, DeletePending: False, Directory: False"
"01:52:07.2363047","LightingService.exe","6180","CreateFileMapping","C:\Program Files\ASUS\AuraSDK\AuraSdk_x86.dll","FILE LOCKED WITH ONLY READERS","SyncType: SyncTypeCreateSection, PageProtection: PAGE_READONLY"
"01:52:07.2363081","LightingService.exe","6180","QueryStandardInformationFile","C:\Program Files\ASUS\AuraSDK\AuraSdk_x86.dll","SUCCESS","AllocationSize: 884736, EndOfFile: 882072, NumberOfLinks: 1, DeletePending: False, Directory: False"
"01:52:07.2363116","LightingService.exe","6180","FASTIO_RELEASE_FOR_SECTION_SYNCHRONIZATION","C:\Program Files\ASUS\AuraSDK\AuraSdk_x86.dll","SUCCESS",""
"01:52:07.2363145","LightingService.exe","6180","CreateFileMapping","C:\Program Files\ASUS\AuraSDK\AuraSdk_x86.dll","SUCCESS","SyncType: SyncTypeOther"
"01:52:07.2363172","LightingService.exe","6180","FASTIO_RELEASE_FOR_SECTION_SYNCHRONIZATION","C:\Program Files\ASUS\AuraSDK\AuraSdk_x86.dll","SUCCESS",""
"01:52:07.2365660","LightingService.exe","6180","CloseFile","C:\Program Files\ASUS\AuraSDK\AuraSdk_x86.dll","SUCCESS",""
"01:52:07.2365808","LightingService.exe","6180","IRP_MJ_CLOSE","C:\Program Files\ASUS\AuraSDK\AuraSdk_x86.dll","SUCCESS",""
"01:52:07.2366919","LightingService.exe","6180","RegQueryKey","HKCR","SUCCESS","Query: HandleTags, HandleTags: 0x1"
"01:52:07.2366968","LightingService.exe","6180","RegQueryKey","HKCR","SUCCESS","Query: Name"
"01:52:07.2367046","LightingService.exe","6180","RegOpenKey","HKCR\asus.aura","SUCCESS","Desired Access: Read"
"01:52:07.2367194","LightingService.exe","6180","RegSetInfoKey","HKCR\asus.aura","SUCCESS","KeySetInformationClass: KeySetHandleTagsInformation, Length: 0"
"01:52:07.2367247","LightingService.exe","6180","RegQueryKey","HKCR\asus.aura","SUCCESS","Query: HandleTags, HandleTags: 0x401"
"01:52:07.2367285","LightingService.exe","6180","RegOpenKey","HKCR\asus.aura\CLSID","NAME NOT FOUND","Desired Access: Read"
"01:52:07.2367351","LightingService.exe","6180","RegQueryKey","HKCR\asus.aura","SUCCESS","Query: HandleTags, HandleTags: 0x401"
"01:52:07.2367386","LightingService.exe","6180","RegOpenKey","HKCR\asus.aura\CurVer","SUCCESS","Desired Access: Read"
"01:52:07.2367461","LightingService.exe","6180","RegQueryValue","HKCR\asus.aura\CurVer\(Default)","BUFFER OVERFLOW","Length: 12"
"01:52:07.2367521","LightingService.exe","6180","RegCloseKey","HKCR\asus.aura\CurVer","SUCCESS",""
"01:52:07.2367616","LightingService.exe","6180","RegQueryKey","HKCR\asus.aura","SUCCESS","Query: HandleTags, HandleTags: 0x401"
"01:52:07.2367653","LightingService.exe","6180","RegOpenKey","HKCR\asus.aura\CurVer","SUCCESS","Desired Access: Read"
"01:52:07.2367704","LightingService.exe","6180","RegQueryValue","HKCR\asus.aura\CurVer\(Default)","SUCCESS","Type: REG_SZ, Length: 24, Data: asus.aura.1"
"01:52:07.2367752","LightingService.exe","6180","RegCloseKey","HKCR\asus.aura\CurVer","SUCCESS",""
"01:52:07.2367816","LightingService.exe","6180","RegCloseKey","HKCR\asus.aura","SUCCESS",""
"01:52:07.2367863","LightingService.exe","6180","RegQueryKey","HKCR","SUCCESS","Query: HandleTags, HandleTags: 0x1"
"01:52:07.2367894","LightingService.exe","6180","RegQueryKey","HKCR","SUCCESS","Query: Name"
"01:52:07.2367951","LightingService.exe","6180","RegOpenKey","HKCR\asus.aura.1","SUCCESS","Desired Access: Read"
"01:52:07.2368023","LightingService.exe","6180","RegSetInfoKey","HKCR\asus.aura.1","SUCCESS","KeySetInformationClass: KeySetHandleTagsInformation, Length: 0"
"01:52:07.2368067","LightingService.exe","6180","RegQueryKey","HKCR\asus.aura.1","SUCCESS","Query: HandleTags, HandleTags: 0x401"
"01:52:07.2368104","LightingService.exe","6180","RegOpenKey","HKCR\asus.aura.1\CLSID","SUCCESS","Desired Access: Read"
"01:52:07.2368213","LightingService.exe","6180","RegQueryValue","HKCR\asus.aura.1\CLSID\(Default)","SUCCESS","Type: REG_SZ, Length: 78, Data: {34B707DC-1133-4EBC-B380-21387A50A89D}"
"01:52:07.2368265","LightingService.exe","6180","RegCloseKey","HKCR\asus.aura.1\CLSID","SUCCESS",""
"01:52:07.2368320","LightingService.exe","6180","RegCloseKey","HKCR\asus.aura.1","SUCCESS",""
"01:52:07.2368570","LightingService.exe","6180","RegQueryKey","HKCR\PackagedCom\ProgIdIndex","SUCCESS","Query: HandleTags, HandleTags: 0x100"
"01:52:07.2368607","LightingService.exe","6180","RegOpenKey","HKCR\PackagedCom\ProgIdIndex\asus.aura","NAME NOT FOUND","Desired Access: Read"
"01:52:07.2368702","LightingService.exe","6180","RegQueryKey","HKCR","SUCCESS","Query: HandleTags, HandleTags: 0x1"
"01:52:07.2368733","LightingService.exe","6180","RegQueryKey","HKCR","SUCCESS","Query: Name"
"01:52:07.2368781","LightingService.exe","6180","RegOpenKey","HKCR\asus.aura","SUCCESS","Desired Access: Read"
"01:52:07.2368821","LightingService.exe","6180","RegSetInfoKey","HKCR\asus.aura","SUCCESS","KeySetInformationClass: KeySetHandleTagsInformation, Length: 0"
"01:52:07.2368865","LightingService.exe","6180","RegQueryKey","HKCR\asus.aura","SUCCESS","Query: HandleTags, HandleTags: 0x401"
"01:52:07.2368900","LightingService.exe","6180","RegOpenKey","HKCR\asus.aura\CLSID","NAME NOT FOUND","Desired Access: Read"
"01:52:07.2368951","LightingService.exe","6180","RegQueryKey","HKCR\asus.aura","SUCCESS","Query: HandleTags, HandleTags: 0x401"
"01:52:07.2368986","LightingService.exe","6180","RegOpenKey","HKCR\asus.aura\CurVer","SUCCESS","Desired Access: Read"
"01:52:07.2369029","LightingService.exe","6180","RegQueryValue","HKCR\asus.aura\CurVer\(Default)","BUFFER OVERFLOW","Length: 12"
"01:52:07.2369068","LightingService.exe","6180","RegCloseKey","HKCR\asus.aura\CurVer","SUCCESS",""
"01:52:07.2369115","LightingService.exe","6180","RegQueryKey","HKCR\asus.aura","SUCCESS","Query: HandleTags, HandleTags: 0x401"
"01:52:07.2369151","LightingService.exe","6180","RegOpenKey","HKCR\asus.aura\CurVer","SUCCESS","Desired Access: Read"
"01:52:07.2369195","LightingService.exe","6180","RegQueryValue","HKCR\asus.aura\CurVer\(Default)","SUCCESS","Type: REG_SZ, Length: 24, Data: asus.aura.1"
"01:52:07.2369237","LightingService.exe","6180","RegCloseKey","HKCR\asus.aura\CurVer","SUCCESS",""
"01:52:07.2369277","LightingService.exe","6180","RegCloseKey","HKCR\asus.aura","SUCCESS",""
"01:52:07.2369322","LightingService.exe","6180","RegQueryKey","HKCR","SUCCESS","Query: HandleTags, HandleTags: 0x1"
"01:52:07.2369354","LightingService.exe","6180","RegQueryKey","HKCR","SUCCESS","Query: Name"
"01:52:07.2369403","LightingService.exe","6180","RegOpenKey","HKCR\asus.aura.1","SUCCESS","Desired Access: Read"
"01:52:07.2369442","LightingService.exe","6180","RegSetInfoKey","HKCR\asus.aura.1","SUCCESS","KeySetInformationClass: KeySetHandleTagsInformation, Length: 0"
"01:52:07.2369504","LightingService.exe","6180","RegQueryKey","HKCR\asus.aura.1","SUCCESS","Query: HandleTags, HandleTags: 0x401"
"01:52:07.2369544","LightingService.exe","6180","RegOpenKey","HKCR\asus.aura.1\CLSID","SUCCESS","Desired Access: Read"
"01:52:07.2369587","LightingService.exe","6180","RegQueryValue","HKCR\asus.aura.1\CLSID\(Default)","SUCCESS","Type: REG_SZ, Length: 78, Data: {34B707DC-1133-4EBC-B380-21387A50A89D}"
"01:52:07.2369630","LightingService.exe","6180","RegCloseKey","HKCR\asus.aura.1\CLSID","SUCCESS",""
"01:52:07.2369668","LightingService.exe","6180","RegCloseKey","HKCR\asus.aura.1","SUCCESS",""
"01:52:07.2369809","LightingService.exe","6180","RegQueryKey","HKCR","SUCCESS","Query: HandleTags, HandleTags: 0x1"
"01:52:07.2369839","LightingService.exe","6180","RegQueryKey","HKCR","SUCCESS","Query: Name"
"01:52:07.2369908","LightingService.exe","6180","RegOpenKey","HKCR\WOW6432Node\CLSID\{34B707DC-1133-4EBC-B380-21387A50A89D}","SUCCESS","Desired Access: Read"
"01:52:07.2370024","LightingService.exe","6180","RegSetInfoKey","HKCR\WOW6432Node\CLSID\{34B707DC-1133-4EBC-B380-21387A50A89D}","SUCCESS","KeySetInformationClass: KeySetHandleTagsInformation, Length: 0"
"01:52:07.2370071","LightingService.exe","6180","RegQueryKey","HKCR\WOW6432Node\CLSID\{34B707DC-1133-4EBC-B380-21387A50A89D}","SUCCESS","Query: HandleTags, HandleTags: 0x401"
"01:52:07.2370107","LightingService.exe","6180","RegOpenKey","HKCR\WOW6432Node\CLSID\{34B707DC-1133-4EBC-B380-21387A50A89D}\TreatAs","NAME NOT FOUND","Desired Access: Query Value"
"01:52:07.2370159","LightingService.exe","6180","RegQueryKey","HKCR\WOW6432Node\CLSID\{34B707DC-1133-4EBC-B380-21387A50A89D}","SUCCESS","Query: Name"
"01:52:07.2370235","LightingService.exe","6180","RegQueryValue","HKCR\WOW6432Node\CLSID\{34B707DC-1133-4EBC-B380-21387A50A89D}\ActivateOnHostFlags","NAME NOT FOUND","Length: 16"
"01:52:07.2370285","LightingService.exe","6180","RegQueryValue","HKCR\WOW6432Node\CLSID\{34B707DC-1133-4EBC-B380-21387A50A89D}\(Default)","BUFFER OVERFLOW","Length: 12"
"01:52:07.2370326","LightingService.exe","6180","RegQueryValue","HKCR\WOW6432Node\CLSID\{34B707DC-1133-4EBC-B380-21387A50A89D}\(Default)","SUCCESS","Type: REG_SZ, Length: 46, Data: AuraDevelopement Class"
"01:52:07.2370385","LightingService.exe","6180","RegQueryKey","HKCR\WOW6432Node\CLSID\{34B707DC-1133-4EBC-B380-21387A50A89D}","SUCCESS","Query: HandleTags, HandleTags: 0x401"
"01:52:07.2370420","LightingService.exe","6180","RegOpenKey","HKCR\WOW6432Node\CLSID\{34B707DC-1133-4EBC-B380-21387A50A89D}\InprocServer32","SUCCESS","Desired Access: Read"
"01:52:07.2370493","LightingService.exe","6180","RegQueryValue","HKCR\WOW6432Node\CLSID\{34B707DC-1133-4EBC-B380-21387A50A89D}\InprocServer32\InprocServer32","NAME NOT FOUND","Length: 12"
"01:52:07.2370546","LightingService.exe","6180","RegQueryValue","HKCR\WOW6432Node\CLSID\{34B707DC-1133-4EBC-B380-21387A50A89D}\InprocServer32\(Default)","BUFFER OVERFLOW","Length: 12"
"01:52:07.2370590","LightingService.exe","6180","RegQueryValue","HKCR\WOW6432Node\CLSID\{34B707DC-1133-4EBC-B380-21387A50A89D}\InprocServer32\(Default)","SUCCESS","Type: REG_SZ, Length: 92, Data: C:\Program Files\ASUS\AuraSDK\AuraSdk_x86.dll"
"01:52:07.2370634","LightingService.exe","6180","RegQueryValue","HKCR\WOW6432Node\CLSID\{34B707DC-1133-4EBC-B380-21387A50A89D}\InprocServer32\ThreadingModel","SUCCESS","Type: REG_SZ, Length: 10, Data: Both"
"01:52:07.2370686","LightingService.exe","6180","RegCloseKey","HKCR\WOW6432Node\CLSID\{34B707DC-1133-4EBC-B380-21387A50A89D}\InprocServer32","SUCCESS",""
"01:52:07.2370753","LightingService.exe","6180","RegQueryKey","HKCR\WOW6432Node\CLSID\{34B707DC-1133-4EBC-B380-21387A50A89D}","SUCCESS","Query: HandleTags, HandleTags: 0x401"
"01:52:07.2370790","LightingService.exe","6180","RegOpenKey","HKCR\WOW6432Node\CLSID\{34B707DC-1133-4EBC-B380-21387A50A89D}\InprocHandler32","NAME NOT FOUND","Desired Access: Query Value"
"01:52:07.2370848","LightingService.exe","6180","RegQueryKey","HKCR\WOW6432Node\CLSID\{34B707DC-1133-4EBC-B380-21387A50A89D}","SUCCESS","Query: HandleTags, HandleTags: 0x401"
"01:52:07.2370883","LightingService.exe","6180","RegOpenKey","HKCR\WOW6432Node\CLSID\{34B707DC-1133-4EBC-B380-21387A50A89D}\InprocHandler","NAME NOT FOUND","Desired Access: Query Value"
"01:52:07.2370946","LightingService.exe","6180","RegCloseKey","HKCR\WOW6432Node\CLSID\{34B707DC-1133-4EBC-B380-21387A50A89D}","SUCCESS",""
"01:52:07.2371147","LightingService.exe","6180","RegQueryKey","HKCR","SUCCESS","Query: HandleTags, HandleTags: 0x1"
"01:52:07.2371178","LightingService.exe","6180","RegQueryKey","HKCR","SUCCESS","Query: Name"
"01:52:07.2371235","LightingService.exe","6180","RegOpenKey","HKCR\WOW6432Node\CLSID\{34B707DC-1133-4EBC-B380-21387A50A89D}","SUCCESS","Desired Access: Read"
"01:52:07.2371282","LightingService.exe","6180","RegSetInfoKey","HKCR\WOW6432Node\CLSID\{34B707DC-1133-4EBC-B380-21387A50A89D}","SUCCESS","KeySetInformationClass: KeySetHandleTagsInformation, Length: 0"
"01:52:07.2371328","LightingService.exe","6180","RegQueryKey","HKCR\WOW6432Node\CLSID\{34B707DC-1133-4EBC-B380-21387A50A89D}","SUCCESS","Query: HandleTags, HandleTags: 0x401"
"01:52:07.2371364","LightingService.exe","6180","RegOpenKey","HKCR\WOW6432Node\CLSID\{34B707DC-1133-4EBC-B380-21387A50A89D}\TreatAs","NAME NOT FOUND","Desired Access: Query Value"
"01:52:07.2371405","LightingService.exe","6180","RegQueryKey","HKCR\WOW6432Node\CLSID\{34B707DC-1133-4EBC-B380-21387A50A89D}","SUCCESS","Query: Name"
"01:52:07.2371456","LightingService.exe","6180","RegQueryValue","HKCR\WOW6432Node\CLSID\{34B707DC-1133-4EBC-B380-21387A50A89D}\ActivateOnHostFlags","NAME NOT FOUND","Length: 16"
"01:52:07.2371494","LightingService.exe","6180","RegQueryValue","HKCR\WOW6432Node\CLSID\{34B707DC-1133-4EBC-B380-21387A50A89D}\(Default)","BUFFER OVERFLOW","Length: 12"
"01:52:07.2371533","LightingService.exe","6180","RegQueryValue","HKCR\WOW6432Node\CLSID\{34B707DC-1133-4EBC-B380-21387A50A89D}\(Default)","SUCCESS","Type: REG_SZ, Length: 46, Data: AuraDevelopement Class"
"01:52:07.2371586","LightingService.exe","6180","RegQueryKey","HKCR\WOW6432Node\CLSID\{34B707DC-1133-4EBC-B380-21387A50A89D}","SUCCESS","Query: HandleTags, HandleTags: 0x401"
"01:52:07.2371628","LightingService.exe","6180","RegOpenKey","HKCR\WOW6432Node\CLSID\{34B707DC-1133-4EBC-B380-21387A50A89D}\InprocServer32","SUCCESS","Desired Access: Read"
"01:52:07.2371674","LightingService.exe","6180","RegQueryValue","HKCR\WOW6432Node\CLSID\{34B707DC-1133-4EBC-B380-21387A50A89D}\InprocServer32\InprocServer32","NAME NOT FOUND","Length: 12"
"01:52:07.2371712","LightingService.exe","6180","RegQueryValue","HKCR\WOW6432Node\CLSID\{34B707DC-1133-4EBC-B380-21387A50A89D}\InprocServer32\(Default)","BUFFER OVERFLOW","Length: 12"
"01:52:07.2371749","LightingService.exe","6180","RegQueryValue","HKCR\WOW6432Node\CLSID\{34B707DC-1133-4EBC-B380-21387A50A89D}\InprocServer32\(Default)","SUCCESS","Type: REG_SZ, Length: 92, Data: C:\Program Files\ASUS\AuraSDK\AuraSdk_x86.dll"
"01:52:07.2371790","LightingService.exe","6180","RegQueryValue","HKCR\WOW6432Node\CLSID\{34B707DC-1133-4EBC-B380-21387A50A89D}\InprocServer32\ThreadingModel","SUCCESS","Type: REG_SZ, Length: 10, Data: Both"
"01:52:07.2371834","LightingService.exe","6180","RegCloseKey","HKCR\WOW6432Node\CLSID\{34B707DC-1133-4EBC-B380-21387A50A89D}\InprocServer32","SUCCESS",""
"01:52:07.2371883","LightingService.exe","6180","RegQueryKey","HKCR\WOW6432Node\CLSID\{34B707DC-1133-4EBC-B380-21387A50A89D}","SUCCESS","Query: HandleTags, HandleTags: 0x401"
"01:52:07.2371918","LightingService.exe","6180","RegOpenKey","HKCR\WOW6432Node\CLSID\{34B707DC-1133-4EBC-B380-21387A50A89D}\InprocHandler32","NAME NOT FOUND","Desired Access: Query Value"
"01:52:07.2371972","LightingService.exe","6180","RegQueryKey","HKCR\WOW6432Node\CLSID\{34B707DC-1133-4EBC-B380-21387A50A89D}","SUCCESS","Query: HandleTags, HandleTags: 0x401"
"01:52:07.2372007","LightingService.exe","6180","RegOpenKey","HKCR\WOW6432Node\CLSID\{34B707DC-1133-4EBC-B380-21387A50A89D}\InprocHandler","NAME NOT FOUND","Desired Access: Query Value"
"01:52:07.2372051","LightingService.exe","6180","RegCloseKey","HKCR\WOW6432Node\CLSID\{34B707DC-1133-4EBC-B380-21387A50A89D}","SUCCESS",""
"01:52:07.2372762","LightingService.exe","6180","QueryNameInformationFile","C:\Program Files (x86)\LightingService\LightingService.exe","SUCCESS","Name: \Program Files (x86)\LightingService\LightingService.exe"
"01:52:07.2372952","LightingService.exe","6180","QueryNameInformationFile","C:\Program Files (x86)\LightingService\LightingService.exe","SUCCESS","Name: \Program Files (x86)\LightingService\LightingService.exe"
"01:52:07.2373252","LightingService.exe","6180","QueryNameInformationFile","C:\Program Files (x86)\LightingService\LightingService.exe","SUCCESS","Name: \Program Files (x86)\LightingService\LightingService.exe"
"01:52:07.2373761","LightingService.exe","6180","CreateFile","C:\ProgramData\ASUS\AuraProcess.ini","SUCCESS","Desired Access: Generic Read/Write, Disposition: OverwriteIf, Options: Synchronous IO Non-Alert, Non-Directory File, Attributes: N, ShareMode: None, AllocationSize: 0, OpenResult: Overwritten"
"01:52:07.2374730","LightingService.exe","6180","WriteFile","C:\ProgramData\ASUS\AuraProcess.ini","SUCCESS","Offset: 0, Length: 112, Priority: Normal"
"01:52:07.2375008","LightingService.exe","6180","FlushBuffersFile","C:\ProgramData\ASUS\AuraProcess.ini","SUCCESS",""
"01:52:07.2375065","LightingService.exe","6180","FASTIO_ACQUIRE_FOR_CC_FLUSH","C:\ProgramData\ASUS\AuraProcess.ini","SUCCESS",""
"01:52:07.2375093","LightingService.exe","6180","WriteFile","C:\ProgramData\ASUS\AuraProcess.ini","SUCCESS","Offset: 0, Length: 4096, I/O Flags: Non-cached, Paging I/O, Synchronous Paging I/O, Priority: Normal"
"01:52:07.2375171","LightingService.exe","6180","FASTIO_RELEASE_FOR_CC_FLUSH","C:\ProgramData\ASUS\AuraProcess.ini","SUCCESS",""
"01:52:07.2375276","LightingService.exe","6180","WriteFile","C:\$LogFile","SUCCESS","Offset: 53248, Length: 12288, I/O Flags: Non-cached, Paging I/O, Synchronous Paging I/O, Priority: Normal"
"01:52:07.2404802","LightingService.exe","6180","FASTIO_ACQUIRE_FOR_CC_FLUSH","C:\$Mft","SUCCESS",""
"01:52:07.2404937","LightingService.exe","6180","WriteFile","C:\$Mft","SUCCESS","Offset: 22265856, Length: 4096, I/O Flags: Non-cached, Paging I/O, Synchronous Paging I/O, Priority: Normal"
"01:52:07.2405432","LightingService.exe","6180","FASTIO_RELEASE_FOR_CC_FLUSH","C:\$Mft","SUCCESS",""
"01:52:07.2405580","LightingService.exe","6180","WriteFile","C:\$LogFile","SUCCESS","Offset: 126976, Length: 4096, I/O Flags: Non-cached, Paging I/O, Synchronous Paging I/O, Priority: Normal"
"01:52:07.2421368","LightingService.exe","6180","CloseFile","C:\ProgramData\ASUS\AuraProcess.ini","SUCCESS",""
"01:52:07.2422907","LightingService.exe","6180","CreateFile","C:\ProgramData\ASUS\ProcessList.ini","SUCCESS","Desired Access: Generic Read, Disposition: Open, Options: Synchronous IO Non-Alert, Non-Directory File, Attributes: N, ShareMode: Read, Write, AllocationSize: n/a, OpenResult: Opened"
"01:52:07.2423226","LightingService.exe","6180","CloseFile","C:\ProgramData\ASUS\ProcessList.ini","SUCCESS",""
"01:52:07.2423301","LightingService.exe","6180","IRP_MJ_CLOSE","C:\ProgramData\ASUS\ProcessList.ini","SUCCESS",""
"01:52:07.2423606","LightingService.exe","6180","CreateFile","C:\ProgramData\ASUS\ProcessList.ini","SUCCESS","Desired Access: Generic Read, Disposition: Open, Options: Synchronous IO Non-Alert, Non-Directory File, Attributes: N, ShareMode: Read, Write, AllocationSize: n/a, OpenResult: Opened"
"01:52:07.2423788","LightingService.exe","6180","QueryStandardInformationFile","C:\ProgramData\ASUS\ProcessList.ini","SUCCESS","AllocationSize: 160, EndOfFile: 156, NumberOfLinks: 1, DeletePending: False, Directory: False"
"01:52:07.2423934","LightingService.exe","6180","ReadFile","C:\ProgramData\ASUS\ProcessList.ini","SUCCESS","Offset: 0, Length: 156, Priority: Normal"
"01:52:07.2424405","LightingService.exe","6180","CloseFile","C:\ProgramData\ASUS\ProcessList.ini","SUCCESS",""
"01:52:07.2424803","LightingService.exe","6180","CreateFile","C:\ProgramData\ASUS\ProcessList.ini","SUCCESS","Desired Access: Generic Read, Disposition: Open, Options: Synchronous IO Non-Alert, Non-Directory File, Attributes: n/a, ShareMode: Read, Write, Delete, AllocationSize: n/a, OpenResult: Opened"
"01:52:07.2424969","LightingService.exe","6180","LockFile","C:\ProgramData\ASUS\ProcessList.ini","SUCCESS","Exclusive: False, Offset: 0, Length: 4294967295, Fail Immediately: False"
"01:52:07.2425026","LightingService.exe","6180","QueryStandardInformationFile","C:\ProgramData\ASUS\ProcessList.ini","SUCCESS","AllocationSize: 160, EndOfFile: 156, NumberOfLinks: 1, DeletePending: False, Directory: False"
"01:52:07.2425313","LightingService.exe","6180","ReadFile","C:\ProgramData\ASUS\ProcessList.ini","SUCCESS","Offset: 0, Length: 156, Priority: Normal"
"01:52:07.2426025","LightingService.exe","6180","UnlockFileSingle","C:\ProgramData\ASUS\ProcessList.ini","SUCCESS","Offset: 0, Length: 4294967295"
"01:52:07.2426151","LightingService.exe","6180","CloseFile","C:\ProgramData\ASUS\ProcessList.ini","SUCCESS",""
"01:52:07.2426329","LightingService.exe","6180","IRP_MJ_CLOSE","C:\ProgramData\ASUS\ProcessList.ini","SUCCESS",""
"01:52:07.2428253","LightingService.exe","6180","LockFile","C:\ProgramData\ASUS\ARMOURY CRATE Diagnosis\LightingService\LightingService.log","SUCCESS","Exclusive: True, Offset: 0, Length: 4294967295, Fail Immediately: False"
"01:52:07.2428344","LightingService.exe","6180","QueryStandardInformationFile","C:\ProgramData\ASUS\ARMOURY CRATE Diagnosis\LightingService\LightingService.log","SUCCESS","AllocationSize: 2555904, EndOfFile: 2472813, NumberOfLinks: 1, DeletePending: False, Directory: False"
"01:52:07.2428426","LightingService.exe","6180","WriteFile","C:\ProgramData\ASUS\ARMOURY CRATE Diagnosis\LightingService\LightingService.log","SUCCESS","Offset: 2472813, Length: 110"
"01:52:07.2428571","LightingService.exe","6180","UnlockFileSingle","C:\ProgramData\ASUS\ARMOURY CRATE Diagnosis\LightingService\LightingService.log","SUCCESS","Offset: 0, Length: 4294967295"
"01:52:07.2429215","LightingService.exe","6180","CreateFile","C:\Program Files (x86)\LightingService\LastProfile.xml","SUCCESS","Desired Access: Generic Read, Disposition: Open, Options: Synchronous IO Non-Alert, Non-Directory File, Attributes: N, ShareMode: Read, AllocationSize: n/a, OpenResult: Opened"
"01:52:07.2429587","LightingService.exe","6180","ReadFile","C:\Program Files (x86)\LightingService\LastProfile.xml","SUCCESS","Offset: 0, Length: 4096, Priority: Normal"
"01:52:07.2429767","LightingService.exe","6180","QueryStandardInformationFile","C:\Program Files (x86)\LightingService\LastProfile.xml","SUCCESS","AllocationSize: 8192, EndOfFile: 6775, NumberOfLinks: 1, DeletePending: False, Directory: False"
"01:52:07.2429846","LightingService.exe","6180","ReadFile","C:\Program Files (x86)\LightingService\LastProfile.xml","SUCCESS","Offset: 0, Length: 6656"
"01:52:07.2430005","LightingService.exe","6180","ReadFile","C:\Program Files (x86)\LightingService\LastProfile.xml","SUCCESS","Offset: 6656, Length: 119"
"01:52:07.2430552","LightingService.exe","6180","CloseFile","C:\Program Files (x86)\LightingService\LastProfile.xml","SUCCESS",""
"01:52:07.2431285","LightingService.exe","6180","LockFile","C:\ProgramData\ASUS\ARMOURY CRATE Diagnosis\LightingService\LightingService.log","SUCCESS","Exclusive: True, Offset: 0, Length: 4294967295, Fail Immediately: False"
"01:52:07.2431419","LightingService.exe","6180","QueryStandardInformationFile","C:\ProgramData\ASUS\ARMOURY CRATE Diagnosis\LightingService\LightingService.log","SUCCESS","AllocationSize: 2555904, EndOfFile: 2472923, NumberOfLinks: 1, DeletePending: False, Directory: False"
"01:52:07.2431507","LightingService.exe","6180","WriteFile","C:\ProgramData\ASUS\ARMOURY CRATE Diagnosis\LightingService\LightingService.log","SUCCESS","Offset: 2472923, Length: 133"
"01:52:07.2431602","LightingService.exe","6180","UnlockFileSingle","C:\ProgramData\ASUS\ARMOURY CRATE Diagnosis\LightingService\LightingService.log","SUCCESS","Offset: 0, Length: 4294967295"
"01:52:07.2432085","LightingService.exe","6180","LockFile","C:\ProgramData\ASUS\ARMOURY CRATE Diagnosis\LightingService\LightingService.log","SUCCESS","Exclusive: True, Offset: 0, Length: 4294967295, Fail Immediately: False"
"01:52:07.2432128","LightingService.exe","6180","QueryStandardInformationFile","C:\ProgramData\ASUS\ARMOURY CRATE Diagnosis\LightingService\LightingService.log","SUCCESS","AllocationSize: 2555904, EndOfFile: 2473056, NumberOfLinks: 1, DeletePending: False, Directory: False"
"01:52:07.2432245","LightingService.exe","6180","WriteFile","C:\ProgramData\ASUS\ARMOURY CRATE Diagnosis\LightingService\LightingService.log","SUCCESS","Offset: 2473056, Length: 116"
"01:52:07.2432323","LightingService.exe","6180","UnlockFileSingle","C:\ProgramData\ASUS\ARMOURY CRATE Diagnosis\LightingService\LightingService.log","SUCCESS","Offset: 0, Length: 4294967295"
"01:52:07.2432698","LightingService.exe","6180","LockFile","C:\ProgramData\ASUS\ARMOURY CRATE Diagnosis\LightingService\LightingService.log","SUCCESS","Exclusive: True, Offset: 0, Length: 4294967295, Fail Immediately: False"
"01:52:07.2432735","LightingService.exe","6180","QueryStandardInformationFile","C:\ProgramData\ASUS\ARMOURY CRATE Diagnosis\LightingService\LightingService.log","SUCCESS","AllocationSize: 2555904, EndOfFile: 2473172, NumberOfLinks: 1, DeletePending: False, Directory: False"
"01:52:07.2432843","LightingService.exe","6180","WriteFile","C:\ProgramData\ASUS\ARMOURY CRATE Diagnosis\LightingService\LightingService.log","SUCCESS","Offset: 2473172, Length: 136"
"01:52:07.2432925","LightingService.exe","6180","UnlockFileSingle","C:\ProgramData\ASUS\ARMOURY CRATE Diagnosis\LightingService\LightingService.log","SUCCESS","Offset: 0, Length: 4294967295"
"01:52:07.2433150","LightingService.exe","6180","LockFile","C:\ProgramData\ASUS\ARMOURY CRATE Diagnosis\LightingService\LightingService.log","SUCCESS","Exclusive: True, Offset: 0, Length: 4294967295, Fail Immediately: False"
"01:52:07.2433184","LightingService.exe","6180","QueryStandardInformationFile","C:\ProgramData\ASUS\ARMOURY CRATE Diagnosis\LightingService\LightingService.log","SUCCESS","AllocationSize: 2555904, EndOfFile: 2473308, NumberOfLinks: 1, DeletePending: False, Directory: False"
"01:52:07.2433233","LightingService.exe","6180","WriteFile","C:\ProgramData\ASUS\ARMOURY CRATE Diagnosis\LightingService\LightingService.log","SUCCESS","Offset: 2473308, Length: 110"
"01:52:07.2433283","LightingService.exe","6180","UnlockFileSingle","C:\ProgramData\ASUS\ARMOURY CRATE Diagnosis\LightingService\LightingService.log","SUCCESS","Offset: 0, Length: 4294967295"
"01:52:07.2433766","LightingService.exe","6180","CreateFile","C:\Program Files (x86)\LightingService\LastProfile.xml","SUCCESS","Desired Access: Generic Write, Read Attributes, Disposition: OverwriteIf, Options: Synchronous IO Non-Alert, Non-Directory File, Attributes: N, ShareMode: None, AllocationSize: 0, OpenResult: Overwritten"
"01:52:07.2434195","LightingService.exe","6180","IRP_MJ_CLOSE","C:\Program Files (x86)\LightingService\LastProfile.xml","SUCCESS",""
"01:52:07.2435115","LightingService.exe","6180","WriteFile","C:\Program Files (x86)\LightingService\LastProfile.xml","SUCCESS","Offset: 0, Length: 4174, Priority: Normal"
"01:52:07.2435204","LightingService.exe","6180","Thread Create","","SUCCESS","Thread ID: 34664"
"01:52:07.2435681","LightingService.exe","6180","WriteFile","C:\Program Files (x86)\LightingService\LastProfile.xml","SUCCESS","Offset: 4174, Length: 2601"
"01:52:07.2435756","LightingService.exe","6180","CloseFile","C:\Program Files (x86)\LightingService\LastProfile.xml","SUCCESS",""
"01:52:07.2435841","LightingService.exe","6180","Thread Create","","SUCCESS","Thread ID: 32940"
"01:52:07.2436384","LightingService.exe","6180","NotifyChangeDirectory","C:\Program Files (x86)\LightingService","SUCCESS","Filter: FILE_NOTIFY_CHANGE_FILE_NAME, FILE_NOTIFY_CHANGE_LAST_WRITE, FILE_NOTIFY_CHANGE_CREATION"
"01:52:07.2436487","LightingService.exe","6180","LockFile","C:\ProgramData\ASUS\ARMOURY CRATE Diagnosis\LightingService\LightingService.log","SUCCESS","Exclusive: True, Offset: 0, Length: 4294967295, Fail Immediately: False"
"01:52:07.2436531","LightingService.exe","6180","QueryStandardInformationFile","C:\ProgramData\ASUS\ARMOURY CRATE Diagnosis\LightingService\LightingService.log","SUCCESS","AllocationSize: 2555904, EndOfFile: 2473418, NumberOfLinks: 1, DeletePending: False, Directory: False"
"01:52:07.2436586","LightingService.exe","6180","WriteFile","C:\ProgramData\ASUS\ARMOURY CRATE Diagnosis\LightingService\LightingService.log","SUCCESS","Offset: 2473418, Length: 110"
"01:52:07.2436701","LightingService.exe","6180","UnlockFileSingle","C:\ProgramData\ASUS\ARMOURY CRATE Diagnosis\LightingService\LightingService.log","SUCCESS","Offset: 0, Length: 4294967295"
"01:52:07.2436936","LightingService.exe","6180","Thread Create","","SUCCESS","Thread ID: 26992"
"01:52:07.2437085","LightingService.exe","6180","NotifyChangeDirectory","C:\Program Files (x86)\LightingService","","Filter: FILE_NOTIFY_CHANGE_FILE_NAME, FILE_NOTIFY_CHANGE_LAST_WRITE, FILE_NOTIFY_CHANGE_CREATION"
"01:52:07.2437441","LightingService.exe","6180","CreateFile","C:\Program Files (x86)\LightingService\AuraHueWrapper.dll","SUCCESS","Desired Access: Generic Read, Disposition: Open, Options: Sequential Access, Synchronous IO Non-Alert, Non-Directory File, Attributes: n/a, ShareMode: Read, AllocationSize: n/a, OpenResult: Opened"
"01:52:07.2437513","LightingService.exe","6180","CreateFile","C:\Program Files (x86)\LightingService\LastProfile.xml","SUCCESS","Desired Access: Generic Read, Disposition: Open, Options: Synchronous IO Non-Alert, Non-Directory File, Attributes: N, ShareMode: Read, AllocationSize: n/a, OpenResult: Opened"
"01:52:07.2437792","LightingService.exe","6180","QueryEAFile","C:\Program Files (x86)\LightingService\LastProfile.xml","SUCCESS",""
"01:52:07.2437997","LightingService.exe","6180","QueryStandardInformationFile","C:\Program Files (x86)\LightingService\AuraHueWrapper.dll","SUCCESS","AllocationSize: 53248, EndOfFile: 50480, NumberOfLinks: 1, DeletePending: False, Directory: False"
"01:52:07.2438240","LightingService.exe","6180","CreateFileMapping","C:\Program Files (x86)\LightingService\AuraHueWrapper.dll","FILE LOCKED WITH ONLY READERS","SyncType: SyncTypeCreateSection, PageProtection: PAGE_READONLY"
"01:52:07.2438360","LightingService.exe","6180","QueryStandardInformationFile","C:\Program Files (x86)\LightingService\AuraHueWrapper.dll","SUCCESS","AllocationSize: 53248, EndOfFile: 50480, NumberOfLinks: 1, DeletePending: False, Directory: False"
"01:52:07.2438612","LightingService.exe","6180","FASTIO_RELEASE_FOR_SECTION_SYNCHRONIZATION","C:\Program Files (x86)\LightingService\AuraHueWrapper.dll","SUCCESS",""
"01:52:07.2438729","LightingService.exe","6180","CreateFileMapping","C:\Program Files (x86)\LightingService\AuraHueWrapper.dll","SUCCESS","SyncType: SyncTypeOther"
"01:52:07.2438803","LightingService.exe","6180","FASTIO_RELEASE_FOR_SECTION_SYNCHRONIZATION","C:\Program Files (x86)\LightingService\AuraHueWrapper.dll","SUCCESS",""
"01:52:07.2439091","LightingService.exe","6180","CloseFile","C:\Program Files (x86)\LightingService\AuraHueWrapper.dll","SUCCESS",""
"01:52:07.2439248","LightingService.exe","6180","IRP_MJ_CLOSE","C:\Program Files (x86)\LightingService\AuraHueWrapper.dll","SUCCESS",""
"01:52:07.2440137","LightingService.exe","6180","CreateFile","C:\Program Files (x86)\LightingService\AuraHueWrapper.dll","SUCCESS","Desired Access: Generic Read, Disposition: Open, Options: Sequential Access, Synchronous IO Non-Alert, Non-Directory File, Attributes: n/a, ShareMode: Read, AllocationSize: n/a, OpenResult: Opened"
"01:52:07.2440432","LightingService.exe","6180","QueryStandardInformationFile","C:\Program Files (x86)\LightingService\AuraHueWrapper.dll","SUCCESS","AllocationSize: 53248, EndOfFile: 50480, NumberOfLinks: 1, DeletePending: False, Directory: False"
"01:52:07.2440547","LightingService.exe","6180","CreateFileMapping","C:\Program Files (x86)\LightingService\AuraHueWrapper.dll","FILE LOCKED WITH ONLY READERS","SyncType: SyncTypeCreateSection, PageProtection: PAGE_READONLY"
"01:52:07.2440638","LightingService.exe","6180","QueryStandardInformationFile","C:\Program Files (x86)\LightingService\AuraHueWrapper.dll","SUCCESS","AllocationSize: 53248, EndOfFile: 50480, NumberOfLinks: 1, DeletePending: False, Directory: False"
"01:52:07.2440717","LightingService.exe","6180","FASTIO_RELEASE_FOR_SECTION_SYNCHRONIZATION","C:\Program Files (x86)\LightingService\AuraHueWrapper.dll","SUCCESS",""
"01:52:07.2440776","LightingService.exe","6180","CreateFileMapping","C:\Program Files (x86)\LightingService\AuraHueWrapper.dll","SUCCESS","SyncType: SyncTypeOther"
"01:52:07.2440835","LightingService.exe","6180","FASTIO_RELEASE_FOR_SECTION_SYNCHRONIZATION","C:\Program Files (x86)\LightingService\AuraHueWrapper.dll","SUCCESS",""
"01:52:07.2441014","LightingService.exe","6180","CloseFile","C:\Program Files (x86)\LightingService\AuraHueWrapper.dll","SUCCESS",""
"01:52:07.2441133","LightingService.exe","6180","IRP_MJ_CLOSE","C:\Program Files (x86)\LightingService\AuraHueWrapper.dll","SUCCESS",""
"01:52:07.2441452","LightingService.exe","6180","RegQueryKey","HKU\.DEFAULT","SUCCESS","Query: HandleTags, HandleTags: 0x0"
"01:52:07.2441535","LightingService.exe","6180","RegQueryKey","HKU\.DEFAULT","SUCCESS","Query: Name"
"01:52:07.2441732","LightingService.exe","6180","RegOpenKey","HKU\.DEFAULT\Software\Microsoft\.NETFramework","NAME NOT FOUND","Desired Access: Read"
"01:52:07.2441904","LightingService.exe","6180","RegQueryKey","HKLM","SUCCESS","Query: HandleTags, HandleTags: 0x0"
"01:52:07.2441969","LightingService.exe","6180","RegQueryKey","HKLM","SUCCESS","Query: Name"
"01:52:07.2442086","LightingService.exe","6180","RegOpenKey","HKLM\Software\WOW6432Node\Microsoft\.NETFramework","SUCCESS","Desired Access: Read"
"01:52:07.2442268","LightingService.exe","6180","RegSetInfoKey","HKLM\SOFTWARE\WOW6432Node\Microsoft\.NETFramework","SUCCESS","KeySetInformationClass: KeySetHandleTagsInformation, Length: 0"
"01:52:07.2442992","LightingService.exe","6180","CreateFile","C:\Program Files (x86)\LightingService\AuraHueWrapper.dll.config","NAME NOT FOUND","Desired Access: Generic Read, Disposition: Open, Options: Synchronous IO Non-Alert, Non-Directory File, Attributes: N, ShareMode: Read, AllocationSize: n/a"
"01:52:07.2443690","LightingService.exe","6180","CreateFile","C:\Program Files (x86)\LightingService\AuraHueWrapper.dll","SUCCESS","Desired Access: Generic Read, Disposition: Open, Options: Sequential Access, Synchronous IO Non-Alert, Non-Directory File, Attributes: n/a, ShareMode: Read, AllocationSize: n/a, OpenResult: Opened"
"01:52:07.2443947","LightingService.exe","6180","QueryStandardInformationFile","C:\Program Files (x86)\LightingService\AuraHueWrapper.dll","SUCCESS","AllocationSize: 53248, EndOfFile: 50480, NumberOfLinks: 1, DeletePending: False, Directory: False"
"01:52:07.2444048","LightingService.exe","6180","CreateFileMapping","C:\Program Files (x86)\LightingService\AuraHueWrapper.dll","FILE LOCKED WITH ONLY READERS","SyncType: SyncTypeCreateSection, PageProtection: PAGE_READONLY"
"01:52:07.2444131","LightingService.exe","6180","QueryStandardInformationFile","C:\Program Files (x86)\LightingService\AuraHueWrapper.dll","SUCCESS","AllocationSize: 53248, EndOfFile: 50480, NumberOfLinks: 1, DeletePending: False, Directory: False"
"01:52:07.2444207","LightingService.exe","6180","FASTIO_RELEASE_FOR_SECTION_SYNCHRONIZATION","C:\Program Files (x86)\LightingService\AuraHueWrapper.dll","SUCCESS",""
"01:52:07.2444266","LightingService.exe","6180","CreateFileMapping","C:\Program Files (x86)\LightingService\AuraHueWrapper.dll","SUCCESS","SyncType: SyncTypeOther"
"01:52:07.2444322","LightingService.exe","6180","FASTIO_RELEASE_FOR_SECTION_SYNCHRONIZATION","C:\Program Files (x86)\LightingService\AuraHueWrapper.dll","SUCCESS",""
"01:52:07.2444501","LightingService.exe","6180","CloseFile","C:\Program Files (x86)\LightingService\AuraHueWrapper.dll","SUCCESS",""
"01:52:07.2444618","LightingService.exe","6180","IRP_MJ_CLOSE","C:\Program Files (x86)\LightingService\AuraHueWrapper.dll","SUCCESS",""
"01:52:07.2445227","LightingService.exe","6180","ReadFile","C:\Program Files (x86)\LightingService\LastProfile.xml","SUCCESS","Offset: 0, Length: 4096, Priority: Normal"
"01:52:07.2445237","LightingService.exe","6180","CreateFile","C:\Program Files (x86)\LightingService\AuraHueWrapper.dll","SUCCESS","Desired Access: Generic Read, Disposition: Open, Options: Sequential Access, Synchronous IO Non-Alert, Non-Directory File, Attributes: n/a, ShareMode: Read, AllocationSize: n/a, OpenResult: Opened"
"01:52:07.2445419","LightingService.exe","6180","QueryStandardInformationFile","C:\Program Files (x86)\LightingService\LastProfile.xml","SUCCESS","AllocationSize: 8192, EndOfFile: 6775, NumberOfLinks: 1, DeletePending: False, Directory: False"
"01:52:07.2445562","LightingService.exe","6180","ReadFile","C:\Program Files (x86)\LightingService\LastProfile.xml","SUCCESS","Offset: 0, Length: 6656"
"01:52:07.2445641","LightingService.exe","6180","QueryStandardInformationFile","C:\Program Files (x86)\LightingService\AuraHueWrapper.dll","SUCCESS","AllocationSize: 53248, EndOfFile: 50480, NumberOfLinks: 1, DeletePending: False, Directory: False"
"01:52:07.2445662","LightingService.exe","6180","ReadFile","C:\Program Files (x86)\LightingService\LastProfile.xml","SUCCESS","Offset: 6656, Length: 119"
"01:52:07.2445819","LightingService.exe","6180","CreateFileMapping","C:\Program Files (x86)\LightingService\AuraHueWrapper.dll","FILE LOCKED WITH ONLY READERS","SyncType: SyncTypeCreateSection, PageProtection: PAGE_READONLY"
"01:52:07.2445926","LightingService.exe","6180","QueryStandardInformationFile","C:\Program Files (x86)\LightingService\AuraHueWrapper.dll","SUCCESS","AllocationSize: 53248, EndOfFile: 50480, NumberOfLinks: 1, DeletePending: False, Directory: False"
"01:52:07.2445996","LightingService.exe","6180","CloseFile","C:\Program Files (x86)\LightingService\LastProfile.xml","SUCCESS",""
"01:52:07.2446014","LightingService.exe","6180","FASTIO_RELEASE_FOR_SECTION_SYNCHRONIZATION","C:\Program Files (x86)\LightingService\AuraHueWrapper.dll","SUCCESS",""
"01:52:07.2446088","LightingService.exe","6180","CreateFileMapping","C:\Program Files (x86)\LightingService\AuraHueWrapper.dll","SUCCESS","SyncType: SyncTypeOther"
"01:52:07.2446094","LightingService.exe","6180","IRP_MJ_CLOSE","C:\Program Files (x86)\LightingService\LastProfile.xml","SUCCESS",""
"01:52:07.2446161","LightingService.exe","6180","FASTIO_RELEASE_FOR_SECTION_SYNCHRONIZATION","C:\Program Files (x86)\LightingService\AuraHueWrapper.dll","SUCCESS",""
"01:52:07.2446388","LightingService.exe","6180","CloseFile","C:\Program Files (x86)\LightingService\AuraHueWrapper.dll","SUCCESS",""
"01:52:07.2446541","LightingService.exe","6180","LockFile","C:\ProgramData\ASUS\ARMOURY CRATE Diagnosis\LightingService\LightingService.log","SUCCESS","Exclusive: True, Offset: 0, Length: 4294967295, Fail Immediately: False"
"01:52:07.2446558","LightingService.exe","6180","IRP_MJ_CLOSE","C:\Program Files (x86)\LightingService\AuraHueWrapper.dll","SUCCESS",""
"01:52:07.2446589","LightingService.exe","6180","QueryStandardInformationFile","C:\ProgramData\ASUS\ARMOURY CRATE Diagnosis\LightingService\LightingService.log","SUCCESS","AllocationSize: 2555904, EndOfFile: 2473528, NumberOfLinks: 1, DeletePending: False, Directory: False"
"01:52:07.2446647","LightingService.exe","6180","WriteFile","C:\ProgramData\ASUS\ARMOURY CRATE Diagnosis\LightingService\LightingService.log","SUCCESS","Offset: 2473528, Length: 133"
"01:52:07.2446742","LightingService.exe","6180","UnlockFileSingle","C:\ProgramData\ASUS\ARMOURY CRATE Diagnosis\LightingService\LightingService.log","SUCCESS","Offset: 0, Length: 4294967295"
"01:52:07.2446938","LightingService.exe","6180","LockFile","C:\ProgramData\ASUS\ARMOURY CRATE Diagnosis\LightingService\LightingService.log","SUCCESS","Exclusive: True, Offset: 0, Length: 4294967295, Fail Immediately: False"
"01:52:07.2446958","LightingService.exe","6180","RegQueryKey","HKLM\SOFTWARE\WOW6432Node\Microsoft\.NETFramework","SUCCESS","Query: HandleTags, HandleTags: 0x400"
"01:52:07.2446973","LightingService.exe","6180","QueryStandardInformationFile","C:\ProgramData\ASUS\ARMOURY CRATE Diagnosis\LightingService\LightingService.log","SUCCESS","AllocationSize: 2555904, EndOfFile: 2473661, NumberOfLinks: 1, DeletePending: False, Directory: False"
"01:52:07.2447016","LightingService.exe","6180","WriteFile","C:\ProgramData\ASUS\ARMOURY CRATE Diagnosis\LightingService\LightingService.log","SUCCESS","Offset: 2473661, Length: 116"
"01:52:07.2447068","LightingService.exe","6180","UnlockFileSingle","C:\ProgramData\ASUS\ARMOURY CRATE Diagnosis\LightingService\LightingService.log","SUCCESS","Offset: 0, Length: 4294967295"
"01:52:07.2447129","LightingService.exe","6180","RegOpenKey","HKLM\SOFTWARE\WOW6432Node\Microsoft\.NETFramework\Policy\Standards","SUCCESS","Desired Access: Read"
"01:52:07.2447326","LightingService.exe","6180","LockFile","C:\ProgramData\ASUS\ARMOURY CRATE Diagnosis\LightingService\LightingService.log","SUCCESS","Exclusive: True, Offset: 0, Length: 4294967295, Fail Immediately: False"
"01:52:07.2447384","LightingService.exe","6180","QueryStandardInformationFile","C:\ProgramData\ASUS\ARMOURY CRATE Diagnosis\LightingService\LightingService.log","SUCCESS","AllocationSize: 2555904, EndOfFile: 2473777, NumberOfLinks: 1, DeletePending: False, Directory: False"
"01:52:07.2447412","LightingService.exe","6180","RegQueryKey","HKLM\SOFTWARE\WOW6432Node\Microsoft\.NETFramework\policy\standards","SUCCESS","Query: HandleTags, HandleTags: 0x400"
"01:52:07.2447428","LightingService.exe","6180","WriteFile","C:\ProgramData\ASUS\ARMOURY CRATE Diagnosis\LightingService\LightingService.log","SUCCESS","Offset: 2473777, Length: 115"
"01:52:07.2447477","LightingService.exe","6180","UnlockFileSingle","C:\ProgramData\ASUS\ARMOURY CRATE Diagnosis\LightingService\LightingService.log","SUCCESS","Offset: 0, Length: 4294967295"
"01:52:07.2447505","LightingService.exe","6180","RegOpenKey","HKLM\SOFTWARE\WOW6432Node\Microsoft\.NETFramework\policy\standards\v4.0.30319","NAME NOT FOUND","Desired Access: Read"
"01:52:07.2447642","LightingService.exe","6180","RegCloseKey","HKLM\SOFTWARE\WOW6432Node\Microsoft\.NETFramework\policy\standards","SUCCESS",""
"01:52:07.2447654","LightingService.exe","6180","LockFile","C:\ProgramData\ASUS\ARMOURY CRATE Diagnosis\LightingService\LightingService.log","SUCCESS","Exclusive: True, Offset: 0, Length: 4294967295, Fail Immediately: False"
"01:52:07.2447687","LightingService.exe","6180","QueryStandardInformationFile","C:\ProgramData\ASUS\ARMOURY CRATE Diagnosis\LightingService\LightingService.log","SUCCESS","AllocationSize: 2555904, EndOfFile: 2473892, NumberOfLinks: 1, DeletePending: False, Directory: False"
"01:52:07.2447726","LightingService.exe","6180","WriteFile","C:\ProgramData\ASUS\ARMOURY CRATE Diagnosis\LightingService\LightingService.log","SUCCESS","Offset: 2473892, Length: 136"
"01:52:07.2447794","LightingService.exe","6180","UnlockFileSingle","C:\ProgramData\ASUS\ARMOURY CRATE Diagnosis\LightingService\LightingService.log","SUCCESS","Offset: 0, Length: 4294967295"
"01:52:07.2447832","LightingService.exe","6180","RegQueryKey","HKLM","SUCCESS","Query: HandleTags, HandleTags: 0x0"
"01:52:07.2447896","LightingService.exe","6180","RegQueryKey","HKLM","SUCCESS","Query: Name"
"01:52:07.2448020","LightingService.exe","6180","RegOpenKey","HKLM\SOFTWARE\WOW6432Node\Microsoft\Fusion","SUCCESS","Desired Access: Read"
"01:52:07.2448081","LightingService.exe","6180","LockFile","C:\ProgramData\ASUS\ARMOURY CRATE Diagnosis\LightingService\LightingService.log","SUCCESS","Exclusive: True, Offset: 0, Length: 4294967295, Fail Immediately: False"
"01:52:07.2448110","LightingService.exe","6180","QueryStandardInformationFile","C:\ProgramData\ASUS\ARMOURY CRATE Diagnosis\LightingService\LightingService.log","SUCCESS","AllocationSize: 2555904, EndOfFile: 2474028, NumberOfLinks: 1, DeletePending: False, Directory: False"
"01:52:07.2448148","LightingService.exe","6180","WriteFile","C:\ProgramData\ASUS\ARMOURY CRATE Diagnosis\LightingService\LightingService.log","SUCCESS","Offset: 2474028, Length: 110"
"01:52:07.2448170","LightingService.exe","6180","RegSetInfoKey","HKLM\SOFTWARE\WOW6432Node\Microsoft\Fusion","SUCCESS","KeySetInformationClass: KeySetHandleTagsInformation, Length: 0"
"01:52:07.2448205","LightingService.exe","6180","UnlockFileSingle","C:\ProgramData\ASUS\ARMOURY CRATE Diagnosis\LightingService\LightingService.log","SUCCESS","Offset: 0, Length: 4294967295"
"01:52:07.2448254","LightingService.exe","6180","RegQueryValue","HKLM\SOFTWARE\WOW6432Node\Microsoft\Fusion\NoClientChecks","NAME NOT FOUND","Length: 16"
"01:52:07.2448345","LightingService.exe","6180","RegCloseKey","HKLM\SOFTWARE\WOW6432Node\Microsoft\Fusion","SUCCESS",""
"01:52:07.2448657","LightingService.exe","6180","CreateFile","C:\Program Files (x86)\LightingService\LastProfile.xml","SUCCESS","Desired Access: Generic Read, Disposition: Open, Options: Synchronous IO Non-Alert, Non-Directory File, Attributes: N, ShareMode: Read, AllocationSize: n/a, OpenResult: Opened"
"01:52:07.2448884","LightingService.exe","6180","ReadFile","C:\Program Files (x86)\LightingService\LastProfile.xml","SUCCESS","Offset: 0, Length: 4096, Priority: Normal"
"01:52:07.2448964","LightingService.exe","6180","QueryStandardInformationFile","C:\Program Files (x86)\LightingService\LastProfile.xml","SUCCESS","AllocationSize: 8192, EndOfFile: 6775, NumberOfLinks: 1, DeletePending: False, Directory: False"
"01:52:07.2449088","LightingService.exe","6180","ReadFile","C:\Program Files (x86)\LightingService\LastProfile.xml","SUCCESS","Offset: 0, Length: 6656"
"01:52:07.2449165","LightingService.exe","6180","ReadFile","C:\Program Files (x86)\LightingService\LastProfile.xml","SUCCESS","Offset: 6656, Length: 119"
"01:52:07.2449270","LightingService.exe","6180","QueryOpen","C:\Windows\Microsoft.NET\Framework\v4.0.30319\clr.dll","FAST IO DISALLOWED",""
"01:52:07.2449493","LightingService.exe","6180","CloseFile","C:\Program Files (x86)\LightingService\LastProfile.xml","SUCCESS",""
"01:52:07.2449580","LightingService.exe","6180","IRP_MJ_CLOSE","C:\Program Files (x86)\LightingService\LastProfile.xml","SUCCESS",""
"01:52:07.2449762","LightingService.exe","6180","CreateFile","C:\Windows\Microsoft.NET\Framework\v4.0.30319\clr.dll","SUCCESS","Desired Access: Read Attributes, Disposition: Open, Options: Open Reparse Point, Attributes: n/a, ShareMode: Read, Write, Delete, AllocationSize: n/a, OpenResult: Opened"
"01:52:07.2449917","LightingService.exe","6180","LockFile","C:\ProgramData\ASUS\ARMOURY CRATE Diagnosis\LightingService\LightingService.log","SUCCESS","Exclusive: True, Offset: 0, Length: 4294967295, Fail Immediately: False"
"01:52:07.2449962","LightingService.exe","6180","QueryStandardInformationFile","C:\ProgramData\ASUS\ARMOURY CRATE Diagnosis\LightingService\LightingService.log","SUCCESS","AllocationSize: 2555904, EndOfFile: 2474138, NumberOfLinks: 1, DeletePending: False, Directory: False"
"01:52:07.2450017","LightingService.exe","6180","WriteFile","C:\ProgramData\ASUS\ARMOURY CRATE Diagnosis\LightingService\LightingService.log","SUCCESS","Offset: 2474138, Length: 133"
"01:52:07.2450151","LightingService.exe","6180","QueryBasicInformationFile","C:\Windows\Microsoft.NET\Framework\v4.0.30319\clr.dll","SUCCESS","CreationTime: 26-11-2025 09:17:59, LastAccessTime: 16-08-2026 01:51:51, LastWriteTime: 17-09-2025 03:22:40, ChangeTime: 26-11-2025 09:18:43, FileAttributes: A"
"01:52:07.2450159","LightingService.exe","6180","UnlockFileSingle","C:\ProgramData\ASUS\ARMOURY CRATE Diagnosis\LightingService\LightingService.log","SUCCESS","Offset: 0, Length: 4294967295"
"01:52:07.2450297","LightingService.exe","6180","CloseFile","C:\Windows\Microsoft.NET\Framework\v4.0.30319\clr.dll","SUCCESS",""
"01:52:07.2450408","LightingService.exe","6180","LockFile","C:\ProgramData\ASUS\ARMOURY CRATE Diagnosis\LightingService\LightingService.log","SUCCESS","Exclusive: True, Offset: 0, Length: 4294967295, Fail Immediately: False"
"01:52:07.2450429","LightingService.exe","6180","IRP_MJ_CLOSE","C:\Windows\Microsoft.NET\Framework\v4.0.30319\clr.dll","SUCCESS",""
"01:52:07.2450446","LightingService.exe","6180","QueryStandardInformationFile","C:\ProgramData\ASUS\ARMOURY CRATE Diagnosis\LightingService\LightingService.log","SUCCESS","AllocationSize: 2555904, EndOfFile: 2474271, NumberOfLinks: 1, DeletePending: False, Directory: False"
"01:52:07.2450491","LightingService.exe","6180","WriteFile","C:\ProgramData\ASUS\ARMOURY CRATE Diagnosis\LightingService\LightingService.log","SUCCESS","Offset: 2474271, Length: 116"
"01:52:07.2450549","LightingService.exe","6180","UnlockFileSingle","C:\ProgramData\ASUS\ARMOURY CRATE Diagnosis\LightingService\LightingService.log","SUCCESS","Offset: 0, Length: 4294967295"
"01:52:07.2450698","LightingService.exe","6180","RegOpenKey","HKLM\Software\WOW6432Node\Policies\Microsoft\MUI\Settings","REPARSE","Desired Access: Read"
"01:52:07.2450836","LightingService.exe","6180","LockFile","C:\ProgramData\ASUS\ARMOURY CRATE Diagnosis\LightingService\LightingService.log","SUCCESS","Exclusive: True, Offset: 0, Length: 4294967295, Fail Immediately: False"
"01:52:07.2450862","LightingService.exe","6180","RegOpenKey","HKLM\SOFTWARE\Policies\Microsoft\MUI\Settings","NAME NOT FOUND","Desired Access: Read"
"01:52:07.2450891","LightingService.exe","6180","QueryStandardInformationFile","C:\ProgramData\ASUS\ARMOURY CRATE Diagnosis\LightingService\LightingService.log","SUCCESS","AllocationSize: 2555904, EndOfFile: 2474387, NumberOfLinks: 1, DeletePending: False, Directory: False"
"01:52:07.2450933","LightingService.exe","6180","WriteFile","C:\ProgramData\ASUS\ARMOURY CRATE Diagnosis\LightingService\LightingService.log","SUCCESS","Offset: 2474387, Length: 123"
"01:52:07.2451028","LightingService.exe","6180","RegOpenKey","HKU\S-1-5-18","REPARSE","Desired Access: Maximum Allowed"
"01:52:07.2451106","LightingService.exe","6180","UnlockFileSingle","C:\ProgramData\ASUS\ARMOURY CRATE Diagnosis\LightingService\LightingService.log","SUCCESS","Offset: 0, Length: 4294967295"
"01:52:07.2451221","LightingService.exe","6180","RegOpenKey","HKU\.DEFAULT","SUCCESS","Desired Access: Maximum Allowed, Granted Access: All Access"
"01:52:07.2451348","LightingService.exe","6180","LockFile","C:\ProgramData\ASUS\ARMOURY CRATE Diagnosis\LightingService\LightingService.log","SUCCESS","Exclusive: True, Offset: 0, Length: 4294967295, Fail Immediately: False"
"01:52:07.2451384","LightingService.exe","6180","QueryStandardInformationFile","C:\ProgramData\ASUS\ARMOURY CRATE Diagnosis\LightingService\LightingService.log","SUCCESS","AllocationSize: 2555904, EndOfFile: 2474510, NumberOfLinks: 1, DeletePending: False, Directory: False"
"01:52:07.2451401","LightingService.exe","6180","RegQueryKey","HKU\.DEFAULT","SUCCESS","Query: HandleTags, HandleTags: 0x0"
"01:52:07.2451488","LightingService.exe","6180","WriteFile","C:\ProgramData\ASUS\ARMOURY CRATE Diagnosis\LightingService\LightingService.log","SUCCESS","Offset: 2474510, Length: 120"
"01:52:07.2451495","LightingService.exe","6180","RegQueryKey","HKU\.DEFAULT","SUCCESS","Query: Name"
"01:52:07.2451567","LightingService.exe","6180","UnlockFileSingle","C:\ProgramData\ASUS\ARMOURY CRATE Diagnosis\LightingService\LightingService.log","SUCCESS","Offset: 0, Length: 4294967295"
"01:52:07.2451610","LightingService.exe","6180","RegOpenKey","HKU\.DEFAULT\Software\Policies\Microsoft\Control Panel\Desktop","NAME NOT FOUND","Desired Access: Read"
"01:52:07.2451757","LightingService.exe","6180","RegQueryKey","HKU\.DEFAULT","SUCCESS","Query: HandleTags, HandleTags: 0x0"
"01:52:07.2451818","LightingService.exe","6180","RegQueryKey","HKU\.DEFAULT","SUCCESS","Query: Name"
"01:52:07.2451880","LightingService.exe","6180","LockFile","C:\ProgramData\ASUS\ARMOURY CRATE Diagnosis\LightingService\LightingService.log","SUCCESS","Exclusive: True, Offset: 0, Length: 4294967295, Fail Immediately: False"
"01:52:07.2451916","LightingService.exe","6180","RegOpenKey","HKU\.DEFAULT\Control Panel\Desktop","SUCCESS","Desired Access: Read"
"01:52:07.2451944","LightingService.exe","6180","QueryStandardInformationFile","C:\ProgramData\ASUS\ARMOURY CRATE Diagnosis\LightingService\LightingService.log","SUCCESS","AllocationSize: 2555904, EndOfFile: 2474630, NumberOfLinks: 1, DeletePending: False, Directory: False"
"01:52:07.2451991","LightingService.exe","6180","WriteFile","C:\ProgramData\ASUS\ARMOURY CRATE Diagnosis\LightingService\LightingService.log","SUCCESS","Offset: 2474630, Length: 122"
"01:52:07.2452037","LightingService.exe","6180","RegSetInfoKey","HKU\.DEFAULT\Control Panel\Desktop","SUCCESS","KeySetInformationClass: KeySetHandleTagsInformation, Length: 0"
"01:52:07.2452096","LightingService.exe","6180","UnlockFileSingle","C:\ProgramData\ASUS\ARMOURY CRATE Diagnosis\LightingService\LightingService.log","SUCCESS","Offset: 0, Length: 4294967295"
"01:52:07.2452249","LightingService.exe","6180","RegQueryValue","HKU\.DEFAULT\Control Panel\Desktop\PreferredUILanguages","NAME NOT FOUND","Length: 12"
"01:52:07.2452311","LightingService.exe","6180","LockFile","C:\ProgramData\ASUS\ARMOURY CRATE Diagnosis\LightingService\LightingService.log","SUCCESS","Exclusive: True, Offset: 0, Length: 4294967295, Fail Immediately: False"
"01:52:07.2452364","LightingService.exe","6180","RegCloseKey","HKU\.DEFAULT\Control Panel\Desktop","SUCCESS",""
"01:52:07.2452397","LightingService.exe","6180","QueryStandardInformationFile","C:\ProgramData\ASUS\ARMOURY CRATE Diagnosis\LightingService\LightingService.log","SUCCESS","AllocationSize: 2555904, EndOfFile: 2474752, NumberOfLinks: 1, DeletePending: False, Directory: False"
"01:52:07.2452493","LightingService.exe","6180","RegCloseKey","HKU\.DEFAULT","SUCCESS",""
"01:52:07.2452539","LightingService.exe","6180","WriteFile","C:\ProgramData\ASUS\ARMOURY CRATE Diagnosis\LightingService\LightingService.log","SUCCESS","Offset: 2474752, Length: 124"
"01:52:07.2452601","LightingService.exe","6180","RegOpenKey","HKLM\Software\WOW6432Node\Policies\Microsoft\MUI\Settings","REPARSE","Desired Access: Read"
"01:52:07.2452615","LightingService.exe","6180","UnlockFileSingle","C:\ProgramData\ASUS\ARMOURY CRATE Diagnosis\LightingService\LightingService.log","SUCCESS","Offset: 0, Length: 4294967295"
"01:52:07.2452695","LightingService.exe","6180","RegOpenKey","HKLM\SOFTWARE\Policies\Microsoft\MUI\Settings","NAME NOT FOUND","Desired Access: Read"
"01:52:07.2452802","LightingService.exe","6180","RegOpenKey","HKU\S-1-5-18","REPARSE","Desired Access: Maximum Allowed"
"01:52:07.2452819","LightingService.exe","6180","LockFile","C:\ProgramData\ASUS\ARMOURY CRATE Diagnosis\LightingService\LightingService.log","SUCCESS","Exclusive: True, Offset: 0, Length: 4294967295, Fail Immediately: False"
"01:52:07.2452852","LightingService.exe","6180","QueryStandardInformationFile","C:\ProgramData\ASUS\ARMOURY CRATE Diagnosis\LightingService\LightingService.log","SUCCESS","AllocationSize: 2555904, EndOfFile: 2474876, NumberOfLinks: 1, DeletePending: False, Directory: False"
"01:52:07.2452888","LightingService.exe","6180","RegOpenKey","HKU\.DEFAULT","SUCCESS","Desired Access: Maximum Allowed, Granted Access: All Access"
"01:52:07.2452895","LightingService.exe","6180","WriteFile","C:\ProgramData\ASUS\ARMOURY CRATE Diagnosis\LightingService\LightingService.log","SUCCESS","Offset: 2474876, Length: 140"
"01:52:07.2452943","LightingService.exe","6180","UnlockFileSingle","C:\ProgramData\ASUS\ARMOURY CRATE Diagnosis\LightingService\LightingService.log","SUCCESS","Offset: 0, Length: 4294967295"
"01:52:07.2453116","LightingService.exe","6180","LockFile","C:\ProgramData\ASUS\ARMOURY CRATE Diagnosis\LightingService\LightingService.log","SUCCESS","Exclusive: True, Offset: 0, Length: 4294967295, Fail Immediately: False"
"01:52:07.2453125","LightingService.exe","6180","RegQueryKey","HKU\.DEFAULT","SUCCESS","Query: HandleTags, HandleTags: 0x0"
"01:52:07.2453151","LightingService.exe","6180","QueryStandardInformationFile","C:\ProgramData\ASUS\ARMOURY CRATE Diagnosis\LightingService\LightingService.log","SUCCESS","AllocationSize: 2555904, EndOfFile: 2475016, NumberOfLinks: 1, DeletePending: False, Directory: False"
"01:52:07.2453204","LightingService.exe","6180","RegQueryKey","HKU\.DEFAULT","SUCCESS","Query: Name"
"01:52:07.2453306","LightingService.exe","6180","RegOpenKey","HKU\.DEFAULT\Software\Policies\Microsoft\Control Panel\Desktop","NAME NOT FOUND","Desired Access: Read"
"01:52:07.2453430","LightingService.exe","6180","RegQueryKey","HKU\.DEFAULT","SUCCESS","Query: HandleTags, HandleTags: 0x0"
"01:52:07.2453491","LightingService.exe","6180","RegQueryKey","HKU\.DEFAULT","SUCCESS","Query: Name"
"01:52:07.2453507","LightingService.exe","6180","WriteFile","C:\ProgramData\ASUS\ARMOURY CRATE Diagnosis\LightingService\LightingService.log","SUCCESS","Offset: 2475016, Length: 110"
"01:52:07.2453580","LightingService.exe","6180","RegOpenKey","HKU\.DEFAULT\Control Panel\Desktop\LanguageConfiguration","NAME NOT FOUND","Desired Access: Read"
"01:52:07.2453685","LightingService.exe","6180","RegCloseKey","HKU\.DEFAULT","SUCCESS",""
"01:52:07.2453757","LightingService.exe","6180","UnlockFileSingle","C:\ProgramData\ASUS\ARMOURY CRATE Diagnosis\LightingService\LightingService.log","SUCCESS","Offset: 0, Length: 4294967295"
"01:52:07.2454495","LightingService.exe","6180","QueryOpen","C:\Windows\Microsoft.NET\Framework\v4.0.30319\clr.dll","FAST IO DISALLOWED",""
"01:52:07.2454534","LightingService.exe","6180","LockFile","C:\ProgramData\ASUS\ARMOURY CRATE Diagnosis\LightingService\LightingService.log","SUCCESS","Exclusive: True, Offset: 0, Length: 4294967295, Fail Immediately: False"
"01:52:07.2454583","LightingService.exe","6180","QueryStandardInformationFile","C:\ProgramData\ASUS\ARMOURY CRATE Diagnosis\LightingService\LightingService.log","SUCCESS","AllocationSize: 2555904, EndOfFile: 2475126, NumberOfLinks: 1, DeletePending: False, Directory: False"
"01:52:07.2454646","LightingService.exe","6180","WriteFile","C:\ProgramData\ASUS\ARMOURY CRATE Diagnosis\LightingService\LightingService.log","SUCCESS","Offset: 2475126, Length: 125"
"01:52:07.2454708","LightingService.exe","6180","UnlockFileSingle","C:\ProgramData\ASUS\ARMOURY CRATE Diagnosis\LightingService\LightingService.log","SUCCESS","Offset: 0, Length: 4294967295"
"01:52:07.2454939","LightingService.exe","6180","CreateFile","C:\Windows\Microsoft.NET\Framework\v4.0.30319\clr.dll","SUCCESS","Desired Access: Read Attributes, Disposition: Open, Options: Open Reparse Point, Attributes: n/a, ShareMode: Read, Write, Delete, AllocationSize: n/a, OpenResult: Opened"
"01:52:07.2454996","LightingService.exe","6180","LockFile","C:\ProgramData\ASUS\ARMOURY CRATE Diagnosis\LightingService\LightingService.log","SUCCESS","Exclusive: True, Offset: 0, Length: 4294967295, Fail Immediately: False"
"01:52:07.2455075","LightingService.exe","6180","QueryStandardInformationFile","C:\ProgramData\ASUS\ARMOURY CRATE Diagnosis\LightingService\LightingService.log","SUCCESS","AllocationSize: 2555904, EndOfFile: 2475251, NumberOfLinks: 1, DeletePending: False, Directory: False"
"01:52:07.2455122","LightingService.exe","6180","WriteFile","C:\ProgramData\ASUS\ARMOURY CRATE Diagnosis\LightingService\LightingService.log","SUCCESS","Offset: 2475251, Length: 144"
"01:52:07.2455193","LightingService.exe","6180","UnlockFileSingle","C:\ProgramData\ASUS\ARMOURY CRATE Diagnosis\LightingService\LightingService.log","SUCCESS","Offset: 0, Length: 4294967295"
"01:52:07.2455228","LightingService.exe","6180","QueryBasicInformationFile","C:\Windows\Microsoft.NET\Framework\v4.0.30319\clr.dll","SUCCESS","CreationTime: 26-11-2025 09:17:59, LastAccessTime: 16-08-2026 01:51:51, LastWriteTime: 17-09-2025 03:22:40, ChangeTime: 26-11-2025 09:18:43, FileAttributes: A"
"01:52:07.2455313","LightingService.exe","6180","CloseFile","C:\Windows\Microsoft.NET\Framework\v4.0.30319\clr.dll","SUCCESS",""
"01:52:07.2455429","LightingService.exe","6180","IRP_MJ_CLOSE","C:\Windows\Microsoft.NET\Framework\v4.0.30319\clr.dll","SUCCESS",""
"01:52:07.2455505","LightingService.exe","6180","LockFile","C:\ProgramData\ASUS\ARMOURY CRATE Diagnosis\LightingService\LightingService.log","SUCCESS","Exclusive: True, Offset: 0, Length: 4294967295, Fail Immediately: False"
"01:52:07.2455539","LightingService.exe","6180","QueryStandardInformationFile","C:\ProgramData\ASUS\ARMOURY CRATE Diagnosis\LightingService\LightingService.log","SUCCESS","AllocationSize: 2555904, EndOfFile: 2475395, NumberOfLinks: 1, DeletePending: False, Directory: False"
"01:52:07.2455582","LightingService.exe","6180","WriteFile","C:\ProgramData\ASUS\ARMOURY CRATE Diagnosis\LightingService\LightingService.log","SUCCESS","Offset: 2475395, Length: 139"
"01:52:07.2455627","LightingService.exe","6180","UnlockFileSingle","C:\ProgramData\ASUS\ARMOURY CRATE Diagnosis\LightingService\LightingService.log","SUCCESS","Offset: 0, Length: 4294967295"
"01:52:07.2455670","LightingService.exe","6180","RegCloseKey","HKLM\SOFTWARE\WOW6432Node\Microsoft\.NETFramework","SUCCESS",""
"01:52:07.2458047","LightingService.exe","6180","CreateFile","C:\Program Files (x86)\LightingService\AuraHueWrapper.dll","SUCCESS","Desired Access: Generic Read, Disposition: Open, Options: Sequential Access, Synchronous IO Non-Alert, Non-Directory File, Attributes: n/a, ShareMode: Read, AllocationSize: n/a, OpenResult: Opened"
"01:52:07.2458429","LightingService.exe","6180","QueryStandardInformationFile","C:\Program Files (x86)\LightingService\AuraHueWrapper.dll","SUCCESS","AllocationSize: 53248, EndOfFile: 50480, NumberOfLinks: 1, DeletePending: False, Directory: False"
"01:52:07.2458542","LightingService.exe","6180","CreateFileMapping","C:\Program Files (x86)\LightingService\AuraHueWrapper.dll","FILE LOCKED WITH ONLY READERS","SyncType: SyncTypeCreateSection, PageProtection: PAGE_READONLY"
"01:52:07.2458633","LightingService.exe","6180","QueryStandardInformationFile","C:\Program Files (x86)\LightingService\AuraHueWrapper.dll","SUCCESS","AllocationSize: 53248, EndOfFile: 50480, NumberOfLinks: 1, DeletePending: False, Directory: False"
"01:52:07.2458712","LightingService.exe","6180","FASTIO_RELEASE_FOR_SECTION_SYNCHRONIZATION","C:\Program Files (x86)\LightingService\AuraHueWrapper.dll","SUCCESS",""
"01:52:07.2458782","LightingService.exe","6180","CreateFileMapping","C:\Program Files (x86)\LightingService\AuraHueWrapper.dll","SUCCESS","SyncType: SyncTypeOther"
"01:52:07.2458843","LightingService.exe","6180","FASTIO_RELEASE_FOR_SECTION_SYNCHRONIZATION","C:\Program Files (x86)\LightingService\AuraHueWrapper.dll","SUCCESS",""
"01:52:07.2459072","LightingService.exe","6180","CloseFile","C:\Program Files (x86)\LightingService\AuraHueWrapper.dll","SUCCESS",""
"01:52:07.2459212","LightingService.exe","6180","IRP_MJ_CLOSE","C:\Program Files (x86)\LightingService\AuraHueWrapper.dll","SUCCESS",""
"01:52:07.2459946","LightingService.exe","6180","CreateFile","C:\Program Files (x86)\LightingService\AuraHueWrapper.dll","SUCCESS","Desired Access: Generic Read, Disposition: Open, Options: Sequential Access, Synchronous IO Non-Alert, Non-Directory File, Attributes: n/a, ShareMode: Read, AllocationSize: n/a, OpenResult: Opened"
"01:52:07.2460213","LightingService.exe","6180","QueryStandardInformationFile","C:\Program Files (x86)\LightingService\AuraHueWrapper.dll","SUCCESS","AllocationSize: 53248, EndOfFile: 50480, NumberOfLinks: 1, DeletePending: False, Directory: False"
"01:52:07.2460310","LightingService.exe","6180","CreateFileMapping","C:\Program Files (x86)\LightingService\AuraHueWrapper.dll","FILE LOCKED WITH ONLY READERS","SyncType: SyncTypeCreateSection, PageProtection: PAGE_READONLY"
"01:52:07.2460387","LightingService.exe","6180","QueryStandardInformationFile","C:\Program Files (x86)\LightingService\AuraHueWrapper.dll","SUCCESS","AllocationSize: 53248, EndOfFile: 50480, NumberOfLinks: 1, DeletePending: False, Directory: False"
"01:52:07.2460463","LightingService.exe","6180","FASTIO_RELEASE_FOR_SECTION_SYNCHRONIZATION","C:\Program Files (x86)\LightingService\AuraHueWrapper.dll","SUCCESS",""
"01:52:07.2460520","LightingService.exe","6180","CreateFileMapping","C:\Program Files (x86)\LightingService\AuraHueWrapper.dll","SUCCESS","SyncType: SyncTypeOther"
"01:52:07.2460579","LightingService.exe","6180","FASTIO_RELEASE_FOR_SECTION_SYNCHRONIZATION","C:\Program Files (x86)\LightingService\AuraHueWrapper.dll","SUCCESS",""
"01:52:07.2460746","LightingService.exe","6180","CloseFile","C:\Program Files (x86)\LightingService\AuraHueWrapper.dll","SUCCESS",""
"01:52:07.2460865","LightingService.exe","6180","IRP_MJ_CLOSE","C:\Program Files (x86)\LightingService\AuraHueWrapper.dll","SUCCESS",""
"01:52:07.2461119","LightingService.exe","6180","RegQueryKey","HKU\.DEFAULT","SUCCESS","Query: HandleTags, HandleTags: 0x0"
"01:52:07.2461195","LightingService.exe","6180","RegQueryKey","HKU\.DEFAULT","SUCCESS","Query: Name"
"01:52:07.2461312","LightingService.exe","6180","RegOpenKey","HKU\.DEFAULT\Software\Microsoft\.NETFramework","NAME NOT FOUND","Desired Access: Read"
"01:52:07.2461463","LightingService.exe","6180","RegQueryKey","HKLM","SUCCESS","Query: HandleTags, HandleTags: 0x0"
"01:52:07.2461526","LightingService.exe","6180","RegQueryKey","HKLM","SUCCESS","Query: Name"
"01:52:07.2461707","LightingService.exe","6180","RegOpenKey","HKLM\Software\WOW6432Node\Microsoft\.NETFramework","SUCCESS","Desired Access: Read"
"01:52:07.2461867","LightingService.exe","6180","RegSetInfoKey","HKLM\SOFTWARE\WOW6432Node\Microsoft\.NETFramework","SUCCESS","KeySetInformationClass: KeySetHandleTagsInformation, Length: 0"
"01:52:07.2462561","LightingService.exe","6180","CreateFile","C:\Program Files (x86)\LightingService\AuraHueWrapper.dll.config","NAME NOT FOUND","Desired Access: Generic Read, Disposition: Open, Options: Synchronous IO Non-Alert, Non-Directory File, Attributes: N, ShareMode: Read, AllocationSize: n/a"
"01:52:07.2463223","LightingService.exe","6180","CreateFile","C:\Program Files (x86)\LightingService\AuraHueWrapper.dll","SUCCESS","Desired Access: Generic Read, Disposition: Open, Options: Sequential Access, Synchronous IO Non-Alert, Non-Directory File, Attributes: n/a, ShareMode: Read, AllocationSize: n/a, OpenResult: Opened"
"01:52:07.2463470","LightingService.exe","6180","QueryStandardInformationFile","C:\Program Files (x86)\LightingService\AuraHueWrapper.dll","SUCCESS","AllocationSize: 53248, EndOfFile: 50480, NumberOfLinks: 1, DeletePending: False, Directory: False"
"01:52:07.2463563","LightingService.exe","6180","CreateFileMapping","C:\Program Files (x86)\LightingService\AuraHueWrapper.dll","FILE LOCKED WITH ONLY READERS","SyncType: SyncTypeCreateSection, PageProtection: PAGE_READONLY"
"01:52:07.2463642","LightingService.exe","6180","QueryStandardInformationFile","C:\Program Files (x86)\LightingService\AuraHueWrapper.dll","SUCCESS","AllocationSize: 53248, EndOfFile: 50480, NumberOfLinks: 1, DeletePending: False, Directory: False"
"01:52:07.2463713","LightingService.exe","6180","FASTIO_RELEASE_FOR_SECTION_SYNCHRONIZATION","C:\Program Files (x86)\LightingService\AuraHueWrapper.dll","SUCCESS",""
"01:52:07.2463786","LightingService.exe","6180","CreateFileMapping","C:\Program Files (x86)\LightingService\AuraHueWrapper.dll","SUCCESS","SyncType: SyncTypeOther"
"01:52:07.2463845","LightingService.exe","6180","FASTIO_RELEASE_FOR_SECTION_SYNCHRONIZATION","C:\Program Files (x86)\LightingService\AuraHueWrapper.dll","SUCCESS",""
"01:52:07.2464100","LightingService.exe","6180","CloseFile","C:\Program Files (x86)\LightingService\AuraHueWrapper.dll","SUCCESS",""
"01:52:07.2464224","LightingService.exe","6180","IRP_MJ_CLOSE","C:\Program Files (x86)\LightingService\AuraHueWrapper.dll","SUCCESS",""
"01:52:07.2464890","LightingService.exe","6180","CreateFile","C:\Program Files (x86)\LightingService\AuraHueWrapper.dll","SUCCESS","Desired Access: Generic Read, Disposition: Open, Options: Sequential Access, Synchronous IO Non-Alert, Non-Directory File, Attributes: n/a, ShareMode: Read, AllocationSize: n/a, OpenResult: Opened"
"01:52:07.2465092","LightingService.exe","6180","QueryStandardInformationFile","C:\Program Files (x86)\LightingService\AuraHueWrapper.dll","SUCCESS","AllocationSize: 53248, EndOfFile: 50480, NumberOfLinks: 1, DeletePending: False, Directory: False"
"01:52:07.2465162","LightingService.exe","6180","CreateFileMapping","C:\Program Files (x86)\LightingService\AuraHueWrapper.dll","FILE LOCKED WITH ONLY READERS","SyncType: SyncTypeCreateSection, PageProtection: PAGE_READONLY"
"01:52:07.2465215","LightingService.exe","6180","QueryStandardInformationFile","C:\Program Files (x86)\LightingService\AuraHueWrapper.dll","SUCCESS","AllocationSize: 53248, EndOfFile: 50480, NumberOfLinks: 1, DeletePending: False, Directory: False"
"01:52:07.2465260","LightingService.exe","6180","FASTIO_RELEASE_FOR_SECTION_SYNCHRONIZATION","C:\Program Files (x86)\LightingService\AuraHueWrapper.dll","SUCCESS",""
"01:52:07.2465297","LightingService.exe","6180","CreateFileMapping","C:\Program Files (x86)\LightingService\AuraHueWrapper.dll","SUCCESS","SyncType: SyncTypeOther"
"01:52:07.2465327","LightingService.exe","6180","FASTIO_RELEASE_FOR_SECTION_SYNCHRONIZATION","C:\Program Files (x86)\LightingService\AuraHueWrapper.dll","SUCCESS",""
"01:52:07.2465467","LightingService.exe","6180","CloseFile","C:\Program Files (x86)\LightingService\AuraHueWrapper.dll","SUCCESS",""
"01:52:07.2465532","LightingService.exe","6180","IRP_MJ_CLOSE","C:\Program Files (x86)\LightingService\AuraHueWrapper.dll","SUCCESS",""
"01:52:07.2465740","LightingService.exe","6180","RegQueryKey","HKLM\SOFTWARE\WOW6432Node\Microsoft\.NETFramework","SUCCESS","Query: HandleTags, HandleTags: 0x400"
"01:52:07.2465841","LightingService.exe","6180","RegOpenKey","HKLM\SOFTWARE\WOW6432Node\Microsoft\.NETFramework\Policy\Standards","SUCCESS","Desired Access: Read"
"01:52:07.2465994","LightingService.exe","6180","RegQueryKey","HKLM\SOFTWARE\WOW6432Node\Microsoft\.NETFramework\policy\standards","SUCCESS","Query: HandleTags, HandleTags: 0x400"
"01:52:07.2466055","LightingService.exe","6180","RegOpenKey","HKLM\SOFTWARE\WOW6432Node\Microsoft\.NETFramework\policy\standards\v4.0.30319","NAME NOT FOUND","Desired Access: Read"
"01:52:07.2466142","LightingService.exe","6180","RegCloseKey","HKLM\SOFTWARE\WOW6432Node\Microsoft\.NETFramework\policy\standards","SUCCESS",""
"01:52:07.2466433","LightingService.exe","6180","RegQueryKey","HKLM","SUCCESS","Query: HandleTags, HandleTags: 0x0"
"01:52:07.2466598","LightingService.exe","6180","RegQueryKey","HKLM","SUCCESS","Query: Name"
"01:52:07.2466743","LightingService.exe","6180","RegOpenKey","HKLM\SOFTWARE\WOW6432Node\Microsoft\Fusion","SUCCESS","Desired Access: Read"
"01:52:07.2466869","LightingService.exe","6180","RegSetInfoKey","HKLM\SOFTWARE\WOW6432Node\Microsoft\Fusion","SUCCESS","KeySetInformationClass: KeySetHandleTagsInformation, Length: 0"
"01:52:07.2466938","LightingService.exe","6180","RegQueryValue","HKLM\SOFTWARE\WOW6432Node\Microsoft\Fusion\NoClientChecks","NAME NOT FOUND","Length: 16"
"01:52:07.2467014","LightingService.exe","6180","RegCloseKey","HKLM\SOFTWARE\WOW6432Node\Microsoft\Fusion","SUCCESS",""
"01:52:07.2467705","LightingService.exe","6180","QueryOpen","C:\Windows\Microsoft.NET\Framework\v4.0.30319\clr.dll","FAST IO DISALLOWED",""
"01:52:07.2468327","LightingService.exe","6180","CreateFile","C:\Windows\Microsoft.NET\Framework\v4.0.30319\clr.dll","SUCCESS","Desired Access: Read Attributes, Disposition: Open, Options: Open Reparse Point, Attributes: n/a, ShareMode: Read, Write, Delete, AllocationSize: n/a, OpenResult: Opened"
"01:52:07.2468621","LightingService.exe","6180","QueryBasicInformationFile","C:\Windows\Microsoft.NET\Framework\v4.0.30319\clr.dll","SUCCESS","CreationTime: 26-11-2025 09:17:59, LastAccessTime: 16-08-2026 01:51:51, LastWriteTime: 17-09-2025 03:22:40, ChangeTime: 26-11-2025 09:18:43, FileAttributes: A"
"01:52:07.2468674","LightingService.exe","6180","CloseFile","C:\Windows\Microsoft.NET\Framework\v4.0.30319\clr.dll","SUCCESS",""
"01:52:07.2468747","LightingService.exe","6180","IRP_MJ_CLOSE","C:\Windows\Microsoft.NET\Framework\v4.0.30319\clr.dll","SUCCESS",""
"01:52:07.2468984","LightingService.exe","6180","RegOpenKey","HKLM\Software\WOW6432Node\Policies\Microsoft\MUI\Settings","REPARSE","Desired Access: Read"
"01:52:07.2469096","LightingService.exe","6180","RegOpenKey","HKLM\SOFTWARE\Policies\Microsoft\MUI\Settings","NAME NOT FOUND","Desired Access: Read"
"01:52:07.2469224","LightingService.exe","6180","RegOpenKey","HKU\S-1-5-18","REPARSE","Desired Access: Maximum Allowed"
"01:52:07.2469295","LightingService.exe","6180","RegOpenKey","HKU\.DEFAULT","SUCCESS","Desired Access: Maximum Allowed, Granted Access: All Access"
"01:52:07.2469404","LightingService.exe","6180","RegQueryKey","HKU\.DEFAULT","SUCCESS","Query: HandleTags, HandleTags: 0x0"
"01:52:07.2469444","LightingService.exe","6180","RegQueryKey","HKU\.DEFAULT","SUCCESS","Query: Name"
"01:52:07.2469516","LightingService.exe","6180","RegOpenKey","HKU\.DEFAULT\Software\Policies\Microsoft\Control Panel\Desktop","NAME NOT FOUND","Desired Access: Read"
"01:52:07.2469640","LightingService.exe","6180","RegQueryKey","HKU\.DEFAULT","SUCCESS","Query: HandleTags, HandleTags: 0x0"
"01:52:07.2469806","LightingService.exe","6180","RegQueryKey","HKU\.DEFAULT","SUCCESS","Query: Name"
"01:52:07.2469989","LightingService.exe","6180","RegOpenKey","HKU\.DEFAULT\Control Panel\Desktop","SUCCESS","Desired Access: Read"
"01:52:07.2470141","LightingService.exe","6180","RegSetInfoKey","HKU\.DEFAULT\Control Panel\Desktop","SUCCESS","KeySetInformationClass: KeySetHandleTagsInformation, Length: 0"
"01:52:07.2470232","LightingService.exe","6180","RegQueryValue","HKU\.DEFAULT\Control Panel\Desktop\PreferredUILanguages","NAME NOT FOUND","Length: 12"
"01:52:07.2470362","LightingService.exe","6180","RegCloseKey","HKU\.DEFAULT\Control Panel\Desktop","SUCCESS",""
"01:52:07.2470442","LightingService.exe","6180","RegCloseKey","HKU\.DEFAULT","SUCCESS",""
"01:52:07.2470569","LightingService.exe","6180","RegOpenKey","HKLM\Software\WOW6432Node\Policies\Microsoft\MUI\Settings","REPARSE","Desired Access: Read"
"01:52:07.2470682","LightingService.exe","6180","RegOpenKey","HKLM\SOFTWARE\Policies\Microsoft\MUI\Settings","NAME NOT FOUND","Desired Access: Read"
"01:52:07.2470831","LightingService.exe","6180","RegOpenKey","HKU\S-1-5-18","REPARSE","Desired Access: Maximum Allowed"
"01:52:07.2470925","LightingService.exe","6180","RegOpenKey","HKU\.DEFAULT","SUCCESS","Desired Access: Maximum Allowed, Granted Access: All Access"
"01:52:07.2471087","LightingService.exe","6180","RegQueryKey","HKU\.DEFAULT","SUCCESS","Query: HandleTags, HandleTags: 0x0"
"01:52:07.2471156","LightingService.exe","6180","RegQueryKey","HKU\.DEFAULT","SUCCESS","Query: Name"
"01:52:07.2471261","LightingService.exe","6180","RegOpenKey","HKU\.DEFAULT\Software\Policies\Microsoft\Control Panel\Desktop","NAME NOT FOUND","Desired Access: Read"
"01:52:07.2471396","LightingService.exe","6180","RegQueryKey","HKU\.DEFAULT","SUCCESS","Query: HandleTags, HandleTags: 0x0"
"01:52:07.2471461","LightingService.exe","6180","RegQueryKey","HKU\.DEFAULT","SUCCESS","Query: Name"
"01:52:07.2471548","LightingService.exe","6180","RegOpenKey","HKU\.DEFAULT\Control Panel\Desktop\LanguageConfiguration","NAME NOT FOUND","Desired Access: Read"
"01:52:07.2471654","LightingService.exe","6180","RegCloseKey","HKU\.DEFAULT","SUCCESS",""
"01:52:07.2472653","LightingService.exe","6180","QueryOpen","C:\Windows\Microsoft.NET\Framework\v4.0.30319\clr.dll","FAST IO DISALLOWED",""
"01:52:07.2473114","LightingService.exe","6180","CreateFile","C:\Windows\Microsoft.NET\Framework\v4.0.30319\clr.dll","SUCCESS","Desired Access: Read Attributes, Disposition: Open, Options: Open Reparse Point, Attributes: n/a, ShareMode: Read, Write, Delete, AllocationSize: n/a, OpenResult: Opened"
"01:52:07.2473448","LightingService.exe","6180","QueryBasicInformationFile","C:\Windows\Microsoft.NET\Framework\v4.0.30319\clr.dll","SUCCESS","CreationTime: 26-11-2025 09:17:59, LastAccessTime: 16-08-2026 01:51:51, LastWriteTime: 17-09-2025 03:22:40, ChangeTime: 26-11-2025 09:18:43, FileAttributes: A"
"01:52:07.2473950","LightingService.exe","6180","CloseFile","C:\Windows\Microsoft.NET\Framework\v4.0.30319\clr.dll","SUCCESS",""
"01:52:07.2474081","LightingService.exe","6180","IRP_MJ_CLOSE","C:\Windows\Microsoft.NET\Framework\v4.0.30319\clr.dll","SUCCESS",""
"01:52:07.2474336","LightingService.exe","6180","RegCloseKey","HKLM\SOFTWARE\WOW6432Node\Microsoft\.NETFramework","SUCCESS",""
"01:52:07.2476319","LightingService.exe","6180","CreateFile","C:\Program Files (x86)\LightingService\AuraHueWrapper.dll","SUCCESS","Desired Access: Generic Read, Disposition: Open, Options: Sequential Access, Synchronous IO Non-Alert, Non-Directory File, Attributes: n/a, ShareMode: Read, AllocationSize: n/a, OpenResult: Opened"
"01:52:07.2476654","LightingService.exe","6180","QueryStandardInformationFile","C:\Program Files (x86)\LightingService\AuraHueWrapper.dll","SUCCESS","AllocationSize: 53248, EndOfFile: 50480, NumberOfLinks: 1, DeletePending: False, Directory: False"
"01:52:07.2476761","LightingService.exe","6180","CreateFileMapping","C:\Program Files (x86)\LightingService\AuraHueWrapper.dll","FILE LOCKED WITH ONLY READERS","SyncType: SyncTypeCreateSection, PageProtection: PAGE_READONLY"
"01:52:07.2476851","LightingService.exe","6180","QueryStandardInformationFile","C:\Program Files (x86)\LightingService\AuraHueWrapper.dll","SUCCESS","AllocationSize: 53248, EndOfFile: 50480, NumberOfLinks: 1, DeletePending: False, Directory: False"
"01:52:07.2476926","LightingService.exe","6180","FASTIO_RELEASE_FOR_SECTION_SYNCHRONIZATION","C:\Program Files (x86)\LightingService\AuraHueWrapper.dll","SUCCESS",""
"01:52:07.2476988","LightingService.exe","6180","CreateFileMapping","C:\Program Files (x86)\LightingService\AuraHueWrapper.dll","SUCCESS","SyncType: SyncTypeOther"
"01:52:07.2477046","LightingService.exe","6180","FASTIO_RELEASE_FOR_SECTION_SYNCHRONIZATION","C:\Program Files (x86)\LightingService\AuraHueWrapper.dll","SUCCESS",""
"01:52:07.2477254","LightingService.exe","6180","CloseFile","C:\Program Files (x86)\LightingService\AuraHueWrapper.dll","SUCCESS",""
"01:52:07.2477390","LightingService.exe","6180","IRP_MJ_CLOSE","C:\Program Files (x86)\LightingService\AuraHueWrapper.dll","SUCCESS",""
"01:52:07.2478060","LightingService.exe","6180","CreateFile","C:\Program Files (x86)\LightingService\AuraHueWrapper.dll","SUCCESS","Desired Access: Generic Read, Disposition: Open, Options: Sequential Access, Synchronous IO Non-Alert, Non-Directory File, Attributes: n/a, ShareMode: Read, AllocationSize: n/a, OpenResult: Opened"
"01:52:07.2478296","LightingService.exe","6180","QueryStandardInformationFile","C:\Program Files (x86)\LightingService\AuraHueWrapper.dll","SUCCESS","AllocationSize: 53248, EndOfFile: 50480, NumberOfLinks: 1, DeletePending: False, Directory: False"
"01:52:07.2478384","LightingService.exe","6180","CreateFileMapping","C:\Program Files (x86)\LightingService\AuraHueWrapper.dll","FILE LOCKED WITH ONLY READERS","SyncType: SyncTypeCreateSection, PageProtection: PAGE_READONLY"
"01:52:07.2478458","LightingService.exe","6180","QueryStandardInformationFile","C:\Program Files (x86)\LightingService\AuraHueWrapper.dll","SUCCESS","AllocationSize: 53248, EndOfFile: 50480, NumberOfLinks: 1, DeletePending: False, Directory: False"
"01:52:07.2478529","LightingService.exe","6180","FASTIO_RELEASE_FOR_SECTION_SYNCHRONIZATION","C:\Program Files (x86)\LightingService\AuraHueWrapper.dll","SUCCESS",""
"01:52:07.2478583","LightingService.exe","6180","CreateFileMapping","C:\Program Files (x86)\LightingService\AuraHueWrapper.dll","SUCCESS","SyncType: SyncTypeOther"
"01:52:07.2478638","LightingService.exe","6180","FASTIO_RELEASE_FOR_SECTION_SYNCHRONIZATION","C:\Program Files (x86)\LightingService\AuraHueWrapper.dll","SUCCESS",""
"01:52:07.2478825","LightingService.exe","6180","CloseFile","C:\Program Files (x86)\LightingService\AuraHueWrapper.dll","SUCCESS",""
"01:52:07.2478941","LightingService.exe","6180","IRP_MJ_CLOSE","C:\Program Files (x86)\LightingService\AuraHueWrapper.dll","SUCCESS",""
"01:52:07.2479202","LightingService.exe","6180","RegQueryKey","HKU\.DEFAULT","SUCCESS","Query: HandleTags, HandleTags: 0x0"
"01:52:07.2479278","LightingService.exe","6180","RegQueryKey","HKU\.DEFAULT","SUCCESS","Query: Name"
"01:52:07.2479406","LightingService.exe","6180","RegOpenKey","HKU\.DEFAULT\Software\Microsoft\.NETFramework","NAME NOT FOUND","Desired Access: Read"
"01:52:07.2479564","LightingService.exe","6180","RegQueryKey","HKLM","SUCCESS","Query: HandleTags, HandleTags: 0x0"
"01:52:07.2479625","LightingService.exe","6180","RegQueryKey","HKLM","SUCCESS","Query: Name"
"01:52:07.2479745","LightingService.exe","6180","RegOpenKey","HKLM\Software\WOW6432Node\Microsoft\.NETFramework","SUCCESS","Desired Access: Read"
"01:52:07.2479858","LightingService.exe","6180","RegSetInfoKey","HKLM\SOFTWARE\WOW6432Node\Microsoft\.NETFramework","SUCCESS","KeySetInformationClass: KeySetHandleTagsInformation, Length: 0"
"01:52:07.2480359","LightingService.exe","6180","CreateFile","C:\Program Files (x86)\LightingService\AuraHueWrapper.dll.config","NAME NOT FOUND","Desired Access: Generic Read, Disposition: Open, Options: Synchronous IO Non-Alert, Non-Directory File, Attributes: N, ShareMode: Read, AllocationSize: n/a"
"01:52:07.2480851","LightingService.exe","6180","CreateFile","C:\Program Files (x86)\LightingService\AuraHueWrapper.dll","SUCCESS","Desired Access: Generic Read, Disposition: Open, Options: Sequential Access, Synchronous IO Non-Alert, Non-Directory File, Attributes: n/a, ShareMode: Read, AllocationSize: n/a, OpenResult: Opened"
"01:52:07.2481041","LightingService.exe","6180","QueryStandardInformationFile","C:\Program Files (x86)\LightingService\AuraHueWrapper.dll","SUCCESS","AllocationSize: 53248, EndOfFile: 50480, NumberOfLinks: 1, DeletePending: False, Directory: False"
"01:52:07.2481112","LightingService.exe","6180","CreateFileMapping","C:\Program Files (x86)\LightingService\AuraHueWrapper.dll","FILE LOCKED WITH ONLY READERS","SyncType: SyncTypeCreateSection, PageProtection: PAGE_READONLY"
"01:52:07.2481173","LightingService.exe","6180","QueryStandardInformationFile","C:\Program Files (x86)\LightingService\AuraHueWrapper.dll","SUCCESS","AllocationSize: 53248, EndOfFile: 50480, NumberOfLinks: 1, DeletePending: False, Directory: False"
"01:52:07.2481230","LightingService.exe","6180","FASTIO_RELEASE_FOR_SECTION_SYNCHRONIZATION","C:\Program Files (x86)\LightingService\AuraHueWrapper.dll","SUCCESS",""
"01:52:07.2481275","LightingService.exe","6180","CreateFileMapping","C:\Program Files (x86)\LightingService\AuraHueWrapper.dll","SUCCESS","SyncType: SyncTypeOther"
"01:52:07.2481319","LightingService.exe","6180","FASTIO_RELEASE_FOR_SECTION_SYNCHRONIZATION","C:\Program Files (x86)\LightingService\AuraHueWrapper.dll","SUCCESS",""
"01:52:07.2481446","LightingService.exe","6180","CloseFile","C:\Program Files (x86)\LightingService\AuraHueWrapper.dll","SUCCESS",""
"01:52:07.2481536","LightingService.exe","6180","IRP_MJ_CLOSE","C:\Program Files (x86)\LightingService\AuraHueWrapper.dll","SUCCESS",""
"01:52:07.2482006","LightingService.exe","6180","CreateFile","C:\Program Files (x86)\LightingService\AuraHueWrapper.dll","SUCCESS","Desired Access: Generic Read, Disposition: Open, Options: Sequential Access, Synchronous IO Non-Alert, Non-Directory File, Attributes: n/a, ShareMode: Read, AllocationSize: n/a, OpenResult: Opened"
"01:52:07.2482181","LightingService.exe","6180","QueryStandardInformationFile","C:\Program Files (x86)\LightingService\AuraHueWrapper.dll","SUCCESS","AllocationSize: 53248, EndOfFile: 50480, NumberOfLinks: 1, DeletePending: False, Directory: False"
"01:52:07.2482249","LightingService.exe","6180","CreateFileMapping","C:\Program Files (x86)\LightingService\AuraHueWrapper.dll","FILE LOCKED WITH ONLY READERS","SyncType: SyncTypeCreateSection, PageProtection: PAGE_READONLY"
"01:52:07.2482308","LightingService.exe","6180","QueryStandardInformationFile","C:\Program Files (x86)\LightingService\AuraHueWrapper.dll","SUCCESS","AllocationSize: 53248, EndOfFile: 50480, NumberOfLinks: 1, DeletePending: False, Directory: False"
"01:52:07.2482429","LightingService.exe","6180","FASTIO_RELEASE_FOR_SECTION_SYNCHRONIZATION","C:\Program Files (x86)\LightingService\AuraHueWrapper.dll","SUCCESS",""
"01:52:07.2482478","LightingService.exe","6180","CreateFileMapping","C:\Program Files (x86)\LightingService\AuraHueWrapper.dll","SUCCESS","SyncType: SyncTypeOther"
"01:52:07.2482523","LightingService.exe","6180","FASTIO_RELEASE_FOR_SECTION_SYNCHRONIZATION","C:\Program Files (x86)\LightingService\AuraHueWrapper.dll","SUCCESS",""
"01:52:07.2482639","LightingService.exe","6180","CloseFile","C:\Program Files (x86)\LightingService\AuraHueWrapper.dll","SUCCESS",""
"01:52:07.2482728","LightingService.exe","6180","IRP_MJ_CLOSE","C:\Program Files (x86)\LightingService\AuraHueWrapper.dll","SUCCESS",""
"01:52:07.2482896","LightingService.exe","6180","RegQueryKey","HKLM\SOFTWARE\WOW6432Node\Microsoft\.NETFramework","SUCCESS","Query: HandleTags, HandleTags: 0x400"
"01:52:07.2482961","LightingService.exe","6180","RegOpenKey","HKLM\SOFTWARE\WOW6432Node\Microsoft\.NETFramework\Policy\Standards","SUCCESS","Desired Access: Read"
"01:52:07.2483076","LightingService.exe","6180","RegQueryKey","HKLM\SOFTWARE\WOW6432Node\Microsoft\.NETFramework\policy\standards","SUCCESS","Query: HandleTags, HandleTags: 0x400"
"01:52:07.2483130","LightingService.exe","6180","RegOpenKey","HKLM\SOFTWARE\WOW6432Node\Microsoft\.NETFramework\policy\standards\v4.0.30319","NAME NOT FOUND","Desired Access: Read"
"01:52:07.2483214","LightingService.exe","6180","RegCloseKey","HKLM\SOFTWARE\WOW6432Node\Microsoft\.NETFramework\policy\standards","SUCCESS",""
"01:52:07.2483365","LightingService.exe","6180","RegQueryKey","HKLM","SUCCESS","Query: HandleTags, HandleTags: 0x0"
"01:52:07.2483415","LightingService.exe","6180","RegQueryKey","HKLM","SUCCESS","Query: Name"
"01:52:07.2483535","LightingService.exe","6180","RegOpenKey","HKLM\SOFTWARE\WOW6432Node\Microsoft\Fusion","SUCCESS","Desired Access: Read"
"01:52:07.2483652","LightingService.exe","6180","RegSetInfoKey","HKLM\SOFTWARE\WOW6432Node\Microsoft\Fusion","SUCCESS","KeySetInformationClass: KeySetHandleTagsInformation, Length: 0"
"01:52:07.2483720","LightingService.exe","6180","RegQueryValue","HKLM\SOFTWARE\WOW6432Node\Microsoft\Fusion\NoClientChecks","NAME NOT FOUND","Length: 16"
"01:52:07.2483908","LightingService.exe","6180","RegCloseKey","HKLM\SOFTWARE\WOW6432Node\Microsoft\Fusion","SUCCESS",""
"01:52:07.2484694","LightingService.exe","6180","QueryOpen","C:\Windows\Microsoft.NET\Framework\v4.0.30319\clr.dll","FAST IO DISALLOWED",""
"01:52:07.2485169","LightingService.exe","6180","CreateFile","C:\Windows\Microsoft.NET\Framework\v4.0.30319\clr.dll","SUCCESS","Desired Access: Read Attributes, Disposition: Open, Options: Open Reparse Point, Attributes: n/a, ShareMode: Read, Write, Delete, AllocationSize: n/a, OpenResult: Opened"
"01:52:07.2485419","LightingService.exe","6180","QueryBasicInformationFile","C:\Windows\Microsoft.NET\Framework\v4.0.30319\clr.dll","SUCCESS","CreationTime: 26-11-2025 09:17:59, LastAccessTime: 16-08-2026 01:51:51, LastWriteTime: 17-09-2025 03:22:40, ChangeTime: 26-11-2025 09:18:43, FileAttributes: A"
"01:52:07.2485486","LightingService.exe","6180","CloseFile","C:\Windows\Microsoft.NET\Framework\v4.0.30319\clr.dll","SUCCESS",""
"01:52:07.2485583","LightingService.exe","6180","IRP_MJ_CLOSE","C:\Windows\Microsoft.NET\Framework\v4.0.30319\clr.dll","SUCCESS",""
"01:52:07.2485751","LightingService.exe","6180","RegOpenKey","HKLM\Software\WOW6432Node\Policies\Microsoft\MUI\Settings","REPARSE","Desired Access: Read"
"01:52:07.2485842","LightingService.exe","6180","RegOpenKey","HKLM\SOFTWARE\Policies\Microsoft\MUI\Settings","NAME NOT FOUND","Desired Access: Read"
"01:52:07.2485953","LightingService.exe","6180","RegOpenKey","HKU\S-1-5-18","REPARSE","Desired Access: Maximum Allowed"
"01:52:07.2486027","LightingService.exe","6180","RegOpenKey","HKU\.DEFAULT","SUCCESS","Desired Access: Maximum Allowed, Granted Access: All Access"
"01:52:07.2486135","LightingService.exe","6180","RegQueryKey","HKU\.DEFAULT","SUCCESS","Query: HandleTags, HandleTags: 0x0"
"01:52:07.2486184","LightingService.exe","6180","RegQueryKey","HKU\.DEFAULT","SUCCESS","Query: Name"
"01:52:07.2486257","LightingService.exe","6180","RegOpenKey","HKU\.DEFAULT\Software\Policies\Microsoft\Control Panel\Desktop","NAME NOT FOUND","Desired Access: Read"
"01:52:07.2486345","LightingService.exe","6180","RegQueryKey","HKU\.DEFAULT","SUCCESS","Query: HandleTags, HandleTags: 0x0"
"01:52:07.2486392","LightingService.exe","6180","RegQueryKey","HKU\.DEFAULT","SUCCESS","Query: Name"
"01:52:07.2486463","LightingService.exe","6180","RegOpenKey","HKU\.DEFAULT\Control Panel\Desktop","SUCCESS","Desired Access: Read"
"01:52:07.2486538","LightingService.exe","6180","RegSetInfoKey","HKU\.DEFAULT\Control Panel\Desktop","SUCCESS","KeySetInformationClass: KeySetHandleTagsInformation, Length: 0"
"01:52:07.2486598","LightingService.exe","6180","RegQueryValue","HKU\.DEFAULT\Control Panel\Desktop\PreferredUILanguages","NAME NOT FOUND","Length: 12"
"01:52:07.2486680","LightingService.exe","6180","RegCloseKey","HKU\.DEFAULT\Control Panel\Desktop","SUCCESS",""
"01:52:07.2486739","LightingService.exe","6180","RegCloseKey","HKU\.DEFAULT","SUCCESS",""
"01:52:07.2486857","LightingService.exe","6180","RegOpenKey","HKLM\Software\WOW6432Node\Policies\Microsoft\MUI\Settings","REPARSE","Desired Access: Read"
"01:52:07.2486927","LightingService.exe","6180","RegOpenKey","HKLM\SOFTWARE\Policies\Microsoft\MUI\Settings","NAME NOT FOUND","Desired Access: Read"
"01:52:07.2487012","LightingService.exe","6180","RegOpenKey","HKU\S-1-5-18","REPARSE","Desired Access: Maximum Allowed"
"01:52:07.2487074","LightingService.exe","6180","RegOpenKey","HKU\.DEFAULT","SUCCESS","Desired Access: Maximum Allowed, Granted Access: All Access"
"01:52:07.2487163","LightingService.exe","6180","RegQueryKey","HKU\.DEFAULT","SUCCESS","Query: HandleTags, HandleTags: 0x0"
"01:52:07.2487211","LightingService.exe","6180","RegQueryKey","HKU\.DEFAULT","SUCCESS","Query: Name"
"01:52:07.2487287","LightingService.exe","6180","RegOpenKey","HKU\.DEFAULT\Software\Policies\Microsoft\Control Panel\Desktop","NAME NOT FOUND","Desired Access: Read"
"01:52:07.2487372","LightingService.exe","6180","RegQueryKey","HKU\.DEFAULT","SUCCESS","Query: HandleTags, HandleTags: 0x0"
"01:52:07.2487418","LightingService.exe","6180","RegQueryKey","HKU\.DEFAULT","SUCCESS","Query: Name"
"01:52:07.2487577","LightingService.exe","6180","RegOpenKey","HKU\.DEFAULT\Control Panel\Desktop\LanguageConfiguration","NAME NOT FOUND","Desired Access: Read"
"01:52:07.2487697","LightingService.exe","6180","RegCloseKey","HKU\.DEFAULT","SUCCESS",""
"01:52:07.2488270","LightingService.exe","6180","QueryOpen","C:\Windows\Microsoft.NET\Framework\v4.0.30319\clr.dll","FAST IO DISALLOWED",""
"01:52:07.2488635","LightingService.exe","6180","CreateFile","C:\Windows\Microsoft.NET\Framework\v4.0.30319\clr.dll","SUCCESS","Desired Access: Read Attributes, Disposition: Open, Options: Open Reparse Point, Attributes: n/a, ShareMode: Read, Write, Delete, AllocationSize: n/a, OpenResult: Opened"
"01:52:07.2488898","LightingService.exe","6180","QueryBasicInformationFile","C:\Windows\Microsoft.NET\Framework\v4.0.30319\clr.dll","SUCCESS","CreationTime: 26-11-2025 09:17:59, LastAccessTime: 16-08-2026 01:51:51, LastWriteTime: 17-09-2025 03:22:40, ChangeTime: 26-11-2025 09:18:43, FileAttributes: A"
"01:52:07.2489235","LightingService.exe","6180","CloseFile","C:\Windows\Microsoft.NET\Framework\v4.0.30319\clr.dll","SUCCESS",""
"01:52:07.2489364","LightingService.exe","6180","IRP_MJ_CLOSE","C:\Windows\Microsoft.NET\Framework\v4.0.30319\clr.dll","SUCCESS",""
"01:52:07.2489609","LightingService.exe","6180","RegCloseKey","HKLM\SOFTWARE\WOW6432Node\Microsoft\.NETFramework","SUCCESS",""
"01:52:07.2495502","LightingService.exe","6180","RegQueryKey","HKCR","SUCCESS","Query: HandleTags, HandleTags: 0x1"
"01:52:07.2495560","LightingService.exe","6180","RegQueryKey","HKCR","SUCCESS","Query: Name"
"01:52:07.2495660","LightingService.exe","6180","RegOpenKey","HKCR\WOW6432Node\CLSID\{95775DC4-77AA-4E94-8CF6-68267EEF1856}","SUCCESS","Desired Access: Read"
"01:52:07.2495760","LightingService.exe","6180","RegSetInfoKey","HKCR\WOW6432Node\CLSID\{95775DC4-77AA-4E94-8CF6-68267EEF1856}","SUCCESS","KeySetInformationClass: KeySetHandleTagsInformation, Length: 0"
"01:52:07.2495830","LightingService.exe","6180","RegQueryKey","HKCR\WOW6432Node\CLSID\{95775DC4-77AA-4E94-8CF6-68267EEF1856}","SUCCESS","Query: HandleTags, HandleTags: 0x401"
"01:52:07.2495963","LightingService.exe","6180","RegOpenKey","HKCR\WOW6432Node\CLSID\{95775DC4-77AA-4E94-8CF6-68267EEF1856}\TreatAs","NAME NOT FOUND","Desired Access: Query Value"
"01:52:07.2496086","LightingService.exe","6180","RegQueryKey","HKCR\WOW6432Node\CLSID\{95775DC4-77AA-4E94-8CF6-68267EEF1856}","SUCCESS","Query: Name"
"01:52:07.2496173","LightingService.exe","6180","RegQueryValue","HKCR\WOW6432Node\CLSID\{95775DC4-77AA-4E94-8CF6-68267EEF1856}\ActivateOnHostFlags","NAME NOT FOUND","Length: 16"
"01:52:07.2496230","LightingService.exe","6180","RegQueryValue","HKCR\WOW6432Node\CLSID\{95775DC4-77AA-4E94-8CF6-68267EEF1856}\(Default)","BUFFER OVERFLOW","Length: 12"
"01:52:07.2496296","LightingService.exe","6180","RegQueryValue","HKCR\WOW6432Node\CLSID\{95775DC4-77AA-4E94-8CF6-68267EEF1856}\(Default)","SUCCESS","Type: REG_SZ, Length: 44, Data: ServiceMediator Class"
"01:52:07.2496371","LightingService.exe","6180","RegQueryKey","HKCR\WOW6432Node\CLSID\{95775DC4-77AA-4E94-8CF6-68267EEF1856}","SUCCESS","Query: HandleTags, HandleTags: 0x401"
"01:52:07.2496415","LightingService.exe","6180","RegOpenKey","HKCR\WOW6432Node\CLSID\{95775DC4-77AA-4E94-8CF6-68267EEF1856}\InprocServer32","NAME NOT FOUND","Desired Access: Read"
"01:52:07.2496488","LightingService.exe","6180","RegQueryKey","HKCR\WOW6432Node\CLSID\{95775DC4-77AA-4E94-8CF6-68267EEF1856}","SUCCESS","Query: HandleTags, HandleTags: 0x401"
"01:52:07.2496529","LightingService.exe","6180","RegOpenKey","HKCR\WOW6432Node\CLSID\{95775DC4-77AA-4E94-8CF6-68267EEF1856}\InprocHandler32","NAME NOT FOUND","Desired Access: Query Value"
"01:52:07.2496599","LightingService.exe","6180","RegQueryKey","HKCR\WOW6432Node\CLSID\{95775DC4-77AA-4E94-8CF6-68267EEF1856}","SUCCESS","Query: HandleTags, HandleTags: 0x401"
"01:52:07.2496642","LightingService.exe","6180","RegOpenKey","HKCR\WOW6432Node\CLSID\{95775DC4-77AA-4E94-8CF6-68267EEF1856}\InprocHandler","NAME NOT FOUND","Desired Access: Query Value"
"01:52:07.2496724","LightingService.exe","6180","RegCloseKey","HKCR\WOW6432Node\CLSID\{95775DC4-77AA-4E94-8CF6-68267EEF1856}","SUCCESS",""
"01:52:07.2511258","LightingService.exe","6180","LockFile","C:\ProgramData\ASUS\ARMOURY CRATE Diagnosis\LightingService\LightingService.log","SUCCESS","Exclusive: True, Offset: 0, Length: 4294967295, Fail Immediately: False"
"01:52:07.2511321","LightingService.exe","6180","QueryStandardInformationFile","C:\ProgramData\ASUS\ARMOURY CRATE Diagnosis\LightingService\LightingService.log","SUCCESS","AllocationSize: 2555904, EndOfFile: 2475534, NumberOfLinks: 1, DeletePending: False, Directory: False"
"01:52:07.2511403","LightingService.exe","6180","WriteFile","C:\ProgramData\ASUS\ARMOURY CRATE Diagnosis\LightingService\LightingService.log","SUCCESS","Offset: 2475534, Length: 137"
"01:52:07.2511515","LightingService.exe","6180","UnlockFileSingle","C:\ProgramData\ASUS\ARMOURY CRATE Diagnosis\LightingService\LightingService.log","SUCCESS","Offset: 0, Length: 4294967295"
"01:52:07.2511757","LightingService.exe","6180","LockFile","C:\ProgramData\ASUS\ARMOURY CRATE Diagnosis\LightingService\LightingService.log","SUCCESS","Exclusive: True, Offset: 0, Length: 4294967295, Fail Immediately: False"
"01:52:07.2511790","LightingService.exe","6180","QueryStandardInformationFile","C:\ProgramData\ASUS\ARMOURY CRATE Diagnosis\LightingService\LightingService.log","SUCCESS","AllocationSize: 2555904, EndOfFile: 2475671, NumberOfLinks: 1, DeletePending: False, Directory: False"
"01:52:07.2511865","LightingService.exe","6180","WriteFile","C:\ProgramData\ASUS\ARMOURY CRATE Diagnosis\LightingService\LightingService.log","SUCCESS","Offset: 2475671, Length: 137"
"01:52:07.2511919","LightingService.exe","6180","UnlockFileSingle","C:\ProgramData\ASUS\ARMOURY CRATE Diagnosis\LightingService\LightingService.log","SUCCESS","Offset: 0, Length: 4294967295"
"01:52:07.2512136","LightingService.exe","6180","LockFile","C:\ProgramData\ASUS\ARMOURY CRATE Diagnosis\LightingService\LightingService.log","SUCCESS","Exclusive: True, Offset: 0, Length: 4294967295, Fail Immediately: False"
"01:52:07.2512250","LightingService.exe","6180","QueryStandardInformationFile","C:\ProgramData\ASUS\ARMOURY CRATE Diagnosis\LightingService\LightingService.log","SUCCESS","AllocationSize: 2555904, EndOfFile: 2475808, NumberOfLinks: 1, DeletePending: False, Directory: False"
"01:52:07.2512399","LightingService.exe","6180","WriteFile","C:\ProgramData\ASUS\ARMOURY CRATE Diagnosis\LightingService\LightingService.log","SUCCESS","Offset: 2475808, Length: 158"
"01:52:07.2512522","LightingService.exe","6180","UnlockFileSingle","C:\ProgramData\ASUS\ARMOURY CRATE Diagnosis\LightingService\LightingService.log","SUCCESS","Offset: 0, Length: 4294967295"
"01:52:07.2513126","LightingService.exe","6180","LockFile","C:\ProgramData\ASUS\ARMOURY CRATE Diagnosis\LightingService\LightingService.log","SUCCESS","Exclusive: True, Offset: 0, Length: 4294967295, Fail Immediately: False"
"01:52:07.2513264","LightingService.exe","6180","QueryStandardInformationFile","C:\ProgramData\ASUS\ARMOURY CRATE Diagnosis\LightingService\LightingService.log","SUCCESS","AllocationSize: 2555904, EndOfFile: 2475966, NumberOfLinks: 1, DeletePending: False, Directory: False"
"01:52:07.2513342","LightingService.exe","6180","WriteFile","C:\ProgramData\ASUS\ARMOURY CRATE Diagnosis\LightingService\LightingService.log","SUCCESS","Offset: 2475966, Length: 125"
"01:52:07.2513437","LightingService.exe","6180","UnlockFileSingle","C:\ProgramData\ASUS\ARMOURY CRATE Diagnosis\LightingService\LightingService.log","SUCCESS","Offset: 0, Length: 4294967295"
"01:52:07.2513851","LightingService.exe","6180","LockFile","C:\ProgramData\ASUS\ARMOURY CRATE Diagnosis\LightingService\LightingService.log","SUCCESS","Exclusive: True, Offset: 0, Length: 4294967295, Fail Immediately: False"
"01:52:07.2513954","LightingService.exe","6180","QueryStandardInformationFile","C:\ProgramData\ASUS\ARMOURY CRATE Diagnosis\LightingService\LightingService.log","SUCCESS","AllocationSize: 2555904, EndOfFile: 2476091, NumberOfLinks: 1, DeletePending: False, Directory: False"
"01:52:07.2514023","LightingService.exe","6180","WriteFile","C:\ProgramData\ASUS\ARMOURY CRATE Diagnosis\LightingService\LightingService.log","SUCCESS","Offset: 2476091, Length: 144"
"01:52:07.2514083","LightingService.exe","6180","UnlockFileSingle","C:\ProgramData\ASUS\ARMOURY CRATE Diagnosis\LightingService\LightingService.log","SUCCESS","Offset: 0, Length: 4294967295"
"01:52:07.2514310","LightingService.exe","6180","LockFile","C:\ProgramData\ASUS\ARMOURY CRATE Diagnosis\LightingService\LightingService.log","SUCCESS","Exclusive: True, Offset: 0, Length: 4294967295, Fail Immediately: False"
"01:52:07.2514348","LightingService.exe","6180","QueryStandardInformationFile","C:\ProgramData\ASUS\ARMOURY CRATE Diagnosis\LightingService\LightingService.log","SUCCESS","AllocationSize: 2555904, EndOfFile: 2476235, NumberOfLinks: 1, DeletePending: False, Directory: False"
"01:52:07.2514636","LightingService.exe","6180","WriteFile","C:\ProgramData\ASUS\ARMOURY CRATE Diagnosis\LightingService\LightingService.log","SUCCESS","Offset: 2476235, Length: 108"
"01:52:07.2514689","LightingService.exe","6180","UnlockFileSingle","C:\ProgramData\ASUS\ARMOURY CRATE Diagnosis\LightingService\LightingService.log","SUCCESS","Offset: 0, Length: 4294967295"
"01:52:07.2514910","LightingService.exe","6180","LockFile","C:\ProgramData\ASUS\ARMOURY CRATE Diagnosis\LightingService\LightingService.log","SUCCESS","Exclusive: True, Offset: 0, Length: 4294967295, Fail Immediately: False"
"01:52:07.2514940","LightingService.exe","6180","QueryStandardInformationFile","C:\ProgramData\ASUS\ARMOURY CRATE Diagnosis\LightingService\LightingService.log","SUCCESS","AllocationSize: 2555904, EndOfFile: 2476343, NumberOfLinks: 1, DeletePending: False, Directory: False"
"01:52:07.2514981","LightingService.exe","6180","WriteFile","C:\ProgramData\ASUS\ARMOURY CRATE Diagnosis\LightingService\LightingService.log","SUCCESS","Offset: 2476343, Length: 112"
"01:52:07.2515022","LightingService.exe","6180","UnlockFileSingle","C:\ProgramData\ASUS\ARMOURY CRATE Diagnosis\LightingService\LightingService.log","SUCCESS","Offset: 0, Length: 4294967295"
"01:52:07.2515180","LightingService.exe","6180","LockFile","C:\ProgramData\ASUS\ARMOURY CRATE Diagnosis\LightingService\LightingService.log","SUCCESS","Exclusive: True, Offset: 0, Length: 4294967295, Fail Immediately: False"
"01:52:07.2515209","LightingService.exe","6180","QueryStandardInformationFile","C:\ProgramData\ASUS\ARMOURY CRATE Diagnosis\LightingService\LightingService.log","SUCCESS","AllocationSize: 2555904, EndOfFile: 2476455, NumberOfLinks: 1, DeletePending: False, Directory: False"
"01:52:07.2515246","LightingService.exe","6180","WriteFile","C:\ProgramData\ASUS\ARMOURY CRATE Diagnosis\LightingService\LightingService.log","SUCCESS","Offset: 2476455, Length: 118"
"01:52:07.2515289","LightingService.exe","6180","UnlockFileSingle","C:\ProgramData\ASUS\ARMOURY CRATE Diagnosis\LightingService\LightingService.log","SUCCESS","Offset: 0, Length: 4294967295"
"01:52:07.2515458","LightingService.exe","6180","LockFile","C:\ProgramData\ASUS\ARMOURY CRATE Diagnosis\LightingService\LightingService.log","SUCCESS","Exclusive: True, Offset: 0, Length: 4294967295, Fail Immediately: False"
"01:52:07.2515487","LightingService.exe","6180","QueryStandardInformationFile","C:\ProgramData\ASUS\ARMOURY CRATE Diagnosis\LightingService\LightingService.log","SUCCESS","AllocationSize: 2555904, EndOfFile: 2476573, NumberOfLinks: 1, DeletePending: False, Directory: False"
"01:52:07.2515524","LightingService.exe","6180","WriteFile","C:\ProgramData\ASUS\ARMOURY CRATE Diagnosis\LightingService\LightingService.log","SUCCESS","Offset: 2476573, Length: 131"
"01:52:07.2515567","LightingService.exe","6180","UnlockFileSingle","C:\ProgramData\ASUS\ARMOURY CRATE Diagnosis\LightingService\LightingService.log","SUCCESS","Offset: 0, Length: 4294967295"
"01:52:07.2515720","LightingService.exe","6180","LockFile","C:\ProgramData\ASUS\ARMOURY CRATE Diagnosis\LightingService\LightingService.log","SUCCESS","Exclusive: True, Offset: 0, Length: 4294967295, Fail Immediately: False"
"01:52:07.2515748","LightingService.exe","6180","QueryStandardInformationFile","C:\ProgramData\ASUS\ARMOURY CRATE Diagnosis\LightingService\LightingService.log","SUCCESS","AllocationSize: 2555904, EndOfFile: 2476704, NumberOfLinks: 1, DeletePending: False, Directory: False"
"01:52:07.2515784","LightingService.exe","6180","WriteFile","C:\ProgramData\ASUS\ARMOURY CRATE Diagnosis\LightingService\LightingService.log","SUCCESS","Offset: 2476704, Length: 76"
"01:52:07.2515826","LightingService.exe","6180","UnlockFileSingle","C:\ProgramData\ASUS\ARMOURY CRATE Diagnosis\LightingService\LightingService.log","SUCCESS","Offset: 0, Length: 4294967295"
"01:52:07.2515983","LightingService.exe","6180","LockFile","C:\ProgramData\ASUS\ARMOURY CRATE Diagnosis\LightingService\LightingService.log","SUCCESS","Exclusive: True, Offset: 0, Length: 4294967295, Fail Immediately: False"
"01:52:07.2516013","LightingService.exe","6180","QueryStandardInformationFile","C:\ProgramData\ASUS\ARMOURY CRATE Diagnosis\LightingService\LightingService.log","SUCCESS","AllocationSize: 2555904, EndOfFile: 2476780, NumberOfLinks: 1, DeletePending: False, Directory: False"
"01:52:07.2516050","LightingService.exe","6180","WriteFile","C:\ProgramData\ASUS\ARMOURY CRATE Diagnosis\LightingService\LightingService.log","SUCCESS","Offset: 2476780, Length: 71"
"01:52:07.2516092","LightingService.exe","6180","UnlockFileSingle","C:\ProgramData\ASUS\ARMOURY CRATE Diagnosis\LightingService\LightingService.log","SUCCESS","Offset: 0, Length: 4294967295"
"01:52:07.2516242","LightingService.exe","6180","LockFile","C:\ProgramData\ASUS\ARMOURY CRATE Diagnosis\LightingService\LightingService.log","SUCCESS","Exclusive: True, Offset: 0, Length: 4294967295, Fail Immediately: False"
"01:52:07.2516271","LightingService.exe","6180","QueryStandardInformationFile","C:\ProgramData\ASUS\ARMOURY CRATE Diagnosis\LightingService\LightingService.log","SUCCESS","AllocationSize: 2555904, EndOfFile: 2476851, NumberOfLinks: 1, DeletePending: False, Directory: False"
"01:52:07.2516307","LightingService.exe","6180","WriteFile","C:\ProgramData\ASUS\ARMOURY CRATE Diagnosis\LightingService\LightingService.log","SUCCESS","Offset: 2476851, Length: 72"
"01:52:07.2516350","LightingService.exe","6180","UnlockFileSingle","C:\ProgramData\ASUS\ARMOURY CRATE Diagnosis\LightingService\LightingService.log","SUCCESS","Offset: 0, Length: 4294967295"
"01:52:07.2516508","LightingService.exe","6180","LockFile","C:\ProgramData\ASUS\ARMOURY CRATE Diagnosis\LightingService\LightingService.log","SUCCESS","Exclusive: True, Offset: 0, Length: 4294967295, Fail Immediately: False"
"01:52:07.2516536","LightingService.exe","6180","QueryStandardInformationFile","C:\ProgramData\ASUS\ARMOURY CRATE Diagnosis\LightingService\LightingService.log","SUCCESS","AllocationSize: 2555904, EndOfFile: 2476923, NumberOfLinks: 1, DeletePending: False, Directory: False"
"01:52:07.2516572","LightingService.exe","6180","WriteFile","C:\ProgramData\ASUS\ARMOURY CRATE Diagnosis\LightingService\LightingService.log","SUCCESS","Offset: 2476923, Length: 91"
"01:52:07.2516614","LightingService.exe","6180","UnlockFileSingle","C:\ProgramData\ASUS\ARMOURY CRATE Diagnosis\LightingService\LightingService.log","SUCCESS","Offset: 0, Length: 4294967295"
"01:52:07.2516765","LightingService.exe","6180","LockFile","C:\ProgramData\ASUS\ARMOURY CRATE Diagnosis\LightingService\LightingService.log","SUCCESS","Exclusive: True, Offset: 0, Length: 4294967295, Fail Immediately: False"
"01:52:07.2516793","LightingService.exe","6180","QueryStandardInformationFile","C:\ProgramData\ASUS\ARMOURY CRATE Diagnosis\LightingService\LightingService.log","SUCCESS","AllocationSize: 2555904, EndOfFile: 2477014, NumberOfLinks: 1, DeletePending: False, Directory: False"
"01:52:07.2516828","LightingService.exe","6180","WriteFile","C:\ProgramData\ASUS\ARMOURY CRATE Diagnosis\LightingService\LightingService.log","SUCCESS","Offset: 2477014, Length: 72"
"01:52:07.2516870","LightingService.exe","6180","UnlockFileSingle","C:\ProgramData\ASUS\ARMOURY CRATE Diagnosis\LightingService\LightingService.log","SUCCESS","Offset: 0, Length: 4294967295"
"01:52:07.2517017","LightingService.exe","6180","LockFile","C:\ProgramData\ASUS\ARMOURY CRATE Diagnosis\LightingService\LightingService.log","SUCCESS","Exclusive: True, Offset: 0, Length: 4294967295, Fail Immediately: False"
"01:52:07.2517045","LightingService.exe","6180","QueryStandardInformationFile","C:\ProgramData\ASUS\ARMOURY CRATE Diagnosis\LightingService\LightingService.log","SUCCESS","AllocationSize: 2555904, EndOfFile: 2477086, NumberOfLinks: 1, DeletePending: False, Directory: False"
"01:52:07.2517080","LightingService.exe","6180","WriteFile","C:\ProgramData\ASUS\ARMOURY CRATE Diagnosis\LightingService\LightingService.log","SUCCESS","Offset: 2477086, Length: 76"
"01:52:07.2517121","LightingService.exe","6180","UnlockFileSingle","C:\ProgramData\ASUS\ARMOURY CRATE Diagnosis\LightingService\LightingService.log","SUCCESS","Offset: 0, Length: 4294967295"
"01:52:07.2517267","LightingService.exe","6180","LockFile","C:\ProgramData\ASUS\ARMOURY CRATE Diagnosis\LightingService\LightingService.log","SUCCESS","Exclusive: True, Offset: 0, Length: 4294967295, Fail Immediately: False"
"01:52:07.2517295","LightingService.exe","6180","QueryStandardInformationFile","C:\ProgramData\ASUS\ARMOURY CRATE Diagnosis\LightingService\LightingService.log","SUCCESS","AllocationSize: 2555904, EndOfFile: 2477162, NumberOfLinks: 1, DeletePending: False, Directory: False"
"01:52:07.2517333","LightingService.exe","6180","WriteFile","C:\ProgramData\ASUS\ARMOURY CRATE Diagnosis\LightingService\LightingService.log","SUCCESS","Offset: 2477162, Length: 71"
"01:52:07.2517374","LightingService.exe","6180","UnlockFileSingle","C:\ProgramData\ASUS\ARMOURY CRATE Diagnosis\LightingService\LightingService.log","SUCCESS","Offset: 0, Length: 4294967295"
"01:52:07.2517545","LightingService.exe","6180","LockFile","C:\ProgramData\ASUS\ARMOURY CRATE Diagnosis\LightingService\LightingService.log","SUCCESS","Exclusive: True, Offset: 0, Length: 4294967295, Fail Immediately: False"
"01:52:07.2517577","LightingService.exe","6180","QueryStandardInformationFile","C:\ProgramData\ASUS\ARMOURY CRATE Diagnosis\LightingService\LightingService.log","SUCCESS","AllocationSize: 2555904, EndOfFile: 2477233, NumberOfLinks: 1, DeletePending: False, Directory: False"
"01:52:07.2517613","LightingService.exe","6180","WriteFile","C:\ProgramData\ASUS\ARMOURY CRATE Diagnosis\LightingService\LightingService.log","SUCCESS","Offset: 2477233, Length: 72"
"01:52:07.2517656","LightingService.exe","6180","UnlockFileSingle","C:\ProgramData\ASUS\ARMOURY CRATE Diagnosis\LightingService\LightingService.log","SUCCESS","Offset: 0, Length: 4294967295"
"01:52:07.2517810","LightingService.exe","6180","LockFile","C:\ProgramData\ASUS\ARMOURY CRATE Diagnosis\LightingService\LightingService.log","SUCCESS","Exclusive: True, Offset: 0, Length: 4294967295, Fail Immediately: False"
"01:52:07.2517840","LightingService.exe","6180","QueryStandardInformationFile","C:\ProgramData\ASUS\ARMOURY CRATE Diagnosis\LightingService\LightingService.log","SUCCESS","AllocationSize: 2555904, EndOfFile: 2477305, NumberOfLinks: 1, DeletePending: False, Directory: False"
"01:52:07.2517878","LightingService.exe","6180","WriteFile","C:\ProgramData\ASUS\ARMOURY CRATE Diagnosis\LightingService\LightingService.log","SUCCESS","Offset: 2477305, Length: 91"
"01:52:07.2517932","LightingService.exe","6180","UnlockFileSingle","C:\ProgramData\ASUS\ARMOURY CRATE Diagnosis\LightingService\LightingService.log","SUCCESS","Offset: 0, Length: 4294967295"
"01:52:07.2518083","LightingService.exe","6180","LockFile","C:\ProgramData\ASUS\ARMOURY CRATE Diagnosis\LightingService\LightingService.log","SUCCESS","Exclusive: True, Offset: 0, Length: 4294967295, Fail Immediately: False"
"01:52:07.2518112","LightingService.exe","6180","QueryStandardInformationFile","C:\ProgramData\ASUS\ARMOURY CRATE Diagnosis\LightingService\LightingService.log","SUCCESS","AllocationSize: 2555904, EndOfFile: 2477396, NumberOfLinks: 1, DeletePending: False, Directory: False"
"01:52:07.2518151","LightingService.exe","6180","WriteFile","C:\ProgramData\ASUS\ARMOURY CRATE Diagnosis\LightingService\LightingService.log","SUCCESS","Offset: 2477396, Length: 72"
"01:52:07.2518194","LightingService.exe","6180","UnlockFileSingle","C:\ProgramData\ASUS\ARMOURY CRATE Diagnosis\LightingService\LightingService.log","SUCCESS","Offset: 0, Length: 4294967295"
"01:52:07.2518432","LightingService.exe","6180","LockFile","C:\ProgramData\ASUS\ARMOURY CRATE Diagnosis\LightingService\LightingService.log","SUCCESS","Exclusive: True, Offset: 0, Length: 4294967295, Fail Immediately: False"
"01:52:07.2518460","LightingService.exe","6180","QueryStandardInformationFile","C:\ProgramData\ASUS\ARMOURY CRATE Diagnosis\LightingService\LightingService.log","SUCCESS","AllocationSize: 2555904, EndOfFile: 2477468, NumberOfLinks: 1, DeletePending: False, Directory: False"
"01:52:07.2518497","LightingService.exe","6180","WriteFile","C:\ProgramData\ASUS\ARMOURY CRATE Diagnosis\LightingService\LightingService.log","SUCCESS","Offset: 2477468, Length: 137"
"01:52:07.2518548","LightingService.exe","6180","UnlockFileSingle","C:\ProgramData\ASUS\ARMOURY CRATE Diagnosis\LightingService\LightingService.log","SUCCESS","Offset: 0, Length: 4294967295"
"01:52:07.2518699","LightingService.exe","6180","LockFile","C:\ProgramData\ASUS\ARMOURY CRATE Diagnosis\LightingService\LightingService.log","SUCCESS","Exclusive: True, Offset: 0, Length: 4294967295, Fail Immediately: False"
"01:52:07.2518727","LightingService.exe","6180","QueryStandardInformationFile","C:\ProgramData\ASUS\ARMOURY CRATE Diagnosis\LightingService\LightingService.log","SUCCESS","AllocationSize: 2555904, EndOfFile: 2477605, NumberOfLinks: 1, DeletePending: False, Directory: False"
"01:52:07.2518765","LightingService.exe","6180","WriteFile","C:\ProgramData\ASUS\ARMOURY CRATE Diagnosis\LightingService\LightingService.log","SUCCESS","Offset: 2477605, Length: 126"
"01:52:07.2518809","LightingService.exe","6180","UnlockFileSingle","C:\ProgramData\ASUS\ARMOURY CRATE Diagnosis\LightingService\LightingService.log","SUCCESS","Offset: 0, Length: 4294967295"
"01:52:07.2518966","LightingService.exe","6180","LockFile","C:\ProgramData\ASUS\ARMOURY CRATE Diagnosis\LightingService\LightingService.log","SUCCESS","Exclusive: True, Offset: 0, Length: 4294967295, Fail Immediately: False"
"01:52:07.2518994","LightingService.exe","6180","QueryStandardInformationFile","C:\ProgramData\ASUS\ARMOURY CRATE Diagnosis\LightingService\LightingService.log","SUCCESS","AllocationSize: 2555904, EndOfFile: 2477731, NumberOfLinks: 1, DeletePending: False, Directory: False"
"01:52:07.2519032","LightingService.exe","6180","WriteFile","C:\ProgramData\ASUS\ARMOURY CRATE Diagnosis\LightingService\LightingService.log","SUCCESS","Offset: 2477731, Length: 148"
"01:52:07.2519074","LightingService.exe","6180","UnlockFileSingle","C:\ProgramData\ASUS\ARMOURY CRATE Diagnosis\LightingService\LightingService.log","SUCCESS","Offset: 0, Length: 4294967295"
"01:52:07.2519256","LightingService.exe","6180","LockFile","C:\ProgramData\ASUS\ARMOURY CRATE Diagnosis\LightingService\LightingService.log","SUCCESS","Exclusive: True, Offset: 0, Length: 4294967295, Fail Immediately: False"
"01:52:07.2519285","LightingService.exe","6180","QueryStandardInformationFile","C:\ProgramData\ASUS\ARMOURY CRATE Diagnosis\LightingService\LightingService.log","SUCCESS","AllocationSize: 2555904, EndOfFile: 2477879, NumberOfLinks: 1, DeletePending: False, Directory: False"
"01:52:07.2519323","LightingService.exe","6180","WriteFile","C:\ProgramData\ASUS\ARMOURY CRATE Diagnosis\LightingService\LightingService.log","SUCCESS","Offset: 2477879, Length: 150"
"01:52:07.2519363","LightingService.exe","6180","UnlockFileSingle","C:\ProgramData\ASUS\ARMOURY CRATE Diagnosis\LightingService\LightingService.log","SUCCESS","Offset: 0, Length: 4294967295"
"01:52:07.2519522","LightingService.exe","6180","LockFile","C:\ProgramData\ASUS\ARMOURY CRATE Diagnosis\LightingService\LightingService.log","SUCCESS","Exclusive: True, Offset: 0, Length: 4294967295, Fail Immediately: False"
"01:52:07.2519553","LightingService.exe","6180","QueryStandardInformationFile","C:\ProgramData\ASUS\ARMOURY CRATE Diagnosis\LightingService\LightingService.log","SUCCESS","AllocationSize: 2555904, EndOfFile: 2478029, NumberOfLinks: 1, DeletePending: False, Directory: False"
"01:52:07.2519591","LightingService.exe","6180","WriteFile","C:\ProgramData\ASUS\ARMOURY CRATE Diagnosis\LightingService\LightingService.log","SUCCESS","Offset: 2478029, Length: 138"
"01:52:07.2519666","LightingService.exe","6180","UnlockFileSingle","C:\ProgramData\ASUS\ARMOURY CRATE Diagnosis\LightingService\LightingService.log","SUCCESS","Offset: 0, Length: 4294967295"
"01:52:07.2519816","LightingService.exe","6180","LockFile","C:\ProgramData\ASUS\ARMOURY CRATE Diagnosis\LightingService\LightingService.log","SUCCESS","Exclusive: True, Offset: 0, Length: 4294967295, Fail Immediately: False"
"01:52:07.2519847","LightingService.exe","6180","QueryStandardInformationFile","C:\ProgramData\ASUS\ARMOURY CRATE Diagnosis\LightingService\LightingService.log","SUCCESS","AllocationSize: 2555904, EndOfFile: 2478167, NumberOfLinks: 1, DeletePending: False, Directory: False"
"01:52:07.2519885","LightingService.exe","6180","WriteFile","C:\ProgramData\ASUS\ARMOURY CRATE Diagnosis\LightingService\LightingService.log","SUCCESS","Offset: 2478167, Length: 127"
"01:52:07.2520092","LightingService.exe","6180","UnlockFileSingle","C:\ProgramData\ASUS\ARMOURY CRATE Diagnosis\LightingService\LightingService.log","SUCCESS","Offset: 0, Length: 4294967295"
"01:52:07.2520523","LightingService.exe","6180","LockFile","C:\ProgramData\ASUS\ARMOURY CRATE Diagnosis\LightingService\LightingService.log","SUCCESS","Exclusive: True, Offset: 0, Length: 4294967295, Fail Immediately: False"
"01:52:07.2520568","LightingService.exe","6180","QueryStandardInformationFile","C:\ProgramData\ASUS\ARMOURY CRATE Diagnosis\LightingService\LightingService.log","SUCCESS","AllocationSize: 2555904, EndOfFile: 2478294, NumberOfLinks: 1, DeletePending: False, Directory: False"
"01:52:07.2520628","LightingService.exe","6180","WriteFile","C:\ProgramData\ASUS\ARMOURY CRATE Diagnosis\LightingService\LightingService.log","SUCCESS","Offset: 2478294, Length: 158"
"01:52:07.2520715","LightingService.exe","6180","UnlockFileSingle","C:\ProgramData\ASUS\ARMOURY CRATE Diagnosis\LightingService\LightingService.log","SUCCESS","Offset: 0, Length: 4294967295"
"01:52:07.2521103","LightingService.exe","6180","LockFile","C:\ProgramData\ASUS\ARMOURY CRATE Diagnosis\LightingService\LightingService.log","SUCCESS","Exclusive: True, Offset: 0, Length: 4294967295, Fail Immediately: False"
"01:52:07.2521276","LightingService.exe","6180","QueryStandardInformationFile","C:\ProgramData\ASUS\ARMOURY CRATE Diagnosis\LightingService\LightingService.log","SUCCESS","AllocationSize: 2555904, EndOfFile: 2478452, NumberOfLinks: 1, DeletePending: False, Directory: False"
"01:52:07.2521353","LightingService.exe","6180","WriteFile","C:\ProgramData\ASUS\ARMOURY CRATE Diagnosis\LightingService\LightingService.log","SUCCESS","Offset: 2478452, Length: 139"
"01:52:07.2521449","LightingService.exe","6180","UnlockFileSingle","C:\ProgramData\ASUS\ARMOURY CRATE Diagnosis\LightingService\LightingService.log","SUCCESS","Offset: 0, Length: 4294967295"
"01:52:07.2521942","LightingService.exe","6180","LockFile","C:\ProgramData\ASUS\ARMOURY CRATE Diagnosis\LightingService\LightingService.log","SUCCESS","Exclusive: True, Offset: 0, Length: 4294967295, Fail Immediately: False"
"01:52:07.2521982","LightingService.exe","6180","QueryStandardInformationFile","C:\ProgramData\ASUS\ARMOURY CRATE Diagnosis\LightingService\LightingService.log","SUCCESS","AllocationSize: 2555904, EndOfFile: 2478591, NumberOfLinks: 1, DeletePending: False, Directory: False"
"01:52:07.2522055","LightingService.exe","6180","WriteFile","C:\ProgramData\ASUS\ARMOURY CRATE Diagnosis\LightingService\LightingService.log","SUCCESS","Offset: 2478591, Length: 140"
"01:52:07.2522111","LightingService.exe","6180","UnlockFileSingle","C:\ProgramData\ASUS\ARMOURY CRATE Diagnosis\LightingService\LightingService.log","SUCCESS","Offset: 0, Length: 4294967295"
"01:52:07.2522308","LightingService.exe","6180","LockFile","C:\ProgramData\ASUS\ARMOURY CRATE Diagnosis\LightingService\LightingService.log","SUCCESS","Exclusive: True, Offset: 0, Length: 4294967295, Fail Immediately: False"
"01:52:07.2522343","LightingService.exe","6180","QueryStandardInformationFile","C:\ProgramData\ASUS\ARMOURY CRATE Diagnosis\LightingService\LightingService.log","SUCCESS","AllocationSize: 2555904, EndOfFile: 2478731, NumberOfLinks: 1, DeletePending: False, Directory: False"
"01:52:07.2522385","LightingService.exe","6180","WriteFile","C:\ProgramData\ASUS\ARMOURY CRATE Diagnosis\LightingService\LightingService.log","SUCCESS","Offset: 2478731, Length: 135"
"01:52:07.2522437","LightingService.exe","6180","UnlockFileSingle","C:\ProgramData\ASUS\ARMOURY CRATE Diagnosis\LightingService\LightingService.log","SUCCESS","Offset: 0, Length: 4294967295"
"01:52:07.2522601","LightingService.exe","6180","LockFile","C:\ProgramData\ASUS\ARMOURY CRATE Diagnosis\LightingService\LightingService.log","SUCCESS","Exclusive: True, Offset: 0, Length: 4294967295, Fail Immediately: False"
"01:52:07.2522664","LightingService.exe","6180","QueryStandardInformationFile","C:\ProgramData\ASUS\ARMOURY CRATE Diagnosis\LightingService\LightingService.log","SUCCESS","AllocationSize: 2555904, EndOfFile: 2478866, NumberOfLinks: 1, DeletePending: False, Directory: False"
"01:52:07.2522707","LightingService.exe","6180","WriteFile","C:\ProgramData\ASUS\ARMOURY CRATE Diagnosis\LightingService\LightingService.log","SUCCESS","Offset: 2478866, Length: 137"
"01:52:07.2522751","LightingService.exe","6180","UnlockFileSingle","C:\ProgramData\ASUS\ARMOURY CRATE Diagnosis\LightingService\LightingService.log","SUCCESS","Offset: 0, Length: 4294967295"
"01:52:07.2522917","LightingService.exe","6180","LockFile","C:\ProgramData\ASUS\ARMOURY CRATE Diagnosis\LightingService\LightingService.log","SUCCESS","Exclusive: True, Offset: 0, Length: 4294967295, Fail Immediately: False"
"01:52:07.2522947","LightingService.exe","6180","QueryStandardInformationFile","C:\ProgramData\ASUS\ARMOURY CRATE Diagnosis\LightingService\LightingService.log","SUCCESS","AllocationSize: 2555904, EndOfFile: 2479003, NumberOfLinks: 1, DeletePending: False, Directory: False"
"01:52:07.2522985","LightingService.exe","6180","WriteFile","C:\ProgramData\ASUS\ARMOURY CRATE Diagnosis\LightingService\LightingService.log","SUCCESS","Offset: 2479003, Length: 101"
"01:52:07.2523032","LightingService.exe","6180","UnlockFileSingle","C:\ProgramData\ASUS\ARMOURY CRATE Diagnosis\LightingService\LightingService.log","SUCCESS","Offset: 0, Length: 4294967295"
"01:52:07.2523188","LightingService.exe","6180","LockFile","C:\ProgramData\ASUS\ARMOURY CRATE Diagnosis\LightingService\LightingService.log","SUCCESS","Exclusive: True, Offset: 0, Length: 4294967295, Fail Immediately: False"
"01:52:07.2523222","LightingService.exe","6180","QueryStandardInformationFile","C:\ProgramData\ASUS\ARMOURY CRATE Diagnosis\LightingService\LightingService.log","SUCCESS","AllocationSize: 2555904, EndOfFile: 2479104, NumberOfLinks: 1, DeletePending: False, Directory: False"
"01:52:07.2523263","LightingService.exe","6180","WriteFile","C:\ProgramData\ASUS\ARMOURY CRATE Diagnosis\LightingService\LightingService.log","SUCCESS","Offset: 2479104, Length: 103"
"01:52:07.2523309","LightingService.exe","6180","UnlockFileSingle","C:\ProgramData\ASUS\ARMOURY CRATE Diagnosis\LightingService\LightingService.log","SUCCESS","Offset: 0, Length: 4294967295"
"01:52:07.2523465","LightingService.exe","6180","LockFile","C:\ProgramData\ASUS\ARMOURY CRATE Diagnosis\LightingService\LightingService.log","SUCCESS","Exclusive: True, Offset: 0, Length: 4294967295, Fail Immediately: False"
"01:52:07.2523494","LightingService.exe","6180","QueryStandardInformationFile","C:\ProgramData\ASUS\ARMOURY CRATE Diagnosis\LightingService\LightingService.log","SUCCESS","AllocationSize: 2555904, EndOfFile: 2479207, NumberOfLinks: 1, DeletePending: False, Directory: False"
"01:52:07.2523532","LightingService.exe","6180","WriteFile","C:\ProgramData\ASUS\ARMOURY CRATE Diagnosis\LightingService\LightingService.log","SUCCESS","Offset: 2479207, Length: 136"
"01:52:07.2523586","LightingService.exe","6180","UnlockFileSingle","C:\ProgramData\ASUS\ARMOURY CRATE Diagnosis\LightingService\LightingService.log","SUCCESS","Offset: 0, Length: 4294967295"
"01:52:07.2523744","LightingService.exe","6180","LockFile","C:\ProgramData\ASUS\ARMOURY CRATE Diagnosis\LightingService\LightingService.log","SUCCESS","Exclusive: True, Offset: 0, Length: 4294967295, Fail Immediately: False"
"01:52:07.2523774","LightingService.exe","6180","QueryStandardInformationFile","C:\ProgramData\ASUS\ARMOURY CRATE Diagnosis\LightingService\LightingService.log","SUCCESS","AllocationSize: 2555904, EndOfFile: 2479343, NumberOfLinks: 1, DeletePending: False, Directory: False"
"01:52:07.2523814","LightingService.exe","6180","WriteFile","C:\ProgramData\ASUS\ARMOURY CRATE Diagnosis\LightingService\LightingService.log","SUCCESS","Offset: 2479343, Length: 120"
"01:52:07.2523857","LightingService.exe","6180","UnlockFileSingle","C:\ProgramData\ASUS\ARMOURY CRATE Diagnosis\LightingService\LightingService.log","SUCCESS","Offset: 0, Length: 4294967295"
"01:52:07.2524722","LightingService.exe","6180","LockFile","C:\ProgramData\ASUS\ARMOURY CRATE Diagnosis\LightingService\LightingService.log","SUCCESS","Exclusive: True, Offset: 0, Length: 4294967295, Fail Immediately: False"
"01:52:07.2524784","LightingService.exe","6180","QueryStandardInformationFile","C:\ProgramData\ASUS\ARMOURY CRATE Diagnosis\LightingService\LightingService.log","SUCCESS","AllocationSize: 2555904, EndOfFile: 2479463, NumberOfLinks: 1, DeletePending: False, Directory: False"
"01:52:07.2524826","LightingService.exe","6180","WriteFile","C:\ProgramData\ASUS\ARMOURY CRATE Diagnosis\LightingService\LightingService.log","SUCCESS","Offset: 2479463, Length: 123"
"01:52:07.2524869","LightingService.exe","6180","UnlockFileSingle","C:\ProgramData\ASUS\ARMOURY CRATE Diagnosis\LightingService\LightingService.log","SUCCESS","Offset: 0, Length: 4294967295"
"01:52:07.2525380","LightingService.exe","6180","QueryOpen","C:\Program Files (x86)\LightingService\script\comet.eft","FAST IO DISALLOWED",""
"01:52:07.2525589","LightingService.exe","6180","CreateFile","C:\Program Files (x86)\LightingService\script\comet.eft","NAME NOT FOUND","Desired Access: Read Attributes, Disposition: Open, Options: Open Reparse Point, Attributes: n/a, ShareMode: Read, Write, Delete, AllocationSize: n/a"
"01:52:07.2525903","LightingService.exe","6180","QueryOpen","C:\Program Files (x86)\LightingService\script\rainbow.eft","FAST IO DISALLOWED",""
"01:52:07.2526111","LightingService.exe","6180","CreateFile","C:\Program Files (x86)\LightingService\script\rainbow.eft","NAME NOT FOUND","Desired Access: Read Attributes, Disposition: Open, Options: Open Reparse Point, Attributes: n/a, ShareMode: Read, Write, Delete, AllocationSize: n/a"
"01:52:07.2526363","LightingService.exe","6180","QueryOpen","C:\Program Files (x86)\LightingService\script\rainbow_comet.eft","FAST IO DISALLOWED",""
"01:52:07.2526621","LightingService.exe","6180","CreateFile","C:\Program Files (x86)\LightingService\script\rainbow_comet.eft","NAME NOT FOUND","Desired Access: Read Attributes, Disposition: Open, Options: Open Reparse Point, Attributes: n/a, ShareMode: Read, Write, Delete, AllocationSize: n/a"
"01:52:07.2526896","LightingService.exe","6180","LockFile","C:\ProgramData\ASUS\ARMOURY CRATE Diagnosis\LightingService\LightingService.log","SUCCESS","Exclusive: True, Offset: 0, Length: 4294967295, Fail Immediately: False"
"01:52:07.2526931","LightingService.exe","6180","QueryStandardInformationFile","C:\ProgramData\ASUS\ARMOURY CRATE Diagnosis\LightingService\LightingService.log","SUCCESS","AllocationSize: 2555904, EndOfFile: 2479586, NumberOfLinks: 1, DeletePending: False, Directory: False"
"01:52:07.2527008","LightingService.exe","6180","WriteFile","C:\ProgramData\ASUS\ARMOURY CRATE Diagnosis\LightingService\LightingService.log","SUCCESS","Offset: 2479586, Length: 129"
"01:52:07.2527060","LightingService.exe","6180","UnlockFileSingle","C:\ProgramData\ASUS\ARMOURY CRATE Diagnosis\LightingService\LightingService.log","SUCCESS","Offset: 0, Length: 4294967295"
"01:52:07.2527236","LightingService.exe","6180","LockFile","C:\ProgramData\ASUS\ARMOURY CRATE Diagnosis\LightingService\LightingService.log","SUCCESS","Exclusive: True, Offset: 0, Length: 4294967295, Fail Immediately: False"
"01:52:07.2527270","LightingService.exe","6180","QueryStandardInformationFile","C:\ProgramData\ASUS\ARMOURY CRATE Diagnosis\LightingService\LightingService.log","SUCCESS","AllocationSize: 2555904, EndOfFile: 2479715, NumberOfLinks: 1, DeletePending: False, Directory: False"
"01:52:07.2527312","LightingService.exe","6180","WriteFile","C:\ProgramData\ASUS\ARMOURY CRATE Diagnosis\LightingService\LightingService.log","SUCCESS","Offset: 2479715, Length: 154"
"01:52:07.2527411","LightingService.exe","6180","UnlockFileSingle","C:\ProgramData\ASUS\ARMOURY CRATE Diagnosis\LightingService\LightingService.log","SUCCESS","Offset: 0, Length: 4294967295"
"01:52:07.2527821","LightingService.exe","6180","LockFile","C:\ProgramData\ASUS\ARMOURY CRATE Diagnosis\LightingService\LightingService.log","SUCCESS","Exclusive: True, Offset: 0, Length: 4294967295, Fail Immediately: False"
"01:52:07.2527862","LightingService.exe","6180","QueryStandardInformationFile","C:\ProgramData\ASUS\ARMOURY CRATE Diagnosis\LightingService\LightingService.log","SUCCESS","AllocationSize: 2555904, EndOfFile: 2479869, NumberOfLinks: 1, DeletePending: False, Directory: False"
"01:52:07.2527923","LightingService.exe","6180","WriteFile","C:\ProgramData\ASUS\ARMOURY CRATE Diagnosis\LightingService\LightingService.log","SUCCESS","Offset: 2479869, Length: 142"
"01:52:07.2528006","LightingService.exe","6180","UnlockFileSingle","C:\ProgramData\ASUS\ARMOURY CRATE Diagnosis\LightingService\LightingService.log","SUCCESS","Offset: 0, Length: 4294967295"
"01:52:07.2528294","LightingService.exe","6180","LockFile","C:\ProgramData\ASUS\ARMOURY CRATE Diagnosis\LightingService\LightingService.log","SUCCESS","Exclusive: True, Offset: 0, Length: 4294967295, Fail Immediately: False"
"01:52:07.2528357","LightingService.exe","6180","QueryStandardInformationFile","C:\ProgramData\ASUS\ARMOURY CRATE Diagnosis\LightingService\LightingService.log","SUCCESS","AllocationSize: 2555904, EndOfFile: 2480011, NumberOfLinks: 1, DeletePending: False, Directory: False"
"01:52:07.2528398","LightingService.exe","6180","WriteFile","C:\ProgramData\ASUS\ARMOURY CRATE Diagnosis\LightingService\LightingService.log","SUCCESS","Offset: 2480011, Length: 139"
"01:52:07.2528448","LightingService.exe","6180","UnlockFileSingle","C:\ProgramData\ASUS\ARMOURY CRATE Diagnosis\LightingService\LightingService.log","SUCCESS","Offset: 0, Length: 4294967295"
"01:52:07.2528630","LightingService.exe","6180","LockFile","C:\ProgramData\ASUS\ARMOURY CRATE Diagnosis\LightingService\LightingService.log","SUCCESS","Exclusive: True, Offset: 0, Length: 4294967295, Fail Immediately: False"
"01:52:07.2528664","LightingService.exe","6180","QueryStandardInformationFile","C:\ProgramData\ASUS\ARMOURY CRATE Diagnosis\LightingService\LightingService.log","SUCCESS","AllocationSize: 2555904, EndOfFile: 2480150, NumberOfLinks: 1, DeletePending: False, Directory: False"
"01:52:07.2528724","LightingService.exe","6180","WriteFile","C:\ProgramData\ASUS\ARMOURY CRATE Diagnosis\LightingService\LightingService.log","SUCCESS","Offset: 2480150, Length: 155"
"01:52:07.2528772","LightingService.exe","6180","UnlockFileSingle","C:\ProgramData\ASUS\ARMOURY CRATE Diagnosis\LightingService\LightingService.log","SUCCESS","Offset: 0, Length: 4294967295"
"01:52:07.2528965","LightingService.exe","6180","LockFile","C:\ProgramData\ASUS\ARMOURY CRATE Diagnosis\LightingService\LightingService.log","SUCCESS","Exclusive: True, Offset: 0, Length: 4294967295, Fail Immediately: False"
"01:52:07.2528998","LightingService.exe","6180","QueryStandardInformationFile","C:\ProgramData\ASUS\ARMOURY CRATE Diagnosis\LightingService\LightingService.log","SUCCESS","AllocationSize: 2555904, EndOfFile: 2480305, NumberOfLinks: 1, DeletePending: False, Directory: False"
"01:52:07.2529041","LightingService.exe","6180","WriteFile","C:\ProgramData\ASUS\ARMOURY CRATE Diagnosis\LightingService\LightingService.log","SUCCESS","Offset: 2480305, Length: 81"
"01:52:07.2529089","LightingService.exe","6180","UnlockFileSingle","C:\ProgramData\ASUS\ARMOURY CRATE Diagnosis\LightingService\LightingService.log","SUCCESS","Offset: 0, Length: 4294967295"
"01:52:07.2529614","LightingService.exe","6180","LockFile","C:\ProgramData\ASUS\ARMOURY CRATE Diagnosis\LightingService\LightingService.log","SUCCESS","Exclusive: True, Offset: 0, Length: 4294967295, Fail Immediately: False"
"01:52:07.2529649","LightingService.exe","6180","QueryStandardInformationFile","C:\ProgramData\ASUS\ARMOURY CRATE Diagnosis\LightingService\LightingService.log","SUCCESS","AllocationSize: 2555904, EndOfFile: 2480386, NumberOfLinks: 1, DeletePending: False, Directory: False"
"01:52:07.2529691","LightingService.exe","6180","WriteFile","C:\ProgramData\ASUS\ARMOURY CRATE Diagnosis\LightingService\LightingService.log","SUCCESS","Offset: 2480386, Length: 84"
"01:52:07.2529797","LightingService.exe","6180","UnlockFileSingle","C:\ProgramData\ASUS\ARMOURY CRATE Diagnosis\LightingService\LightingService.log","SUCCESS","Offset: 0, Length: 4294967295"
"01:52:07.2530235","LightingService.exe","6180","LockFile","C:\ProgramData\ASUS\ARMOURY CRATE Diagnosis\LightingService\LightingService.log","SUCCESS","Exclusive: True, Offset: 0, Length: 4294967295, Fail Immediately: False"
"01:52:07.2530295","LightingService.exe","6180","QueryStandardInformationFile","C:\ProgramData\ASUS\ARMOURY CRATE Diagnosis\LightingService\LightingService.log","SUCCESS","AllocationSize: 2555904, EndOfFile: 2480470, NumberOfLinks: 1, DeletePending: False, Directory: False"
"01:52:07.2530339","LightingService.exe","6180","WriteFile","C:\ProgramData\ASUS\ARMOURY CRATE Diagnosis\LightingService\LightingService.log","SUCCESS","Offset: 2480470, Length: 80"
"01:52:07.2530387","LightingService.exe","6180","UnlockFileSingle","C:\ProgramData\ASUS\ARMOURY CRATE Diagnosis\LightingService\LightingService.log","SUCCESS","Offset: 0, Length: 4294967295"
"01:52:07.2530673","LightingService.exe","6180","LockFile","C:\ProgramData\ASUS\ARMOURY CRATE Diagnosis\LightingService\LightingService.log","SUCCESS","Exclusive: True, Offset: 0, Length: 4294967295, Fail Immediately: False"
"01:52:07.2530708","LightingService.exe","6180","QueryStandardInformationFile","C:\ProgramData\ASUS\ARMOURY CRATE Diagnosis\LightingService\LightingService.log","SUCCESS","AllocationSize: 2555904, EndOfFile: 2480550, NumberOfLinks: 1, DeletePending: False, Directory: False"
"01:52:07.2530856","LightingService.exe","6180","WriteFile","C:\ProgramData\ASUS\ARMOURY CRATE Diagnosis\LightingService\LightingService.log","SUCCESS","Offset: 2480550, Length: 95"
"01:52:07.2530914","LightingService.exe","6180","UnlockFileSingle","C:\ProgramData\ASUS\ARMOURY CRATE Diagnosis\LightingService\LightingService.log","SUCCESS","Offset: 0, Length: 4294967295"
"01:52:07.2531196","LightingService.exe","6180","LockFile","C:\ProgramData\ASUS\ARMOURY CRATE Diagnosis\LightingService\LightingService.log","SUCCESS","Exclusive: True, Offset: 0, Length: 4294967295, Fail Immediately: False"
"01:52:07.2531230","LightingService.exe","6180","QueryStandardInformationFile","C:\ProgramData\ASUS\ARMOURY CRATE Diagnosis\LightingService\LightingService.log","SUCCESS","AllocationSize: 2555904, EndOfFile: 2480645, NumberOfLinks: 1, DeletePending: False, Directory: False"
"01:52:07.2531272","LightingService.exe","6180","WriteFile","C:\ProgramData\ASUS\ARMOURY CRATE Diagnosis\LightingService\LightingService.log","SUCCESS","Offset: 2480645, Length: 104"
"01:52:07.2531356","LightingService.exe","6180","UnlockFileSingle","C:\ProgramData\ASUS\ARMOURY CRATE Diagnosis\LightingService\LightingService.log","SUCCESS","Offset: 0, Length: 4294967295"
"01:52:07.2531606","LightingService.exe","6180","LockFile","C:\ProgramData\ASUS\ARMOURY CRATE Diagnosis\LightingService\LightingService.log","SUCCESS","Exclusive: True, Offset: 0, Length: 4294967295, Fail Immediately: False"
"01:52:07.2531635","LightingService.exe","6180","QueryStandardInformationFile","C:\ProgramData\ASUS\ARMOURY CRATE Diagnosis\LightingService\LightingService.log","SUCCESS","AllocationSize: 2555904, EndOfFile: 2480749, NumberOfLinks: 1, DeletePending: False, Directory: False"
"01:52:07.2531690","LightingService.exe","6180","WriteFile","C:\ProgramData\ASUS\ARMOURY CRATE Diagnosis\LightingService\LightingService.log","SUCCESS","Offset: 2480749, Length: 105"
"01:52:07.2531876","LightingService.exe","6180","UnlockFileSingle","C:\ProgramData\ASUS\ARMOURY CRATE Diagnosis\LightingService\LightingService.log","SUCCESS","Offset: 0, Length: 4294967295"
"01:52:07.2532903","LightingService.exe","6180","LockFile","C:\ProgramData\ASUS\ARMOURY CRATE Diagnosis\LightingService\LightingService.log","SUCCESS","Exclusive: True, Offset: 0, Length: 4294967295, Fail Immediately: False"
"01:52:07.2532960","LightingService.exe","6180","QueryStandardInformationFile","C:\ProgramData\ASUS\ARMOURY CRATE Diagnosis\LightingService\LightingService.log","SUCCESS","AllocationSize: 2555904, EndOfFile: 2480854, NumberOfLinks: 1, DeletePending: False, Directory: False"
"01:52:07.2533003","LightingService.exe","6180","WriteFile","C:\ProgramData\ASUS\ARMOURY CRATE Diagnosis\LightingService\LightingService.log","SUCCESS","Offset: 2480854, Length: 96"
"01:52:07.2533057","LightingService.exe","6180","UnlockFileSingle","C:\ProgramData\ASUS\ARMOURY CRATE Diagnosis\LightingService\LightingService.log","SUCCESS","Offset: 0, Length: 4294967295"
"01:52:07.2533379","LightingService.exe","6180","LockFile","C:\ProgramData\ASUS\ARMOURY CRATE Diagnosis\LightingService\LightingService.log","SUCCESS","Exclusive: True, Offset: 0, Length: 4294967295, Fail Immediately: False"
"01:52:07.2533434","LightingService.exe","6180","QueryStandardInformationFile","C:\ProgramData\ASUS\ARMOURY CRATE Diagnosis\LightingService\LightingService.log","SUCCESS","AllocationSize: 2555904, EndOfFile: 2480950, NumberOfLinks: 1, DeletePending: False, Directory: False"
"01:52:07.2533473","LightingService.exe","6180","WriteFile","C:\ProgramData\ASUS\ARMOURY CRATE Diagnosis\LightingService\LightingService.log","SUCCESS","Offset: 2480950, Length: 133"
"01:52:07.2533518","LightingService.exe","6180","UnlockFileSingle","C:\ProgramData\ASUS\ARMOURY CRATE Diagnosis\LightingService\LightingService.log","SUCCESS","Offset: 0, Length: 4294967295"
"01:52:07.2533764","LightingService.exe","6180","LockFile","C:\ProgramData\ASUS\ARMOURY CRATE Diagnosis\LightingService\LightingService.log","SUCCESS","Exclusive: True, Offset: 0, Length: 4294967295, Fail Immediately: False"
"01:52:07.2533795","LightingService.exe","6180","QueryStandardInformationFile","C:\ProgramData\ASUS\ARMOURY CRATE Diagnosis\LightingService\LightingService.log","SUCCESS","AllocationSize: 2555904, EndOfFile: 2481083, NumberOfLinks: 1, DeletePending: False, Directory: False"
"01:52:07.2533834","LightingService.exe","6180","WriteFile","C:\ProgramData\ASUS\ARMOURY CRATE Diagnosis\LightingService\LightingService.log","SUCCESS","Offset: 2481083, Length: 84"
"01:52:07.2533880","LightingService.exe","6180","UnlockFileSingle","C:\ProgramData\ASUS\ARMOURY CRATE Diagnosis\LightingService\LightingService.log","SUCCESS","Offset: 0, Length: 4294967295"
"01:52:07.2534189","LightingService.exe","6180","LockFile","C:\ProgramData\ASUS\ARMOURY CRATE Diagnosis\LightingService\LightingService.log","SUCCESS","Exclusive: True, Offset: 0, Length: 4294967295, Fail Immediately: False"
"01:52:07.2534232","LightingService.exe","6180","QueryStandardInformationFile","C:\ProgramData\ASUS\ARMOURY CRATE Diagnosis\LightingService\LightingService.log","SUCCESS","AllocationSize: 2555904, EndOfFile: 2481167, NumberOfLinks: 1, DeletePending: False, Directory: False"
"01:52:07.2534296","LightingService.exe","6180","WriteFile","C:\ProgramData\ASUS\ARMOURY CRATE Diagnosis\LightingService\LightingService.log","SUCCESS","Offset: 2481167, Length: 96"
"01:52:07.2534385","LightingService.exe","6180","UnlockFileSingle","C:\ProgramData\ASUS\ARMOURY CRATE Diagnosis\LightingService\LightingService.log","SUCCESS","Offset: 0, Length: 4294967295"
"01:52:07.2534583","LightingService.exe","6180","LockFile","C:\ProgramData\ASUS\ARMOURY CRATE Diagnosis\LightingService\LightingService.log","SUCCESS","Exclusive: True, Offset: 0, Length: 4294967295, Fail Immediately: False"
"01:52:07.2534619","LightingService.exe","6180","QueryStandardInformationFile","C:\ProgramData\ASUS\ARMOURY CRATE Diagnosis\LightingService\LightingService.log","SUCCESS","AllocationSize: 2555904, EndOfFile: 2481263, NumberOfLinks: 1, DeletePending: False, Directory: False"
"01:52:07.2534670","LightingService.exe","6180","WriteFile","C:\ProgramData\ASUS\ARMOURY CRATE Diagnosis\LightingService\LightingService.log","SUCCESS","Offset: 2481263, Length: 89"
"01:52:07.2534785","LightingService.exe","6180","UnlockFileSingle","C:\ProgramData\ASUS\ARMOURY CRATE Diagnosis\LightingService\LightingService.log","SUCCESS","Offset: 0, Length: 4294967295"
"01:52:07.2534971","LightingService.exe","6180","LockFile","C:\ProgramData\ASUS\ARMOURY CRATE Diagnosis\LightingService\LightingService.log","SUCCESS","Exclusive: True, Offset: 0, Length: 4294967295, Fail Immediately: False"
"01:52:07.2535004","LightingService.exe","6180","QueryStandardInformationFile","C:\ProgramData\ASUS\ARMOURY CRATE Diagnosis\LightingService\LightingService.log","SUCCESS","AllocationSize: 2555904, EndOfFile: 2481352, NumberOfLinks: 1, DeletePending: False, Directory: False"
"01:52:07.2535045","LightingService.exe","6180","WriteFile","C:\ProgramData\ASUS\ARMOURY CRATE Diagnosis\LightingService\LightingService.log","SUCCESS","Offset: 2481352, Length: 86"
"01:52:07.2535114","LightingService.exe","6180","UnlockFileSingle","C:\ProgramData\ASUS\ARMOURY CRATE Diagnosis\LightingService\LightingService.log","SUCCESS","Offset: 0, Length: 4294967295"
"01:52:07.2536398","LightingService.exe","6180","QueryOpen","C:\ProgramData\ASUS\ROG Live Service\DeviceContent","FAST IO DISALLOWED",""
"01:52:07.2536648","LightingService.exe","6180","CreateFile","C:\ProgramData\ASUS\ROG Live Service\DeviceContent","SUCCESS","Desired Access: Read Attributes, Disposition: Open, Options: Open Reparse Point, Attributes: n/a, ShareMode: Read, Write, Delete, AllocationSize: n/a, OpenResult: Opened"
"01:52:07.2536805","LightingService.exe","6180","QueryNetworkOpenInformationFile","C:\ProgramData\ASUS\ROG Live Service\DeviceContent","SUCCESS","CreationTime: 15-08-2026 21:16:32, LastAccessTime: 16-08-2026 01:48:18, LastWriteTime: 15-08-2026 21:16:38, ChangeTime: 15-08-2026 21:16:38, AllocationSize: 01-01-1601 05:30:00, EndOfFile: 01-01-1601 05:30:00, FileAttributes: DNCI"
"01:52:07.2536857","LightingService.exe","6180","CloseFile","C:\ProgramData\ASUS\ROG Live Service\DeviceContent","SUCCESS",""
"01:52:07.2536921","LightingService.exe","6180","IRP_MJ_CLOSE","C:\ProgramData\ASUS\ROG Live Service\DeviceContent","SUCCESS",""
"01:52:07.2537179","LightingService.exe","6180","CreateFile","C:\ProgramData\ASUS\ROG Live Service\DeviceContent","SUCCESS","Desired Access: Read Data/List Directory, Synchronize, Disposition: Open, Options: Directory, Synchronous IO Non-Alert, Attributes: n/a, ShareMode: Read, Write, Delete, AllocationSize: n/a, OpenResult: Opened"
"01:52:07.2537351","LightingService.exe","6180","QueryDirectory","C:\ProgramData\ASUS\ROG Live Service\DeviceContent\*","SUCCESS","FileInformationClass: FileBothDirectoryInformation, Filter: *, 2: ."
"01:52:07.2537478","LightingService.exe","6180","QueryDirectory","C:\ProgramData\ASUS\ROG Live Service\DeviceContent","SUCCESS","FileInformationClass: FileBothDirectoryInformation, 1: .., 2: 0B0519B6, 3: G615"
"01:52:07.2537813","LightingService.exe","6180","QueryOpen","C:\ProgramData\ASUS\ROG Live Service\DeviceContent\0B0519B6","FAST IO DISALLOWED",""
"01:52:07.2537991","LightingService.exe","6180","CreateFile","C:\ProgramData\ASUS\ROG Live Service\DeviceContent\0B0519B6","SUCCESS","Desired Access: Read Attributes, Disposition: Open, Options: Open Reparse Point, Attributes: n/a, ShareMode: Read, Write, Delete, AllocationSize: n/a, OpenResult: Opened"
"01:52:07.2538141","LightingService.exe","6180","QueryNetworkOpenInformationFile","C:\ProgramData\ASUS\ROG Live Service\DeviceContent\0B0519B6","SUCCESS","CreationTime: 15-08-2026 21:16:38, LastAccessTime: 16-08-2026 01:48:18, LastWriteTime: 16-08-2026 00:47:58, ChangeTime: 16-08-2026 00:47:58, AllocationSize: 01-01-1601 05:30:00, EndOfFile: 01-01-1601 05:30:00, FileAttributes: DNCI"
"01:52:07.2538182","LightingService.exe","6180","CloseFile","C:\ProgramData\ASUS\ROG Live Service\DeviceContent\0B0519B6","SUCCESS",""
"01:52:07.2538233","LightingService.exe","6180","IRP_MJ_CLOSE","C:\ProgramData\ASUS\ROG Live Service\DeviceContent\0B0519B6","SUCCESS",""
"01:52:07.2538463","LightingService.exe","6180","CreateFile","C:\ProgramData\ASUS\ROG Live Service\DeviceContent\0B0519B6","SUCCESS","Desired Access: Read Data/List Directory, Synchronize, Disposition: Open, Options: Directory, Synchronous IO Non-Alert, Attributes: n/a, ShareMode: Read, Write, Delete, AllocationSize: n/a, OpenResult: Opened"
"01:52:07.2538583","LightingService.exe","6180","QueryDirectory","C:\ProgramData\ASUS\ROG Live Service\DeviceContent\0B0519B6\*","SUCCESS","FileInformationClass: FileBothDirectoryInformation, Filter: *, 2: ."
"01:52:07.2538669","LightingService.exe","6180","QueryDirectory","C:\ProgramData\ASUS\ROG Live Service\DeviceContent\0B0519B6","SUCCESS","FileInformationClass: FileBothDirectoryInformation, 1: .., 2: 0B0519B6.csv"
"01:52:07.2538823","LightingService.exe","6180","QueryDirectory","C:\ProgramData\ASUS\ROG Live Service\DeviceContent\0B0519B6","NO MORE FILES","FileInformationClass: FileBothDirectoryInformation"
"01:52:07.2538938","LightingService.exe","6180","CloseFile","C:\ProgramData\ASUS\ROG Live Service\DeviceContent\0B0519B6","SUCCESS",""
"01:52:07.2539056","LightingService.exe","6180","IRP_MJ_CLOSE","C:\ProgramData\ASUS\ROG Live Service\DeviceContent\0B0519B6","SUCCESS",""
"01:52:07.2539505","LightingService.exe","6180","QueryOpen","C:\ProgramData\ASUS\ROG Live Service\DeviceContent\G615","FAST IO DISALLOWED",""
"01:52:07.2539706","LightingService.exe","6180","CreateFile","C:\ProgramData\ASUS\ROG Live Service\DeviceContent\G615","SUCCESS","Desired Access: Read Attributes, Disposition: Open, Options: Open Reparse Point, Attributes: n/a, ShareMode: Read, Write, Delete, AllocationSize: n/a, OpenResult: Opened"
"01:52:07.2539912","LightingService.exe","6180","QueryNetworkOpenInformationFile","C:\ProgramData\ASUS\ROG Live Service\DeviceContent\G615","SUCCESS","CreationTime: 15-08-2026 21:16:32, LastAccessTime: 16-08-2026 01:48:18, LastWriteTime: 15-08-2026 21:25:44, ChangeTime: 15-08-2026 21:25:44, AllocationSize: 01-01-1601 05:30:00, EndOfFile: 01-01-1601 05:30:00, FileAttributes: DNCI"
"01:52:07.2539962","LightingService.exe","6180","CloseFile","C:\ProgramData\ASUS\ROG Live Service\DeviceContent\G615","SUCCESS",""
"01:52:07.2540016","LightingService.exe","6180","IRP_MJ_CLOSE","C:\ProgramData\ASUS\ROG Live Service\DeviceContent\G615","SUCCESS",""
"01:52:07.2540263","LightingService.exe","6180","CreateFile","C:\ProgramData\ASUS\ROG Live Service\DeviceContent\G615","SUCCESS","Desired Access: Read Data/List Directory, Synchronize, Disposition: Open, Options: Directory, Synchronous IO Non-Alert, Attributes: n/a, ShareMode: Read, Write, Delete, AllocationSize: n/a, OpenResult: Opened"
"01:52:07.2540414","LightingService.exe","6180","QueryDirectory","C:\ProgramData\ASUS\ROG Live Service\DeviceContent\G615\*","SUCCESS","FileInformationClass: FileBothDirectoryInformation, Filter: *, 2: ."
"01:52:07.2540552","LightingService.exe","6180","QueryDirectory","C:\ProgramData\ASUS\ROG Live Service\DeviceContent\G615","SUCCESS","FileInformationClass: FileBothDirectoryInformation, 1: .., 2: config.ini, 3: G615LR.csv, 4: G615_US_0100.png, 5: G615_US_1100.png, 6: G615_US_PERKEY.csv"
"01:52:07.2541368","LightingService.exe","6180","QueryDirectory","C:\ProgramData\ASUS\ROG Live Service\DeviceContent\G615","NO MORE FILES","FileInformationClass: FileBothDirectoryInformation"
"01:52:07.2541454","LightingService.exe","6180","CloseFile","C:\ProgramData\ASUS\ROG Live Service\DeviceContent\G615","SUCCESS",""
"01:52:07.2541510","LightingService.exe","6180","IRP_MJ_CLOSE","C:\ProgramData\ASUS\ROG Live Service\DeviceContent\G615","SUCCESS",""
"01:52:07.2541586","LightingService.exe","6180","QueryDirectory","C:\ProgramData\ASUS\ROG Live Service\DeviceContent","NO MORE FILES","FileInformationClass: FileBothDirectoryInformation"
"01:52:07.2541635","LightingService.exe","6180","CloseFile","C:\ProgramData\ASUS\ROG Live Service\DeviceContent","SUCCESS",""
"01:52:07.2541681","LightingService.exe","6180","IRP_MJ_CLOSE","C:\ProgramData\ASUS\ROG Live Service\DeviceContent","SUCCESS",""
"01:52:07.2542018","LightingService.exe","6180","LockFile","C:\ProgramData\ASUS\ARMOURY CRATE Diagnosis\LightingService\LightingService.log","SUCCESS","Exclusive: True, Offset: 0, Length: 4294967295, Fail Immediately: False"
"01:52:07.2542058","LightingService.exe","6180","QueryStandardInformationFile","C:\ProgramData\ASUS\ARMOURY CRATE Diagnosis\LightingService\LightingService.log","SUCCESS","AllocationSize: 2555904, EndOfFile: 2481438, NumberOfLinks: 1, DeletePending: False, Directory: False"
"01:52:07.2542111","LightingService.exe","6180","WriteFile","C:\ProgramData\ASUS\ARMOURY CRATE Diagnosis\LightingService\LightingService.log","SUCCESS","Offset: 2481438, Length: 109"
"01:52:07.2542181","LightingService.exe","6180","UnlockFileSingle","C:\ProgramData\ASUS\ARMOURY CRATE Diagnosis\LightingService\LightingService.log","SUCCESS","Offset: 0, Length: 4294967295"
"01:52:07.2542967","LightingService.exe","6180","QueryOpen","C:\ProgramData\ASUS\ROG Live Service\DeviceContent","FAST IO DISALLOWED",""
"01:52:07.2543157","LightingService.exe","6180","CreateFile","C:\ProgramData\ASUS\ROG Live Service\DeviceContent","SUCCESS","Desired Access: Read Attributes, Disposition: Open, Options: Open Reparse Point, Attributes: n/a, ShareMode: Read, Write, Delete, AllocationSize: n/a, OpenResult: Opened"
"01:52:07.2543240","LightingService.exe","6180","QueryNetworkOpenInformationFile","C:\ProgramData\ASUS\ROG Live Service\DeviceContent","SUCCESS","CreationTime: 15-08-2026 21:16:32, LastAccessTime: 16-08-2026 01:52:07, LastWriteTime: 15-08-2026 21:16:38, ChangeTime: 15-08-2026 21:16:38, AllocationSize: 01-01-1601 05:30:00, EndOfFile: 01-01-1601 05:30:00, FileAttributes: DNCI"
"01:52:07.2543281","LightingService.exe","6180","CloseFile","C:\ProgramData\ASUS\ROG Live Service\DeviceContent","SUCCESS",""
"01:52:07.2543327","LightingService.exe","6180","IRP_MJ_CLOSE","C:\ProgramData\ASUS\ROG Live Service\DeviceContent","SUCCESS",""
"01:52:07.2543559","LightingService.exe","6180","CreateFile","C:\ProgramData\ASUS\ROG Live Service\DeviceContent","SUCCESS","Desired Access: Read Data/List Directory, Synchronize, Disposition: Open, Options: Directory, Synchronous IO Non-Alert, Attributes: n/a, ShareMode: Read, Write, Delete, AllocationSize: n/a, OpenResult: Opened"
"01:52:07.2543678","LightingService.exe","6180","QueryDirectory","C:\ProgramData\ASUS\ROG Live Service\DeviceContent\*","SUCCESS","FileInformationClass: FileBothDirectoryInformation, Filter: *, 2: ."
"01:52:07.2543761","LightingService.exe","6180","QueryDirectory","C:\ProgramData\ASUS\ROG Live Service\DeviceContent","SUCCESS","FileInformationClass: FileBothDirectoryInformation, 1: .., 2: 0B0519B6, 3: G615"
"01:52:07.2544004","LightingService.exe","6180","QueryOpen","C:\ProgramData\ASUS\ROG Live Service\DeviceContent\0B0519B6","FAST IO DISALLOWED",""
"01:52:07.2544175","LightingService.exe","6180","CreateFile","C:\ProgramData\ASUS\ROG Live Service\DeviceContent\0B0519B6","SUCCESS","Desired Access: Read Attributes, Disposition: Open, Options: Open Reparse Point, Attributes: n/a, ShareMode: Read, Write, Delete, AllocationSize: n/a, OpenResult: Opened"
"01:52:07.2544250","LightingService.exe","6180","QueryNetworkOpenInformationFile","C:\ProgramData\ASUS\ROG Live Service\DeviceContent\0B0519B6","SUCCESS","CreationTime: 15-08-2026 21:16:38, LastAccessTime: 16-08-2026 01:52:07, LastWriteTime: 16-08-2026 00:47:58, ChangeTime: 16-08-2026 00:47:58, AllocationSize: 01-01-1601 05:30:00, EndOfFile: 01-01-1601 05:30:00, FileAttributes: DNCI"
"01:52:07.2544288","LightingService.exe","6180","CloseFile","C:\ProgramData\ASUS\ROG Live Service\DeviceContent\0B0519B6","SUCCESS",""
"01:52:07.2544334","LightingService.exe","6180","IRP_MJ_CLOSE","C:\ProgramData\ASUS\ROG Live Service\DeviceContent\0B0519B6","SUCCESS",""
"01:52:07.2544546","LightingService.exe","6180","CreateFile","C:\ProgramData\ASUS\ROG Live Service\DeviceContent\0B0519B6","SUCCESS","Desired Access: Read Data/List Directory, Synchronize, Disposition: Open, Options: Directory, Synchronous IO Non-Alert, Attributes: n/a, ShareMode: Read, Write, Delete, AllocationSize: n/a, OpenResult: Opened"
"01:52:07.2544653","LightingService.exe","6180","QueryDirectory","C:\ProgramData\ASUS\ROG Live Service\DeviceContent\0B0519B6\*","SUCCESS","FileInformationClass: FileBothDirectoryInformation, Filter: *, 2: ."
"01:52:07.2544727","LightingService.exe","6180","QueryDirectory","C:\ProgramData\ASUS\ROG Live Service\DeviceContent\0B0519B6","SUCCESS","FileInformationClass: FileBothDirectoryInformation, 1: .., 2: 0B0519B6.csv"
"01:52:07.2544859","LightingService.exe","6180","QueryDirectory","C:\ProgramData\ASUS\ROG Live Service\DeviceContent\0B0519B6","NO MORE FILES","FileInformationClass: FileBothDirectoryInformation"
"01:52:07.2544909","LightingService.exe","6180","CloseFile","C:\ProgramData\ASUS\ROG Live Service\DeviceContent\0B0519B6","SUCCESS",""
"01:52:07.2544958","LightingService.exe","6180","IRP_MJ_CLOSE","C:\ProgramData\ASUS\ROG Live Service\DeviceContent\0B0519B6","SUCCESS",""
"01:52:07.2545170","LightingService.exe","6180","QueryOpen","C:\ProgramData\ASUS\ROG Live Service\DeviceContent\G615","FAST IO DISALLOWED",""
"01:52:07.2545337","LightingService.exe","6180","CreateFile","C:\ProgramData\ASUS\ROG Live Service\DeviceContent\G615","SUCCESS","Desired Access: Read Attributes, Disposition: Open, Options: Open Reparse Point, Attributes: n/a, ShareMode: Read, Write, Delete, AllocationSize: n/a, OpenResult: Opened"
"01:52:07.2545402","LightingService.exe","6180","QueryNetworkOpenInformationFile","C:\ProgramData\ASUS\ROG Live Service\DeviceContent\G615","SUCCESS","CreationTime: 15-08-2026 21:16:32, LastAccessTime: 16-08-2026 01:52:07, LastWriteTime: 15-08-2026 21:25:44, ChangeTime: 15-08-2026 21:25:44, AllocationSize: 01-01-1601 05:30:00, EndOfFile: 01-01-1601 05:30:00, FileAttributes: DNCI"
"01:52:07.2545441","LightingService.exe","6180","CloseFile","C:\ProgramData\ASUS\ROG Live Service\DeviceContent\G615","SUCCESS",""
"01:52:07.2545486","LightingService.exe","6180","IRP_MJ_CLOSE","C:\ProgramData\ASUS\ROG Live Service\DeviceContent\G615","SUCCESS",""
"01:52:07.2545688","LightingService.exe","6180","CreateFile","C:\ProgramData\ASUS\ROG Live Service\DeviceContent\G615","SUCCESS","Desired Access: Read Data/List Directory, Synchronize, Disposition: Open, Options: Directory, Synchronous IO Non-Alert, Attributes: n/a, ShareMode: Read, Write, Delete, AllocationSize: n/a, OpenResult: Opened"
"01:52:07.2545793","LightingService.exe","6180","QueryDirectory","C:\ProgramData\ASUS\ROG Live Service\DeviceContent\G615\*","SUCCESS","FileInformationClass: FileBothDirectoryInformation, Filter: *, 2: ."
"01:52:07.2545876","LightingService.exe","6180","QueryDirectory","C:\ProgramData\ASUS\ROG Live Service\DeviceContent\G615","SUCCESS","FileInformationClass: FileBothDirectoryInformation, 1: .., 2: config.ini, 3: G615LR.csv, 4: G615_US_0100.png, 5: G615_US_1100.png, 6: G615_US_PERKEY.csv"
"01:52:07.2547014","LightingService.exe","6180","QueryDirectory","C:\ProgramData\ASUS\ROG Live Service\DeviceContent\G615","NO MORE FILES","FileInformationClass: FileBothDirectoryInformation"
"01:52:07.2547067","LightingService.exe","6180","CloseFile","C:\ProgramData\ASUS\ROG Live Service\DeviceContent\G615","SUCCESS",""
"01:52:07.2547126","LightingService.exe","6180","IRP_MJ_CLOSE","C:\ProgramData\ASUS\ROG Live Service\DeviceContent\G615","SUCCESS",""
"01:52:07.2547194","LightingService.exe","6180","QueryDirectory","C:\ProgramData\ASUS\ROG Live Service\DeviceContent","NO MORE FILES","FileInformationClass: FileBothDirectoryInformation"
"01:52:07.2547237","LightingService.exe","6180","CloseFile","C:\ProgramData\ASUS\ROG Live Service\DeviceContent","SUCCESS",""
"01:52:07.2547278","LightingService.exe","6180","IRP_MJ_CLOSE","C:\ProgramData\ASUS\ROG Live Service\DeviceContent","SUCCESS",""
"01:52:07.2547553","LightingService.exe","6180","LockFile","C:\ProgramData\ASUS\ARMOURY CRATE Diagnosis\LightingService\LightingService.log","SUCCESS","Exclusive: True, Offset: 0, Length: 4294967295, Fail Immediately: False"
"01:52:07.2547592","LightingService.exe","6180","QueryStandardInformationFile","C:\ProgramData\ASUS\ARMOURY CRATE Diagnosis\LightingService\LightingService.log","SUCCESS","AllocationSize: 2555904, EndOfFile: 2481547, NumberOfLinks: 1, DeletePending: False, Directory: False"
"01:52:07.2547641","LightingService.exe","6180","WriteFile","C:\ProgramData\ASUS\ARMOURY CRATE Diagnosis\LightingService\LightingService.log","SUCCESS","Offset: 2481547, Length: 109"
"01:52:07.2547706","LightingService.exe","6180","UnlockFileSingle","C:\ProgramData\ASUS\ARMOURY CRATE Diagnosis\LightingService\LightingService.log","SUCCESS","Offset: 0, Length: 4294967295"
"01:52:07.2548116","LightingService.exe","6180","LockFile","C:\ProgramData\ASUS\ARMOURY CRATE Diagnosis\LightingService\LightingService.log","SUCCESS","Exclusive: True, Offset: 0, Length: 4294967295, Fail Immediately: False"
"01:52:07.2548146","LightingService.exe","6180","QueryStandardInformationFile","C:\ProgramData\ASUS\ARMOURY CRATE Diagnosis\LightingService\LightingService.log","SUCCESS","AllocationSize: 2555904, EndOfFile: 2481656, NumberOfLinks: 1, DeletePending: False, Directory: False"
"01:52:07.2548187","LightingService.exe","6180","WriteFile","C:\ProgramData\ASUS\ARMOURY CRATE Diagnosis\LightingService\LightingService.log","SUCCESS","Offset: 2481656, Length: 118"
"01:52:07.2548232","LightingService.exe","6180","UnlockFileSingle","C:\ProgramData\ASUS\ARMOURY CRATE Diagnosis\LightingService\LightingService.log","SUCCESS","Offset: 0, Length: 4294967295"
"01:52:07.2548439","LightingService.exe","6180","LockFile","C:\ProgramData\ASUS\ARMOURY CRATE Diagnosis\LightingService\LightingService.log","SUCCESS","Exclusive: True, Offset: 0, Length: 4294967295, Fail Immediately: False"
"01:52:07.2548493","LightingService.exe","6180","QueryStandardInformationFile","C:\ProgramData\ASUS\ARMOURY CRATE Diagnosis\LightingService\LightingService.log","SUCCESS","AllocationSize: 2555904, EndOfFile: 2481774, NumberOfLinks: 1, DeletePending: False, Directory: False"
"01:52:07.2548538","LightingService.exe","6180","WriteFile","C:\ProgramData\ASUS\ARMOURY CRATE Diagnosis\LightingService\LightingService.log","SUCCESS","Offset: 2481774, Length: 141"
"01:52:07.2548585","LightingService.exe","6180","UnlockFileSingle","C:\ProgramData\ASUS\ARMOURY CRATE Diagnosis\LightingService\LightingService.log","SUCCESS","Offset: 0, Length: 4294967295"
"01:52:07.2548982","LightingService.exe","6180","LockFile","C:\ProgramData\ASUS\ARMOURY CRATE Diagnosis\LightingService\LightingService.log","SUCCESS","Exclusive: True, Offset: 0, Length: 4294967295, Fail Immediately: False"
"01:52:07.2549013","LightingService.exe","6180","QueryStandardInformationFile","C:\ProgramData\ASUS\ARMOURY CRATE Diagnosis\LightingService\LightingService.log","SUCCESS","AllocationSize: 2555904, EndOfFile: 2481915, NumberOfLinks: 1, DeletePending: False, Directory: False"
"01:52:07.2549052","LightingService.exe","6180","WriteFile","C:\ProgramData\ASUS\ARMOURY CRATE Diagnosis\LightingService\LightingService.log","SUCCESS","Offset: 2481915, Length: 110"
"01:52:07.2549096","LightingService.exe","6180","UnlockFileSingle","C:\ProgramData\ASUS\ARMOURY CRATE Diagnosis\LightingService\LightingService.log","SUCCESS","Offset: 0, Length: 4294967295"
"01:52:07.2549294","LightingService.exe","6180","LockFile","C:\ProgramData\ASUS\ARMOURY CRATE Diagnosis\LightingService\LightingService.log","SUCCESS","Exclusive: True, Offset: 0, Length: 4294967295, Fail Immediately: False"
"01:52:07.2549323","LightingService.exe","6180","QueryStandardInformationFile","C:\ProgramData\ASUS\ARMOURY CRATE Diagnosis\LightingService\LightingService.log","SUCCESS","AllocationSize: 2555904, EndOfFile: 2482025, NumberOfLinks: 1, DeletePending: False, Directory: False"
"01:52:07.2549361","LightingService.exe","6180","WriteFile","C:\ProgramData\ASUS\ARMOURY CRATE Diagnosis\LightingService\LightingService.log","SUCCESS","Offset: 2482025, Length: 118"
"01:52:07.2549404","LightingService.exe","6180","UnlockFileSingle","C:\ProgramData\ASUS\ARMOURY CRATE Diagnosis\LightingService\LightingService.log","SUCCESS","Offset: 0, Length: 4294967295"
"01:52:07.2549577","LightingService.exe","6180","LockFile","C:\ProgramData\ASUS\ARMOURY CRATE Diagnosis\LightingService\LightingService.log","SUCCESS","Exclusive: True, Offset: 0, Length: 4294967295, Fail Immediately: False"
"01:52:07.2549607","LightingService.exe","6180","QueryStandardInformationFile","C:\ProgramData\ASUS\ARMOURY CRATE Diagnosis\LightingService\LightingService.log","SUCCESS","AllocationSize: 2555904, EndOfFile: 2482143, NumberOfLinks: 1, DeletePending: False, Directory: False"
"01:52:07.2549644","LightingService.exe","6180","WriteFile","C:\ProgramData\ASUS\ARMOURY CRATE Diagnosis\LightingService\LightingService.log","SUCCESS","Offset: 2482143, Length: 141"
"01:52:07.2549725","LightingService.exe","6180","UnlockFileSingle","C:\ProgramData\ASUS\ARMOURY CRATE Diagnosis\LightingService\LightingService.log","SUCCESS","Offset: 0, Length: 4294967295"
"01:52:07.2550030","LightingService.exe","6180","LockFile","C:\ProgramData\ASUS\ARMOURY CRATE Diagnosis\LightingService\LightingService.log","SUCCESS","Exclusive: True, Offset: 0, Length: 4294967295, Fail Immediately: False"
"01:52:07.2550060","LightingService.exe","6180","QueryStandardInformationFile","C:\ProgramData\ASUS\ARMOURY CRATE Diagnosis\LightingService\LightingService.log","SUCCESS","AllocationSize: 2555904, EndOfFile: 2482284, NumberOfLinks: 1, DeletePending: False, Directory: False"
"01:52:07.2550103","LightingService.exe","6180","WriteFile","C:\ProgramData\ASUS\ARMOURY CRATE Diagnosis\LightingService\LightingService.log","SUCCESS","Offset: 2482284, Length: 110"
"01:52:07.2550162","LightingService.exe","6180","UnlockFileSingle","C:\ProgramData\ASUS\ARMOURY CRATE Diagnosis\LightingService\LightingService.log","SUCCESS","Offset: 0, Length: 4294967295"
"01:52:07.2550325","LightingService.exe","6180","LockFile","C:\ProgramData\ASUS\ARMOURY CRATE Diagnosis\LightingService\LightingService.log","SUCCESS","Exclusive: True, Offset: 0, Length: 4294967295, Fail Immediately: False"
"01:52:07.2550354","LightingService.exe","6180","QueryStandardInformationFile","C:\ProgramData\ASUS\ARMOURY CRATE Diagnosis\LightingService\LightingService.log","SUCCESS","AllocationSize: 2555904, EndOfFile: 2482394, NumberOfLinks: 1, DeletePending: False, Directory: False"
"01:52:07.2550393","LightingService.exe","6180","WriteFile","C:\ProgramData\ASUS\ARMOURY CRATE Diagnosis\LightingService\LightingService.log","SUCCESS","Offset: 2482394, Length: 90"
"01:52:07.2550436","LightingService.exe","6180","UnlockFileSingle","C:\ProgramData\ASUS\ARMOURY CRATE Diagnosis\LightingService\LightingService.log","SUCCESS","Offset: 0, Length: 4294967295"
"01:52:07.2550612","LightingService.exe","6180","LockFile","C:\ProgramData\ASUS\ARMOURY CRATE Diagnosis\LightingService\LightingService.log","SUCCESS","Exclusive: True, Offset: 0, Length: 4294967295, Fail Immediately: False"
"01:52:07.2550642","LightingService.exe","6180","QueryStandardInformationFile","C:\ProgramData\ASUS\ARMOURY CRATE Diagnosis\LightingService\LightingService.log","SUCCESS","AllocationSize: 2555904, EndOfFile: 2482484, NumberOfLinks: 1, DeletePending: False, Directory: False"
"01:52:07.2550680","LightingService.exe","6180","WriteFile","C:\ProgramData\ASUS\ARMOURY CRATE Diagnosis\LightingService\LightingService.log","SUCCESS","Offset: 2482484, Length: 89"
"01:52:07.2550721","LightingService.exe","6180","UnlockFileSingle","C:\ProgramData\ASUS\ARMOURY CRATE Diagnosis\LightingService\LightingService.log","SUCCESS","Offset: 0, Length: 4294967295"
"01:52:07.2550877","LightingService.exe","6180","LockFile","C:\ProgramData\ASUS\ARMOURY CRATE Diagnosis\LightingService\LightingService.log","SUCCESS","Exclusive: True, Offset: 0, Length: 4294967295, Fail Immediately: False"
"01:52:07.2550905","LightingService.exe","6180","QueryStandardInformationFile","C:\ProgramData\ASUS\ARMOURY CRATE Diagnosis\LightingService\LightingService.log","SUCCESS","AllocationSize: 2555904, EndOfFile: 2482573, NumberOfLinks: 1, DeletePending: False, Directory: False"
"01:52:07.2550941","LightingService.exe","6180","WriteFile","C:\ProgramData\ASUS\ARMOURY CRATE Diagnosis\LightingService\LightingService.log","SUCCESS","Offset: 2482573, Length: 83"
"01:52:07.2550985","LightingService.exe","6180","UnlockFileSingle","C:\ProgramData\ASUS\ARMOURY CRATE Diagnosis\LightingService\LightingService.log","SUCCESS","Offset: 0, Length: 4294967295"
"01:52:07.2551210","LightingService.exe","6180","LockFile","C:\ProgramData\ASUS\ARMOURY CRATE Diagnosis\LightingService\LightingService.log","SUCCESS","Exclusive: True, Offset: 0, Length: 4294967295, Fail Immediately: False"
"01:52:07.2551240","LightingService.exe","6180","QueryStandardInformationFile","C:\ProgramData\ASUS\ARMOURY CRATE Diagnosis\LightingService\LightingService.log","SUCCESS","AllocationSize: 2555904, EndOfFile: 2482656, NumberOfLinks: 1, DeletePending: False, Directory: False"
"01:52:07.2551279","LightingService.exe","6180","WriteFile","C:\ProgramData\ASUS\ARMOURY CRATE Diagnosis\LightingService\LightingService.log","SUCCESS","Offset: 2482656, Length: 90"
"01:52:07.2551329","LightingService.exe","6180","UnlockFileSingle","C:\ProgramData\ASUS\ARMOURY CRATE Diagnosis\LightingService\LightingService.log","SUCCESS","Offset: 0, Length: 4294967295"
"01:52:07.2551529","LightingService.exe","6180","LockFile","C:\ProgramData\ASUS\ARMOURY CRATE Diagnosis\LightingService\LightingService.log","SUCCESS","Exclusive: True, Offset: 0, Length: 4294967295, Fail Immediately: False"
"01:52:07.2551558","LightingService.exe","6180","QueryStandardInformationFile","C:\ProgramData\ASUS\ARMOURY CRATE Diagnosis\LightingService\LightingService.log","SUCCESS","AllocationSize: 2555904, EndOfFile: 2482746, NumberOfLinks: 1, DeletePending: False, Directory: False"
"01:52:07.2551596","LightingService.exe","6180","WriteFile","C:\ProgramData\ASUS\ARMOURY CRATE Diagnosis\LightingService\LightingService.log","SUCCESS","Offset: 2482746, Length: 87"
"01:52:07.2551638","LightingService.exe","6180","UnlockFileSingle","C:\ProgramData\ASUS\ARMOURY CRATE Diagnosis\LightingService\LightingService.log","SUCCESS","Offset: 0, Length: 4294967295"
"01:52:07.2551810","LightingService.exe","6180","LockFile","C:\ProgramData\ASUS\ARMOURY CRATE Diagnosis\LightingService\LightingService.log","SUCCESS","Exclusive: True, Offset: 0, Length: 4294967295, Fail Immediately: False"
"01:52:07.2551839","LightingService.exe","6180","QueryStandardInformationFile","C:\ProgramData\ASUS\ARMOURY CRATE Diagnosis\LightingService\LightingService.log","SUCCESS","AllocationSize: 2555904, EndOfFile: 2482833, NumberOfLinks: 1, DeletePending: False, Directory: False"
"01:52:07.2551881","LightingService.exe","6180","WriteFile","C:\ProgramData\ASUS\ARMOURY CRATE Diagnosis\LightingService\LightingService.log","SUCCESS","Offset: 2482833, Length: 85"
"01:52:07.2551923","LightingService.exe","6180","UnlockFileSingle","C:\ProgramData\ASUS\ARMOURY CRATE Diagnosis\LightingService\LightingService.log","SUCCESS","Offset: 0, Length: 4294967295"
"01:52:07.2552103","LightingService.exe","6180","LockFile","C:\ProgramData\ASUS\ARMOURY CRATE Diagnosis\LightingService\LightingService.log","SUCCESS","Exclusive: True, Offset: 0, Length: 4294967295, Fail Immediately: False"
"01:52:07.2552134","LightingService.exe","6180","QueryStandardInformationFile","C:\ProgramData\ASUS\ARMOURY CRATE Diagnosis\LightingService\LightingService.log","SUCCESS","AllocationSize: 2555904, EndOfFile: 2482918, NumberOfLinks: 1, DeletePending: False, Directory: False"
"01:52:07.2552178","LightingService.exe","6180","WriteFile","C:\ProgramData\ASUS\ARMOURY CRATE Diagnosis\LightingService\LightingService.log","SUCCESS","Offset: 2482918, Length: 72"
"01:52:07.2552222","LightingService.exe","6180","UnlockFileSingle","C:\ProgramData\ASUS\ARMOURY CRATE Diagnosis\LightingService\LightingService.log","SUCCESS","Offset: 0, Length: 4294967295"
"01:52:07.2552540","LightingService.exe","6180","LockFile","C:\ProgramData\ASUS\ARMOURY CRATE Diagnosis\LightingService\LightingService.log","SUCCESS","Exclusive: True, Offset: 0, Length: 4294967295, Fail Immediately: False"
"01:52:07.2552571","LightingService.exe","6180","QueryStandardInformationFile","C:\ProgramData\ASUS\ARMOURY CRATE Diagnosis\LightingService\LightingService.log","SUCCESS","AllocationSize: 2555904, EndOfFile: 2482990, NumberOfLinks: 1, DeletePending: False, Directory: False"
"01:52:07.2552617","LightingService.exe","6180","WriteFile","C:\ProgramData\ASUS\ARMOURY CRATE Diagnosis\LightingService\LightingService.log","SUCCESS","Offset: 2482990, Length: 72"
"01:52:07.2552659","LightingService.exe","6180","UnlockFileSingle","C:\ProgramData\ASUS\ARMOURY CRATE Diagnosis\LightingService\LightingService.log","SUCCESS","Offset: 0, Length: 4294967295"
"01:52:07.2553267","LightingService.exe","6180","Thread Create","","SUCCESS","Thread ID: 34396"
"01:52:07.2553476","LightingService.exe","6180","LockFile","C:\ProgramData\ASUS\ARMOURY CRATE Diagnosis\LightingService\LightingService.log","SUCCESS","Exclusive: True, Offset: 0, Length: 4294967295, Fail Immediately: False"
"01:52:07.2553506","LightingService.exe","6180","QueryStandardInformationFile","C:\ProgramData\ASUS\ARMOURY CRATE Diagnosis\LightingService\LightingService.log","SUCCESS","AllocationSize: 2555904, EndOfFile: 2483062, NumberOfLinks: 1, DeletePending: False, Directory: False"
"01:52:07.2553545","LightingService.exe","6180","WriteFile","C:\ProgramData\ASUS\ARMOURY CRATE Diagnosis\LightingService\LightingService.log","SUCCESS","Offset: 2483062, Length: 70"
"01:52:07.2553593","LightingService.exe","6180","UnlockFileSingle","C:\ProgramData\ASUS\ARMOURY CRATE Diagnosis\LightingService\LightingService.log","SUCCESS","Offset: 0, Length: 4294967295"
"01:52:07.2553749","LightingService.exe","6180","LockFile","C:\ProgramData\ASUS\ARMOURY CRATE Diagnosis\LightingService\LightingService.log","SUCCESS","Exclusive: True, Offset: 0, Length: 4294967295, Fail Immediately: False"
"01:52:07.2553777","LightingService.exe","6180","QueryStandardInformationFile","C:\ProgramData\ASUS\ARMOURY CRATE Diagnosis\LightingService\LightingService.log","SUCCESS","AllocationSize: 2555904, EndOfFile: 2483132, NumberOfLinks: 1, DeletePending: False, Directory: False"
"01:52:07.2553813","LightingService.exe","6180","WriteFile","C:\ProgramData\ASUS\ARMOURY CRATE Diagnosis\LightingService\LightingService.log","SUCCESS","Offset: 2483132, Length: 95"
"01:52:07.2553865","LightingService.exe","6180","UnlockFileSingle","C:\ProgramData\ASUS\ARMOURY CRATE Diagnosis\LightingService\LightingService.log","SUCCESS","Offset: 0, Length: 4294967295"
"01:52:07.2554151","LightingService.exe","6180","Thread Create","","SUCCESS","Thread ID: 9760"
"01:52:07.2554335","LightingService.exe","6180","LockFile","C:\ProgramData\ASUS\ARMOURY CRATE Diagnosis\LightingService\LightingService.log","SUCCESS","Exclusive: True, Offset: 0, Length: 4294967295, Fail Immediately: False"
"01:52:07.2554367","LightingService.exe","6180","QueryStandardInformationFile","C:\ProgramData\ASUS\ARMOURY CRATE Diagnosis\LightingService\LightingService.log","SUCCESS","AllocationSize: 2555904, EndOfFile: 2483227, NumberOfLinks: 1, DeletePending: False, Directory: False"
"01:52:07.2554405","LightingService.exe","6180","WriteFile","C:\ProgramData\ASUS\ARMOURY CRATE Diagnosis\LightingService\LightingService.log","SUCCESS","Offset: 2483227, Length: 68"
"01:52:07.2554452","LightingService.exe","6180","UnlockFileSingle","C:\ProgramData\ASUS\ARMOURY CRATE Diagnosis\LightingService\LightingService.log","SUCCESS","Offset: 0, Length: 4294967295"
"01:52:07.2554609","LightingService.exe","6180","LockFile","C:\ProgramData\ASUS\ARMOURY CRATE Diagnosis\LightingService\LightingService.log","SUCCESS","Exclusive: True, Offset: 0, Length: 4294967295, Fail Immediately: False"
"01:52:07.2554640","LightingService.exe","6180","QueryStandardInformationFile","C:\ProgramData\ASUS\ARMOURY CRATE Diagnosis\LightingService\LightingService.log","SUCCESS","AllocationSize: 2555904, EndOfFile: 2483295, NumberOfLinks: 1, DeletePending: False, Directory: False"
"01:52:07.2554680","LightingService.exe","6180","WriteFile","C:\ProgramData\ASUS\ARMOURY CRATE Diagnosis\LightingService\LightingService.log","SUCCESS","Offset: 2483295, Length: 130"
"01:52:07.2554727","LightingService.exe","6180","UnlockFileSingle","C:\ProgramData\ASUS\ARMOURY CRATE Diagnosis\LightingService\LightingService.log","SUCCESS","Offset: 0, Length: 4294967295"
"01:52:07.2554877","LightingService.exe","6180","LockFile","C:\ProgramData\ASUS\ARMOURY CRATE Diagnosis\LightingService\LightingService.log","SUCCESS","Exclusive: True, Offset: 0, Length: 4294967295, Fail Immediately: False"
"01:52:07.2554907","LightingService.exe","6180","QueryStandardInformationFile","C:\ProgramData\ASUS\ARMOURY CRATE Diagnosis\LightingService\LightingService.log","SUCCESS","AllocationSize: 2555904, EndOfFile: 2483425, NumberOfLinks: 1, DeletePending: False, Directory: False"
"01:52:07.2554944","LightingService.exe","6180","WriteFile","C:\ProgramData\ASUS\ARMOURY CRATE Diagnosis\LightingService\LightingService.log","SUCCESS","Offset: 2483425, Length: 124"
"01:52:07.2555013","LightingService.exe","6180","UnlockFileSingle","C:\ProgramData\ASUS\ARMOURY CRATE Diagnosis\LightingService\LightingService.log","SUCCESS","Offset: 0, Length: 4294967295"
"01:52:07.2555058","LightingService.exe","6180","CreateFile","C:\Program Files (x86)\LightingService\AuraHueWrapper.dll","SUCCESS","Desired Access: Generic Read, Disposition: Open, Options: Sequential Access, Synchronous IO Non-Alert, Non-Directory File, Attributes: n/a, ShareMode: Read, AllocationSize: n/a, OpenResult: Opened"
"01:52:07.2555462","LightingService.exe","6180","QueryOpen","C:\Program Files (x86)\LightingService\script","FAST IO DISALLOWED",""
"01:52:07.2555506","LightingService.exe","6180","QueryStandardInformationFile","C:\Program Files (x86)\LightingService\AuraHueWrapper.dll","SUCCESS","AllocationSize: 53248, EndOfFile: 50480, NumberOfLinks: 1, DeletePending: False, Directory: False"
"01:52:07.2555636","LightingService.exe","6180","CreateFileMapping","C:\Program Files (x86)\LightingService\AuraHueWrapper.dll","FILE LOCKED WITH ONLY READERS","SyncType: SyncTypeCreateSection, PageProtection: PAGE_READONLY"
"01:52:07.2555701","LightingService.exe","6180","CreateFile","C:\Program Files (x86)\LightingService\script","SUCCESS","Desired Access: Read Attributes, Disposition: Open, Options: Open Reparse Point, Attributes: n/a, ShareMode: Read, Write, Delete, AllocationSize: n/a, OpenResult: Opened"
"01:52:07.2555747","LightingService.exe","6180","QueryStandardInformationFile","C:\Program Files (x86)\LightingService\AuraHueWrapper.dll","SUCCESS","AllocationSize: 53248, EndOfFile: 50480, NumberOfLinks: 1, DeletePending: False, Directory: False"
"01:52:07.2555816","LightingService.exe","6180","FASTIO_RELEASE_FOR_SECTION_SYNCHRONIZATION","C:\Program Files (x86)\LightingService\AuraHueWrapper.dll","SUCCESS",""
"01:52:07.2555831","LightingService.exe","6180","QueryBasicInformationFile","C:\Program Files (x86)\LightingService\script","SUCCESS","CreationTime: 15-08-2026 21:16:31, LastAccessTime: 16-08-2026 01:52:07, LastWriteTime: 15-08-2026 21:31:40, ChangeTime: 15-08-2026 21:31:40, FileAttributes: D"
"01:52:07.2555879","LightingService.exe","6180","CreateFileMapping","C:\Program Files (x86)\LightingService\AuraHueWrapper.dll","SUCCESS","SyncType: SyncTypeOther"
"01:52:07.2555940","LightingService.exe","6180","CloseFile","C:\Program Files (x86)\LightingService\script","SUCCESS",""
"01:52:07.2555974","LightingService.exe","6180","FASTIO_RELEASE_FOR_SECTION_SYNCHRONIZATION","C:\Program Files (x86)\LightingService\AuraHueWrapper.dll","SUCCESS",""
"01:52:07.2556109","LightingService.exe","6180","IRP_MJ_CLOSE","C:\Program Files (x86)\LightingService\script","SUCCESS",""
"01:52:07.2556183","LightingService.exe","6180","CloseFile","C:\Program Files (x86)\LightingService\AuraHueWrapper.dll","SUCCESS",""
"01:52:07.2556307","LightingService.exe","6180","IRP_MJ_CLOSE","C:\Program Files (x86)\LightingService\AuraHueWrapper.dll","SUCCESS",""
"01:52:07.2556598","LightingService.exe","6180","CreateFile","C:\Program Files (x86)\LightingService\script\LastScript.xml","SUCCESS","Desired Access: Generic Write, Read Attributes, Disposition: OverwriteIf, Options: Write Through, Synchronous IO Non-Alert, Non-Directory File, Attributes: n/a, ShareMode: Read, AllocationSize: 0, OpenResult: Overwritten"
"01:52:07.2557003","LightingService.exe","6180","CreateFile","C:\Program Files (x86)\LightingService\AuraHueWrapper.dll","SUCCESS","Desired Access: Generic Read, Disposition: Open, Options: Sequential Access, Synchronous IO Non-Alert, Non-Directory File, Attributes: n/a, ShareMode: Read, AllocationSize: n/a, OpenResult: Opened"
"01:52:07.2557064","LightingService.exe","6180","WriteFile","C:\$LogFile","SUCCESS","Offset: 61440, Length: 12288, I/O Flags: Non-cached, Paging I/O, Synchronous Paging I/O, Priority: Normal"
"01:52:07.2557245","LightingService.exe","6180","QueryStandardInformationFile","C:\Program Files (x86)\LightingService\AuraHueWrapper.dll","SUCCESS","AllocationSize: 53248, EndOfFile: 50480, NumberOfLinks: 1, DeletePending: False, Directory: False"
"01:52:07.2557322","LightingService.exe","6180","CreateFileMapping","C:\Program Files (x86)\LightingService\AuraHueWrapper.dll","FILE LOCKED WITH ONLY READERS","SyncType: SyncTypeCreateSection, PageProtection: PAGE_READONLY"
"01:52:07.2557387","LightingService.exe","6180","QueryStandardInformationFile","C:\Program Files (x86)\LightingService\AuraHueWrapper.dll","SUCCESS","AllocationSize: 53248, EndOfFile: 50480, NumberOfLinks: 1, DeletePending: False, Directory: False"
"01:52:07.2557443","LightingService.exe","6180","FASTIO_RELEASE_FOR_SECTION_SYNCHRONIZATION","C:\Program Files (x86)\LightingService\AuraHueWrapper.dll","SUCCESS",""
"01:52:07.2557488","LightingService.exe","6180","CreateFileMapping","C:\Program Files (x86)\LightingService\AuraHueWrapper.dll","SUCCESS","SyncType: SyncTypeOther"
"01:52:07.2557533","LightingService.exe","6180","FASTIO_RELEASE_FOR_SECTION_SYNCHRONIZATION","C:\Program Files (x86)\LightingService\AuraHueWrapper.dll","SUCCESS",""
"01:52:07.2557667","LightingService.exe","6180","CloseFile","C:\Program Files (x86)\LightingService\AuraHueWrapper.dll","SUCCESS",""
"01:52:07.2557761","LightingService.exe","6180","IRP_MJ_CLOSE","C:\Program Files (x86)\LightingService\AuraHueWrapper.dll","SUCCESS",""
"01:52:07.2558002","LightingService.exe","6180","FASTIO_ACQUIRE_FOR_CC_FLUSH","C:\$LogFile","SUCCESS",""
"01:52:07.2558037","LightingService.exe","6180","WriteFile","C:\$LogFile","SUCCESS","Offset: 13701120, Length: 65536, I/O Flags: Non-cached, Paging I/O, Synchronous Paging I/O, Priority: Normal"
"01:52:07.2558076","LightingService.exe","6180","RegQueryKey","HKU\.DEFAULT","SUCCESS","Query: HandleTags, HandleTags: 0x0"
"01:52:07.2558149","LightingService.exe","6180","RegQueryKey","HKU\.DEFAULT","SUCCESS","Query: Name"
"01:52:07.2558263","LightingService.exe","6180","RegOpenKey","HKU\.DEFAULT\Software\Microsoft\.NETFramework","NAME NOT FOUND","Desired Access: Read"
"01:52:07.2558403","LightingService.exe","6180","RegQueryKey","HKLM","SUCCESS","Query: HandleTags, HandleTags: 0x0"
"01:52:07.2558418","LightingService.exe","6180","FASTIO_RELEASE_FOR_CC_FLUSH","C:\$LogFile","SUCCESS",""
"01:52:07.2558484","LightingService.exe","6180","WriteFile","C:\$LogFile","SUCCESS","Offset: 73728, Length: 4096, I/O Flags: Non-cached, Paging I/O, Synchronous Paging I/O, Priority: Normal"
"01:52:07.2558574","LightingService.exe","6180","RegQueryKey","HKLM","SUCCESS","Query: Name"
"01:52:07.2558715","LightingService.exe","6180","RegOpenKey","HKLM\Software\WOW6432Node\Microsoft\.NETFramework","SUCCESS","Desired Access: Read"
"01:52:07.2558825","LightingService.exe","6180","WriteFile","C:\$LogFile","SUCCESS","Offset: 8192, Length: 4096, I/O Flags: Non-cached, Paging I/O, Synchronous Paging I/O, Priority: Normal"
"01:52:07.2558888","LightingService.exe","6180","RegSetInfoKey","HKLM\SOFTWARE\WOW6432Node\Microsoft\.NETFramework","SUCCESS","KeySetInformationClass: KeySetHandleTagsInformation, Length: 0"
"01:52:07.2559139","LightingService.exe","6180","WriteFile","C:\Program Files (x86)\LightingService\script\LastScript.xml","SUCCESS","Offset: 0, Length: 4908, I/O Flags: Write Through, Priority: Normal"
"01:52:07.2559232","LightingService.exe","6180","WriteFile","C:\$LogFile","SUCCESS","Offset: 73728, Length: 4096, I/O Flags: Non-cached, Paging I/O, Synchronous Paging I/O, Priority: Normal"
"01:52:07.2559525","LightingService.exe","6180","WriteFile","C:\$LogFile","SUCCESS","Offset: 8192, Length: 4096, I/O Flags: Non-cached, Paging I/O, Synchronous Paging I/O, Priority: Normal"
"01:52:07.2559672","LightingService.exe","6180","CreateFile","C:\Program Files (x86)\LightingService\AuraHueWrapper.dll.config","NAME NOT FOUND","Desired Access: Generic Read, Disposition: Open, Options: Synchronous IO Non-Alert, Non-Directory File, Attributes: N, ShareMode: Read, AllocationSize: n/a"
"01:52:07.2559841","LightingService.exe","6180","FASTIO_ACQUIRE_FOR_CC_FLUSH","C:\Program Files (x86)\LightingService\script\LastScript.xml","SUCCESS",""
"01:52:07.2559862","LightingService.exe","6180","WriteFile","C:\Program Files (x86)\LightingService\script\LastScript.xml","SUCCESS","Offset: 0, Length: 4096, I/O Flags: Non-cached, Paging I/O, Synchronous Paging I/O, Write Through, Priority: Normal"
"01:52:07.2560027","LightingService.exe","6180","WriteFile","C:\Program Files (x86)\LightingService\script\LastScript.xml","SUCCESS","Offset: 4096, Length: 4096, I/O Flags: Non-cached, Paging I/O, Synchronous Paging I/O, Write Through, Priority: Normal"
"01:52:07.2560165","LightingService.exe","6180","FASTIO_RELEASE_FOR_CC_FLUSH","C:\Program Files (x86)\LightingService\script\LastScript.xml","SUCCESS",""
"01:52:07.2560183","LightingService.exe","6180","FASTIO_ACQUIRE_FOR_CC_FLUSH","C:\Program Files (x86)\LightingService\script\LastScript.xml","SUCCESS",""
"01:52:07.2560199","LightingService.exe","6180","FASTIO_RELEASE_FOR_CC_FLUSH","C:\Program Files (x86)\LightingService\script\LastScript.xml","SUCCESS",""
"01:52:07.2560244","LightingService.exe","6180","WriteFile","C:\$LogFile","SUCCESS","Offset: 73728, Length: 4096, I/O Flags: Non-cached, Paging I/O, Synchronous Paging I/O, Priority: Normal"
"01:52:07.2560296","LightingService.exe","6180","CreateFile","C:\Program Files (x86)\LightingService\AuraHueWrapper.dll","SUCCESS","Desired Access: Generic Read, Disposition: Open, Options: Sequential Access, Synchronous IO Non-Alert, Non-Directory File, Attributes: n/a, ShareMode: Read, AllocationSize: n/a, OpenResult: Opened"
"01:52:07.2560451","LightingService.exe","6180","CloseFile","C:\Program Files (x86)\LightingService\script\LastScript.xml","SUCCESS",""
"01:52:07.2560552","LightingService.exe","6180","QueryStandardInformationFile","C:\Program Files (x86)\LightingService\AuraHueWrapper.dll","SUCCESS","AllocationSize: 53248, EndOfFile: 50480, NumberOfLinks: 1, DeletePending: False, Directory: False"
"01:52:07.2560651","LightingService.exe","6180","CreateFileMapping","C:\Program Files (x86)\LightingService\AuraHueWrapper.dll","FILE LOCKED WITH ONLY READERS","SyncType: SyncTypeCreateSection, PageProtection: PAGE_READONLY"
"01:52:07.2560697","LightingService.exe","6180","WriteFile","C:\$LogFile","SUCCESS","Offset: 8192, Length: 4096, I/O Flags: Non-cached, Paging I/O, Synchronous Paging I/O, Priority: Normal"
"01:52:07.2560734","LightingService.exe","6180","QueryStandardInformationFile","C:\Program Files (x86)\LightingService\AuraHueWrapper.dll","SUCCESS","AllocationSize: 53248, EndOfFile: 50480, NumberOfLinks: 1, DeletePending: False, Directory: False"
"01:52:07.2560799","LightingService.exe","6180","FASTIO_RELEASE_FOR_SECTION_SYNCHRONIZATION","C:\Program Files (x86)\LightingService\AuraHueWrapper.dll","SUCCESS",""
"01:52:07.2560854","LightingService.exe","6180","CreateFileMapping","C:\Program Files (x86)\LightingService\AuraHueWrapper.dll","SUCCESS","SyncType: SyncTypeOther"
"01:52:07.2560903","LightingService.exe","6180","FASTIO_RELEASE_FOR_SECTION_SYNCHRONIZATION","C:\Program Files (x86)\LightingService\AuraHueWrapper.dll","SUCCESS",""
"01:52:07.2561083","LightingService.exe","6180","CloseFile","C:\Program Files (x86)\LightingService\AuraHueWrapper.dll","SUCCESS",""
"01:52:07.2561198","LightingService.exe","6180","IRP_MJ_CLOSE","C:\Program Files (x86)\LightingService\AuraHueWrapper.dll","SUCCESS",""
"01:52:07.2561386","LightingService.exe","6180","LockFile","C:\ProgramData\ASUS\ARMOURY CRATE Diagnosis\LightingService\LightingService.log","SUCCESS","Exclusive: True, Offset: 0, Length: 4294967295, Fail Immediately: False"
"01:52:07.2561439","LightingService.exe","6180","QueryStandardInformationFile","C:\ProgramData\ASUS\ARMOURY CRATE Diagnosis\LightingService\LightingService.log","SUCCESS","AllocationSize: 2555904, EndOfFile: 2483549, NumberOfLinks: 1, DeletePending: False, Directory: False"
"01:52:07.2561500","LightingService.exe","6180","WriteFile","C:\ProgramData\ASUS\ARMOURY CRATE Diagnosis\LightingService\LightingService.log","SUCCESS","Offset: 2483549, Length: 114"
"01:52:07.2561572","LightingService.exe","6180","UnlockFileSingle","C:\ProgramData\ASUS\ARMOURY CRATE Diagnosis\LightingService\LightingService.log","SUCCESS","Offset: 0, Length: 4294967295"
"01:52:07.2561798","LightingService.exe","6180","CreateFile","C:\Program Files (x86)\LightingService\AuraHueWrapper.dll","SUCCESS","Desired Access: Generic Read, Disposition: Open, Options: Sequential Access, Synchronous IO Non-Alert, Non-Directory File, Attributes: n/a, ShareMode: Read, AllocationSize: n/a, OpenResult: Opened"
"01:52:07.2561855","LightingService.exe","6180","LockFile","C:\ProgramData\ASUS\ARMOURY CRATE Diagnosis\LightingService\LightingService.log","SUCCESS","Exclusive: True, Offset: 0, Length: 4294967295, Fail Immediately: False"
"01:52:07.2561888","LightingService.exe","6180","QueryStandardInformationFile","C:\ProgramData\ASUS\ARMOURY CRATE Diagnosis\LightingService\LightingService.log","SUCCESS","AllocationSize: 2555904, EndOfFile: 2483663, NumberOfLinks: 1, DeletePending: False, Directory: False"
"01:52:07.2561933","LightingService.exe","6180","WriteFile","C:\ProgramData\ASUS\ARMOURY CRATE Diagnosis\LightingService\LightingService.log","SUCCESS","Offset: 2483663, Length: 109"
"01:52:07.2561985","LightingService.exe","6180","UnlockFileSingle","C:\ProgramData\ASUS\ARMOURY CRATE Diagnosis\LightingService\LightingService.log","SUCCESS","Offset: 0, Length: 4294967295"
"01:52:07.2562007","LightingService.exe","6180","QueryStandardInformationFile","C:\Program Files (x86)\LightingService\AuraHueWrapper.dll","SUCCESS","AllocationSize: 53248, EndOfFile: 50480, NumberOfLinks: 1, DeletePending: False, Directory: False"
"01:52:07.2562082","LightingService.exe","6180","CreateFileMapping","C:\Program Files (x86)\LightingService\AuraHueWrapper.dll","FILE LOCKED WITH ONLY READERS","SyncType: SyncTypeCreateSection, PageProtection: PAGE_READONLY"
"01:52:07.2562149","LightingService.exe","6180","QueryStandardInformationFile","C:\Program Files (x86)\LightingService\AuraHueWrapper.dll","SUCCESS","AllocationSize: 53248, EndOfFile: 50480, NumberOfLinks: 1, DeletePending: False, Directory: False"
"01:52:07.2562160","LightingService.exe","6180","LockFile","C:\ProgramData\ASUS\ARMOURY CRATE Diagnosis\LightingService\LightingService.log","SUCCESS","Exclusive: True, Offset: 0, Length: 4294967295, Fail Immediately: False"
"01:52:07.2562192","LightingService.exe","6180","QueryStandardInformationFile","C:\ProgramData\ASUS\ARMOURY CRATE Diagnosis\LightingService\LightingService.log","SUCCESS","AllocationSize: 2555904, EndOfFile: 2483772, NumberOfLinks: 1, DeletePending: False, Directory: False"
"01:52:07.2562213","LightingService.exe","6180","FASTIO_RELEASE_FOR_SECTION_SYNCHRONIZATION","C:\Program Files (x86)\LightingService\AuraHueWrapper.dll","SUCCESS",""
"01:52:07.2562236","LightingService.exe","6180","WriteFile","C:\ProgramData\ASUS\ARMOURY CRATE Diagnosis\LightingService\LightingService.log","SUCCESS","Offset: 2483772, Length: 125"
"01:52:07.2562263","LightingService.exe","6180","CreateFileMapping","C:\Program Files (x86)\LightingService\AuraHueWrapper.dll","SUCCESS","SyncType: SyncTypeOther"
"01:52:07.2562285","LightingService.exe","6180","UnlockFileSingle","C:\ProgramData\ASUS\ARMOURY CRATE Diagnosis\LightingService\LightingService.log","SUCCESS","Offset: 0, Length: 4294967295"
"01:52:07.2562313","LightingService.exe","6180","FASTIO_RELEASE_FOR_SECTION_SYNCHRONIZATION","C:\Program Files (x86)\LightingService\AuraHueWrapper.dll","SUCCESS",""
"01:52:07.2562449","LightingService.exe","6180","CloseFile","C:\Program Files (x86)\LightingService\AuraHueWrapper.dll","SUCCESS",""
"01:52:07.2562474","LightingService.exe","6180","LockFile","C:\ProgramData\ASUS\ARMOURY CRATE Diagnosis\LightingService\LightingService.log","SUCCESS","Exclusive: True, Offset: 0, Length: 4294967295, Fail Immediately: False"
"01:52:07.2562505","LightingService.exe","6180","QueryStandardInformationFile","C:\ProgramData\ASUS\ARMOURY CRATE Diagnosis\LightingService\LightingService.log","SUCCESS","AllocationSize: 2555904, EndOfFile: 2483897, NumberOfLinks: 1, DeletePending: False, Directory: False"
"01:52:07.2562544","LightingService.exe","6180","IRP_MJ_CLOSE","C:\Program Files (x86)\LightingService\AuraHueWrapper.dll","SUCCESS",""
"01:52:07.2562549","LightingService.exe","6180","WriteFile","C:\ProgramData\ASUS\ARMOURY CRATE Diagnosis\LightingService\LightingService.log","SUCCESS","Offset: 2483897, Length: 144"
"01:52:07.2562598","LightingService.exe","6180","UnlockFileSingle","C:\ProgramData\ASUS\ARMOURY CRATE Diagnosis\LightingService\LightingService.log","SUCCESS","Offset: 0, Length: 4294967295"
"01:52:07.2562817","LightingService.exe","6180","RegQueryKey","HKLM\SOFTWARE\WOW6432Node\Microsoft\.NETFramework","SUCCESS","Query: HandleTags, HandleTags: 0x400"
"01:52:07.2562849","LightingService.exe","6180","LockFile","C:\ProgramData\ASUS\ARMOURY CRATE Diagnosis\LightingService\LightingService.log","SUCCESS","Exclusive: True, Offset: 0, Length: 4294967295, Fail Immediately: False"
"01:52:07.2562895","LightingService.exe","6180","RegOpenKey","HKLM\SOFTWARE\WOW6432Node\Microsoft\.NETFramework\Policy\Standards","SUCCESS","Desired Access: Read"
"01:52:07.2562935","LightingService.exe","6180","QueryStandardInformationFile","C:\ProgramData\ASUS\ARMOURY CRATE Diagnosis\LightingService\LightingService.log","SUCCESS","AllocationSize: 2555904, EndOfFile: 2484041, NumberOfLinks: 1, DeletePending: False, Directory: False"
"01:52:07.2562999","LightingService.exe","6180","WriteFile","C:\ProgramData\ASUS\ARMOURY CRATE Diagnosis\LightingService\LightingService.log","SUCCESS","Offset: 2484041, Length: 138"
"01:52:07.2563030","LightingService.exe","6180","RegQueryKey","HKLM\SOFTWARE\WOW6432Node\Microsoft\.NETFramework\policy\standards","SUCCESS","Query: HandleTags, HandleTags: 0x400"
"01:52:07.2563071","LightingService.exe","6180","UnlockFileSingle","C:\ProgramData\ASUS\ARMOURY CRATE Diagnosis\LightingService\LightingService.log","SUCCESS","Offset: 0, Length: 4294967295"
"01:52:07.2563089","LightingService.exe","6180","RegOpenKey","HKLM\SOFTWARE\WOW6432Node\Microsoft\.NETFramework\policy\standards\v4.0.30319","NAME NOT FOUND","Desired Access: Read"
"01:52:07.2563180","LightingService.exe","6180","RegCloseKey","HKLM\SOFTWARE\WOW6432Node\Microsoft\.NETFramework\policy\standards","SUCCESS",""
"01:52:07.2563367","LightingService.exe","6180","RegQueryKey","HKLM","SUCCESS","Query: HandleTags, HandleTags: 0x0"
"01:52:07.2563434","LightingService.exe","6180","RegQueryKey","HKLM","SUCCESS","Query: Name"
"01:52:07.2563533","LightingService.exe","6180","RegOpenKey","HKLM\SOFTWARE\WOW6432Node\Microsoft\Fusion","SUCCESS","Desired Access: Read"
"01:52:07.2563636","LightingService.exe","6180","RegSetInfoKey","HKLM\SOFTWARE\WOW6432Node\Microsoft\Fusion","SUCCESS","KeySetInformationClass: KeySetHandleTagsInformation, Length: 0"
"01:52:07.2563708","LightingService.exe","6180","RegQueryValue","HKLM\SOFTWARE\WOW6432Node\Microsoft\Fusion\NoClientChecks","NAME NOT FOUND","Length: 16"
"01:52:07.2563779","LightingService.exe","6180","RegCloseKey","HKLM\SOFTWARE\WOW6432Node\Microsoft\Fusion","SUCCESS",""
"01:52:07.2564478","LightingService.exe","6180","QueryOpen","C:\Windows\Microsoft.NET\Framework\v4.0.30319\clr.dll","FAST IO DISALLOWED",""
"01:52:07.2564836","LightingService.exe","6180","CreateFile","C:\Windows\Microsoft.NET\Framework\v4.0.30319\clr.dll","SUCCESS","Desired Access: Read Attributes, Disposition: Open, Options: Open Reparse Point, Attributes: n/a, ShareMode: Read, Write, Delete, AllocationSize: n/a, OpenResult: Opened"
"01:52:07.2565119","LightingService.exe","6180","QueryBasicInformationFile","C:\Windows\Microsoft.NET\Framework\v4.0.30319\clr.dll","SUCCESS","CreationTime: 26-11-2025 09:17:59, LastAccessTime: 16-08-2026 01:51:51, LastWriteTime: 17-09-2025 03:22:40, ChangeTime: 26-11-2025 09:18:43, FileAttributes: A"
"01:52:07.2565191","LightingService.exe","6180","CloseFile","C:\Windows\Microsoft.NET\Framework\v4.0.30319\clr.dll","SUCCESS",""
"01:52:07.2565299","LightingService.exe","6180","IRP_MJ_CLOSE","C:\Windows\Microsoft.NET\Framework\v4.0.30319\clr.dll","SUCCESS",""
"01:52:07.2565498","LightingService.exe","6180","RegOpenKey","HKLM\Software\WOW6432Node\Policies\Microsoft\MUI\Settings","REPARSE","Desired Access: Read"
"01:52:07.2565600","LightingService.exe","6180","RegOpenKey","HKLM\SOFTWARE\Policies\Microsoft\MUI\Settings","NAME NOT FOUND","Desired Access: Read"
"01:52:07.2565718","LightingService.exe","6180","RegOpenKey","HKU\S-1-5-18","REPARSE","Desired Access: Maximum Allowed"
"01:52:07.2565793","LightingService.exe","6180","RegOpenKey","HKU\.DEFAULT","SUCCESS","Desired Access: Maximum Allowed, Granted Access: All Access"
"01:52:07.2565912","LightingService.exe","6180","RegQueryKey","HKU\.DEFAULT","SUCCESS","Query: HandleTags, HandleTags: 0x0"
"01:52:07.2565962","LightingService.exe","6180","RegQueryKey","HKU\.DEFAULT","SUCCESS","Query: Name"
"01:52:07.2566038","LightingService.exe","6180","RegOpenKey","HKU\.DEFAULT\Software\Policies\Microsoft\Control Panel\Desktop","NAME NOT FOUND","Desired Access: Read"
"01:52:07.2566145","LightingService.exe","6180","RegQueryKey","HKU\.DEFAULT","SUCCESS","Query: HandleTags, HandleTags: 0x0"
"01:52:07.2566191","LightingService.exe","6180","RegQueryKey","HKU\.DEFAULT","SUCCESS","Query: Name"
"01:52:07.2566306","LightingService.exe","6180","RegOpenKey","HKU\.DEFAULT\Control Panel\Desktop","SUCCESS","Desired Access: Read"
"01:52:07.2566388","LightingService.exe","6180","RegSetInfoKey","HKU\.DEFAULT\Control Panel\Desktop","SUCCESS","KeySetInformationClass: KeySetHandleTagsInformation, Length: 0"
"01:52:07.2566447","LightingService.exe","6180","RegQueryValue","HKU\.DEFAULT\Control Panel\Desktop\PreferredUILanguages","NAME NOT FOUND","Length: 12"
"01:52:07.2566527","LightingService.exe","6180","RegCloseKey","HKU\.DEFAULT\Control Panel\Desktop","SUCCESS",""
"01:52:07.2566582","LightingService.exe","6180","RegCloseKey","HKU\.DEFAULT","SUCCESS",""
"01:52:07.2566663","LightingService.exe","6180","RegOpenKey","HKLM\Software\WOW6432Node\Policies\Microsoft\MUI\Settings","REPARSE","Desired Access: Read"
"01:52:07.2566734","LightingService.exe","6180","RegOpenKey","HKLM\SOFTWARE\Policies\Microsoft\MUI\Settings","NAME NOT FOUND","Desired Access: Read"
"01:52:07.2566819","LightingService.exe","6180","RegOpenKey","HKU\S-1-5-18","REPARSE","Desired Access: Maximum Allowed"
"01:52:07.2566880","LightingService.exe","6180","RegOpenKey","HKU\.DEFAULT","SUCCESS","Desired Access: Maximum Allowed, Granted Access: All Access"
"01:52:07.2566967","LightingService.exe","6180","RegQueryKey","HKU\.DEFAULT","SUCCESS","Query: HandleTags, HandleTags: 0x0"
"01:52:07.2567014","LightingService.exe","6180","RegQueryKey","HKU\.DEFAULT","SUCCESS","Query: Name"
"01:52:07.2567085","LightingService.exe","6180","RegOpenKey","HKU\.DEFAULT\Software\Policies\Microsoft\Control Panel\Desktop","NAME NOT FOUND","Desired Access: Read"
"01:52:07.2567167","LightingService.exe","6180","RegQueryKey","HKU\.DEFAULT","SUCCESS","Query: HandleTags, HandleTags: 0x0"
"01:52:07.2567213","LightingService.exe","6180","RegQueryKey","HKU\.DEFAULT","SUCCESS","Query: Name"
"01:52:07.2567280","LightingService.exe","6180","RegOpenKey","HKU\.DEFAULT\Control Panel\Desktop\LanguageConfiguration","NAME NOT FOUND","Desired Access: Read"
"01:52:07.2567357","LightingService.exe","6180","RegCloseKey","HKU\.DEFAULT","SUCCESS",""
"01:52:07.2568029","LightingService.exe","6180","QueryOpen","C:\Windows\Microsoft.NET\Framework\v4.0.30319\clr.dll","FAST IO DISALLOWED",""
"01:52:07.2568378","LightingService.exe","6180","CreateFile","C:\Windows\Microsoft.NET\Framework\v4.0.30319\clr.dll","SUCCESS","Desired Access: Read Attributes, Disposition: Open, Options: Open Reparse Point, Attributes: n/a, ShareMode: Read, Write, Delete, AllocationSize: n/a, OpenResult: Opened"
"01:52:07.2568615","LightingService.exe","6180","QueryBasicInformationFile","C:\Windows\Microsoft.NET\Framework\v4.0.30319\clr.dll","SUCCESS","CreationTime: 26-11-2025 09:17:59, LastAccessTime: 16-08-2026 01:51:51, LastWriteTime: 17-09-2025 03:22:40, ChangeTime: 26-11-2025 09:18:43, FileAttributes: A"
"01:52:07.2568681","LightingService.exe","6180","CloseFile","C:\Windows\Microsoft.NET\Framework\v4.0.30319\clr.dll","SUCCESS",""
"01:52:07.2568775","LightingService.exe","6180","IRP_MJ_CLOSE","C:\Windows\Microsoft.NET\Framework\v4.0.30319\clr.dll","SUCCESS",""
"01:52:07.2568970","LightingService.exe","6180","RegCloseKey","HKLM\SOFTWARE\WOW6432Node\Microsoft\.NETFramework","SUCCESS",""
"01:52:07.2570863","LightingService.exe","6180","CreateFile","C:\Program Files (x86)\LightingService\AuraHueWrapper.dll","SUCCESS","Desired Access: Generic Read, Disposition: Open, Options: Sequential Access, Synchronous IO Non-Alert, Non-Directory File, Attributes: n/a, ShareMode: Read, AllocationSize: n/a, OpenResult: Opened"
"01:52:07.2571186","LightingService.exe","6180","QueryStandardInformationFile","C:\Program Files (x86)\LightingService\AuraHueWrapper.dll","SUCCESS","AllocationSize: 53248, EndOfFile: 50480, NumberOfLinks: 1, DeletePending: False, Directory: False"
"01:52:07.2571294","LightingService.exe","6180","CreateFileMapping","C:\Program Files (x86)\LightingService\AuraHueWrapper.dll","FILE LOCKED WITH ONLY READERS","SyncType: SyncTypeCreateSection, PageProtection: PAGE_READONLY"
"01:52:07.2571374","LightingService.exe","6180","QueryStandardInformationFile","C:\Program Files (x86)\LightingService\AuraHueWrapper.dll","SUCCESS","AllocationSize: 53248, EndOfFile: 50480, NumberOfLinks: 1, DeletePending: False, Directory: False"
"01:52:07.2571439","LightingService.exe","6180","FASTIO_RELEASE_FOR_SECTION_SYNCHRONIZATION","C:\Program Files (x86)\LightingService\AuraHueWrapper.dll","SUCCESS",""
"01:52:07.2571493","LightingService.exe","6180","CreateFileMapping","C:\Program Files (x86)\LightingService\AuraHueWrapper.dll","SUCCESS","SyncType: SyncTypeOther"
"01:52:07.2571542","LightingService.exe","6180","FASTIO_RELEASE_FOR_SECTION_SYNCHRONIZATION","C:\Program Files (x86)\LightingService\AuraHueWrapper.dll","SUCCESS",""
"01:52:07.2571741","LightingService.exe","6180","CloseFile","C:\Program Files (x86)\LightingService\AuraHueWrapper.dll","SUCCESS",""
"01:52:07.2571858","LightingService.exe","6180","IRP_MJ_CLOSE","C:\Program Files (x86)\LightingService\AuraHueWrapper.dll","SUCCESS",""
"01:52:07.2572502","LightingService.exe","6180","CreateFile","C:\Program Files (x86)\LightingService\AuraHueWrapper.dll","SUCCESS","Desired Access: Generic Read, Disposition: Open, Options: Sequential Access, Synchronous IO Non-Alert, Non-Directory File, Attributes: n/a, ShareMode: Read, AllocationSize: n/a, OpenResult: Opened"
"01:52:07.2572728","LightingService.exe","6180","QueryStandardInformationFile","C:\Program Files (x86)\LightingService\AuraHueWrapper.dll","SUCCESS","AllocationSize: 53248, EndOfFile: 50480, NumberOfLinks: 1, DeletePending: False, Directory: False"
"01:52:07.2572808","LightingService.exe","6180","CreateFileMapping","C:\Program Files (x86)\LightingService\AuraHueWrapper.dll","FILE LOCKED WITH ONLY READERS","SyncType: SyncTypeCreateSection, PageProtection: PAGE_READONLY"
"01:52:07.2572874","LightingService.exe","6180","QueryStandardInformationFile","C:\Program Files (x86)\LightingService\AuraHueWrapper.dll","SUCCESS","AllocationSize: 53248, EndOfFile: 50480, NumberOfLinks: 1, DeletePending: False, Directory: False"
"01:52:07.2572935","LightingService.exe","6180","FASTIO_RELEASE_FOR_SECTION_SYNCHRONIZATION","C:\Program Files (x86)\LightingService\AuraHueWrapper.dll","SUCCESS",""
"01:52:07.2572981","LightingService.exe","6180","CreateFileMapping","C:\Program Files (x86)\LightingService\AuraHueWrapper.dll","SUCCESS","SyncType: SyncTypeOther"
"01:52:07.2573026","LightingService.exe","6180","FASTIO_RELEASE_FOR_SECTION_SYNCHRONIZATION","C:\Program Files (x86)\LightingService\AuraHueWrapper.dll","SUCCESS",""
"01:52:07.2573167","LightingService.exe","6180","CloseFile","C:\Program Files (x86)\LightingService\AuraHueWrapper.dll","SUCCESS",""
"01:52:07.2573269","LightingService.exe","6180","IRP_MJ_CLOSE","C:\Program Files (x86)\LightingService\AuraHueWrapper.dll","SUCCESS",""
"01:52:07.2573509","LightingService.exe","6180","RegQueryKey","HKU\.DEFAULT","SUCCESS","Query: HandleTags, HandleTags: 0x0"
"01:52:07.2573580","LightingService.exe","6180","RegQueryKey","HKU\.DEFAULT","SUCCESS","Query: Name"
"01:52:07.2573695","LightingService.exe","6180","RegOpenKey","HKU\.DEFAULT\Software\Microsoft\.NETFramework","NAME NOT FOUND","Desired Access: Read"
"01:52:07.2573827","LightingService.exe","6180","RegQueryKey","HKLM","SUCCESS","Query: HandleTags, HandleTags: 0x0"
"01:52:07.2573876","LightingService.exe","6180","RegQueryKey","HKLM","SUCCESS","Query: Name"
"01:52:07.2573978","LightingService.exe","6180","RegOpenKey","HKLM\Software\WOW6432Node\Microsoft\.NETFramework","SUCCESS","Desired Access: Read"
"01:52:07.2574094","LightingService.exe","6180","RegSetInfoKey","HKLM\SOFTWARE\WOW6432Node\Microsoft\.NETFramework","SUCCESS","KeySetInformationClass: KeySetHandleTagsInformation, Length: 0"
"01:52:07.2574644","LightingService.exe","6180","CreateFile","C:\Program Files (x86)\LightingService\AuraHueWrapper.dll.config","NAME NOT FOUND","Desired Access: Generic Read, Disposition: Open, Options: Synchronous IO Non-Alert, Non-Directory File, Attributes: N, ShareMode: Read, AllocationSize: n/a"
"01:52:07.2575237","LightingService.exe","6180","CreateFile","C:\Program Files (x86)\LightingService\AuraHueWrapper.dll","SUCCESS","Desired Access: Generic Read, Disposition: Open, Options: Sequential Access, Synchronous IO Non-Alert, Non-Directory File, Attributes: n/a, ShareMode: Read, AllocationSize: n/a, OpenResult: Opened"
"01:52:07.2575460","LightingService.exe","6180","QueryStandardInformationFile","C:\Program Files (x86)\LightingService\AuraHueWrapper.dll","SUCCESS","AllocationSize: 53248, EndOfFile: 50480, NumberOfLinks: 1, DeletePending: False, Directory: False"
"01:52:07.2575542","LightingService.exe","6180","CreateFileMapping","C:\Program Files (x86)\LightingService\AuraHueWrapper.dll","FILE LOCKED WITH ONLY READERS","SyncType: SyncTypeCreateSection, PageProtection: PAGE_READONLY"
"01:52:07.2575606","LightingService.exe","6180","QueryStandardInformationFile","C:\Program Files (x86)\LightingService\AuraHueWrapper.dll","SUCCESS","AllocationSize: 53248, EndOfFile: 50480, NumberOfLinks: 1, DeletePending: False, Directory: False"
"01:52:07.2575667","LightingService.exe","6180","FASTIO_RELEASE_FOR_SECTION_SYNCHRONIZATION","C:\Program Files (x86)\LightingService\AuraHueWrapper.dll","SUCCESS",""
"01:52:07.2575718","LightingService.exe","6180","CreateFileMapping","C:\Program Files (x86)\LightingService\AuraHueWrapper.dll","SUCCESS","SyncType: SyncTypeOther"
"01:52:07.2575763","LightingService.exe","6180","FASTIO_RELEASE_FOR_SECTION_SYNCHRONIZATION","C:\Program Files (x86)\LightingService\AuraHueWrapper.dll","SUCCESS",""
"01:52:07.2575951","LightingService.exe","6180","CloseFile","C:\Program Files (x86)\LightingService\AuraHueWrapper.dll","SUCCESS",""
"01:52:07.2576062","LightingService.exe","6180","IRP_MJ_CLOSE","C:\Program Files (x86)\LightingService\AuraHueWrapper.dll","SUCCESS",""
"01:52:07.2576576","LightingService.exe","6180","CreateFile","C:\Program Files (x86)\LightingService\AuraHueWrapper.dll","SUCCESS","Desired Access: Generic Read, Disposition: Open, Options: Sequential Access, Synchronous IO Non-Alert, Non-Directory File, Attributes: n/a, ShareMode: Read, AllocationSize: n/a, OpenResult: Opened"
"01:52:07.2576772","LightingService.exe","6180","QueryStandardInformationFile","C:\Program Files (x86)\LightingService\AuraHueWrapper.dll","SUCCESS","AllocationSize: 53248, EndOfFile: 50480, NumberOfLinks: 1, DeletePending: False, Directory: False"
"01:52:07.2576847","LightingService.exe","6180","CreateFileMapping","C:\Program Files (x86)\LightingService\AuraHueWrapper.dll","FILE LOCKED WITH ONLY READERS","SyncType: SyncTypeCreateSection, PageProtection: PAGE_READONLY"
"01:52:07.2576912","LightingService.exe","6180","QueryStandardInformationFile","C:\Program Files (x86)\LightingService\AuraHueWrapper.dll","SUCCESS","AllocationSize: 53248, EndOfFile: 50480, NumberOfLinks: 1, DeletePending: False, Directory: False"
"01:52:07.2576969","LightingService.exe","6180","FASTIO_RELEASE_FOR_SECTION_SYNCHRONIZATION","C:\Program Files (x86)\LightingService\AuraHueWrapper.dll","SUCCESS",""
"01:52:07.2577018","LightingService.exe","6180","CreateFileMapping","C:\Program Files (x86)\LightingService\AuraHueWrapper.dll","SUCCESS","SyncType: SyncTypeOther"
"01:52:07.2577067","LightingService.exe","6180","FASTIO_RELEASE_FOR_SECTION_SYNCHRONIZATION","C:\Program Files (x86)\LightingService\AuraHueWrapper.dll","SUCCESS",""
"01:52:07.2577189","LightingService.exe","6180","CloseFile","C:\Program Files (x86)\LightingService\AuraHueWrapper.dll","SUCCESS",""
"01:52:07.2577275","LightingService.exe","6180","IRP_MJ_CLOSE","C:\Program Files (x86)\LightingService\AuraHueWrapper.dll","SUCCESS",""
"01:52:07.2577462","LightingService.exe","6180","RegQueryKey","HKLM\SOFTWARE\WOW6432Node\Microsoft\.NETFramework","SUCCESS","Query: HandleTags, HandleTags: 0x400"
"01:52:07.2577544","LightingService.exe","6180","RegOpenKey","HKLM\SOFTWARE\WOW6432Node\Microsoft\.NETFramework\Policy\Standards","SUCCESS","Desired Access: Read"
"01:52:07.2577669","LightingService.exe","6180","RegQueryKey","HKLM\SOFTWARE\WOW6432Node\Microsoft\.NETFramework\policy\standards","SUCCESS","Query: HandleTags, HandleTags: 0x400"
"01:52:07.2577725","LightingService.exe","6180","RegOpenKey","HKLM\SOFTWARE\WOW6432Node\Microsoft\.NETFramework\policy\standards\v4.0.30319","NAME NOT FOUND","Desired Access: Read"
"01:52:07.2577818","LightingService.exe","6180","RegCloseKey","HKLM\SOFTWARE\WOW6432Node\Microsoft\.NETFramework\policy\standards","SUCCESS",""
"01:52:07.2577958","LightingService.exe","6180","RegQueryKey","HKLM","SUCCESS","Query: HandleTags, HandleTags: 0x0"
"01:52:07.2578011","LightingService.exe","6180","RegQueryKey","HKLM","SUCCESS","Query: Name"
"01:52:07.2578108","LightingService.exe","6180","RegOpenKey","HKLM\SOFTWARE\WOW6432Node\Microsoft\Fusion","SUCCESS","Desired Access: Read"
"01:52:07.2578200","LightingService.exe","6180","RegSetInfoKey","HKLM\SOFTWARE\WOW6432Node\Microsoft\Fusion","SUCCESS","KeySetInformationClass: KeySetHandleTagsInformation, Length: 0"
"01:52:07.2578269","LightingService.exe","6180","RegQueryValue","HKLM\SOFTWARE\WOW6432Node\Microsoft\Fusion\NoClientChecks","NAME NOT FOUND","Length: 16"
"01:52:07.2578348","LightingService.exe","6180","RegCloseKey","HKLM\SOFTWARE\WOW6432Node\Microsoft\Fusion","SUCCESS",""
"01:52:07.2578941","LightingService.exe","6180","QueryOpen","C:\Windows\Microsoft.NET\Framework\v4.0.30319\clr.dll","FAST IO DISALLOWED",""
"01:52:07.2579306","LightingService.exe","6180","CreateFile","C:\Windows\Microsoft.NET\Framework\v4.0.30319\clr.dll","SUCCESS","Desired Access: Read Attributes, Disposition: Open, Options: Open Reparse Point, Attributes: n/a, ShareMode: Read, Write, Delete, AllocationSize: n/a, OpenResult: Opened"
"01:52:07.2579571","LightingService.exe","6180","QueryBasicInformationFile","C:\Windows\Microsoft.NET\Framework\v4.0.30319\clr.dll","SUCCESS","CreationTime: 26-11-2025 09:17:59, LastAccessTime: 16-08-2026 01:51:51, LastWriteTime: 17-09-2025 03:22:40, ChangeTime: 26-11-2025 09:18:43, FileAttributes: A"
"01:52:07.2579645","LightingService.exe","6180","CloseFile","C:\Windows\Microsoft.NET\Framework\v4.0.30319\clr.dll","SUCCESS",""
"01:52:07.2579748","LightingService.exe","6180","IRP_MJ_CLOSE","C:\Windows\Microsoft.NET\Framework\v4.0.30319\clr.dll","SUCCESS",""
"01:52:07.2579930","LightingService.exe","6180","RegOpenKey","HKLM\Software\WOW6432Node\Policies\Microsoft\MUI\Settings","REPARSE","Desired Access: Read"
"01:52:07.2580029","LightingService.exe","6180","RegOpenKey","HKLM\SOFTWARE\Policies\Microsoft\MUI\Settings","NAME NOT FOUND","Desired Access: Read"
"01:52:07.2580140","LightingService.exe","6180","RegOpenKey","HKU\S-1-5-18","REPARSE","Desired Access: Maximum Allowed"
"01:52:07.2580214","LightingService.exe","6180","RegOpenKey","HKU\.DEFAULT","SUCCESS","Desired Access: Maximum Allowed, Granted Access: All Access"
"01:52:07.2580324","LightingService.exe","6180","RegQueryKey","HKU\.DEFAULT","SUCCESS","Query: HandleTags, HandleTags: 0x0"
"01:52:07.2580374","LightingService.exe","6180","RegQueryKey","HKU\.DEFAULT","SUCCESS","Query: Name"
"01:52:07.2580451","LightingService.exe","6180","RegOpenKey","HKU\.DEFAULT\Software\Policies\Microsoft\Control Panel\Desktop","NAME NOT FOUND","Desired Access: Read"
"01:52:07.2580552","LightingService.exe","6180","RegQueryKey","HKU\.DEFAULT","SUCCESS","Query: HandleTags, HandleTags: 0x0"
"01:52:07.2580598","LightingService.exe","6180","RegQueryKey","HKU\.DEFAULT","SUCCESS","Query: Name"
"01:52:07.2580665","LightingService.exe","6180","RegOpenKey","HKU\.DEFAULT\Control Panel\Desktop","SUCCESS","Desired Access: Read"
"01:52:07.2580744","LightingService.exe","6180","RegSetInfoKey","HKU\.DEFAULT\Control Panel\Desktop","SUCCESS","KeySetInformationClass: KeySetHandleTagsInformation, Length: 0"
"01:52:07.2580801","LightingService.exe","6180","RegQueryValue","HKU\.DEFAULT\Control Panel\Desktop\PreferredUILanguages","NAME NOT FOUND","Length: 12"
"01:52:07.2580879","LightingService.exe","6180","RegCloseKey","HKU\.DEFAULT\Control Panel\Desktop","SUCCESS",""
"01:52:07.2580937","LightingService.exe","6180","RegCloseKey","HKU\.DEFAULT","SUCCESS",""
"01:52:07.2581012","LightingService.exe","6180","RegOpenKey","HKLM\Software\WOW6432Node\Policies\Microsoft\MUI\Settings","REPARSE","Desired Access: Read"
"01:52:07.2581080","LightingService.exe","6180","RegOpenKey","HKLM\SOFTWARE\Policies\Microsoft\MUI\Settings","NAME NOT FOUND","Desired Access: Read"
"01:52:07.2581167","LightingService.exe","6180","RegOpenKey","HKU\S-1-5-18","REPARSE","Desired Access: Maximum Allowed"
"01:52:07.2581230","LightingService.exe","6180","RegOpenKey","HKU\.DEFAULT","SUCCESS","Desired Access: Maximum Allowed, Granted Access: All Access"
"01:52:07.2581321","LightingService.exe","6180","RegQueryKey","HKU\.DEFAULT","SUCCESS","Query: HandleTags, HandleTags: 0x0"
"01:52:07.2581368","LightingService.exe","6180","RegQueryKey","HKU\.DEFAULT","SUCCESS","Query: Name"
"01:52:07.2581437","LightingService.exe","6180","RegOpenKey","HKU\.DEFAULT\Software\Policies\Microsoft\Control Panel\Desktop","NAME NOT FOUND","Desired Access: Read"
"01:52:07.2581523","LightingService.exe","6180","RegQueryKey","HKU\.DEFAULT","SUCCESS","Query: HandleTags, HandleTags: 0x0"
"01:52:07.2581570","LightingService.exe","6180","RegQueryKey","HKU\.DEFAULT","SUCCESS","Query: Name"
"01:52:07.2581636","LightingService.exe","6180","RegOpenKey","HKU\.DEFAULT\Control Panel\Desktop\LanguageConfiguration","NAME NOT FOUND","Desired Access: Read"
"01:52:07.2581712","LightingService.exe","6180","RegCloseKey","HKU\.DEFAULT","SUCCESS",""
"01:52:07.2582432","LightingService.exe","6180","QueryOpen","C:\Windows\Microsoft.NET\Framework\v4.0.30319\clr.dll","FAST IO DISALLOWED",""
"01:52:07.2582774","LightingService.exe","6180","CreateFile","C:\Windows\Microsoft.NET\Framework\v4.0.30319\clr.dll","SUCCESS","Desired Access: Read Attributes, Disposition: Open, Options: Open Reparse Point, Attributes: n/a, ShareMode: Read, Write, Delete, AllocationSize: n/a, OpenResult: Opened"
"01:52:07.2582988","LightingService.exe","6180","QueryBasicInformationFile","C:\Windows\Microsoft.NET\Framework\v4.0.30319\clr.dll","SUCCESS","CreationTime: 26-11-2025 09:17:59, LastAccessTime: 16-08-2026 01:51:51, LastWriteTime: 17-09-2025 03:22:40, ChangeTime: 26-11-2025 09:18:43, FileAttributes: A"
"01:52:07.2583052","LightingService.exe","6180","CloseFile","C:\Windows\Microsoft.NET\Framework\v4.0.30319\clr.dll","SUCCESS",""
"01:52:07.2583143","LightingService.exe","6180","IRP_MJ_CLOSE","C:\Windows\Microsoft.NET\Framework\v4.0.30319\clr.dll","SUCCESS",""
"01:52:07.2583316","LightingService.exe","6180","RegCloseKey","HKLM\SOFTWARE\WOW6432Node\Microsoft\.NETFramework","SUCCESS",""
"01:52:07.2584305","LightingService.exe","6180","RegQueryKey","HKLM","SUCCESS","Query: HandleTags, HandleTags: 0x0"
"01:52:07.2584415","LightingService.exe","6180","RegQueryKey","HKLM","SUCCESS","Query: Name"
"01:52:07.2584529","LightingService.exe","6180","RegOpenKey","HKLM\SOFTWARE\WOW6432Node\ASUS\LS_performance","SUCCESS","Desired Access: All Access"
"01:52:07.2584674","LightingService.exe","6180","RegSetInfoKey","HKLM\SOFTWARE\WOW6432Node\ASUS\LS_performance","SUCCESS","KeySetInformationClass: KeySetHandleTagsInformation, Length: 0"
"01:52:07.2584759","LightingService.exe","6180","RegQueryKey","HKLM\SOFTWARE\WOW6432Node\ASUS\LS_performance","SUCCESS","Query: HandleTags, HandleTags: 0xe00"
"01:52:07.2584858","LightingService.exe","6180","RegSetValue","HKLM\SOFTWARE\WOW6432Node\ASUS\LS_performance\PerformanceRecLevel","SUCCESS","Type: REG_SZ, Length: 4, Data: 0"
"01:52:07.2585139","LightingService.exe","6180","RegCloseKey","HKLM\SOFTWARE\WOW6432Node\ASUS\LS_performance","SUCCESS",""
"01:52:07.2585916","LightingService.exe","6180","LockFile","C:\ProgramData\ASUS\ARMOURY CRATE Diagnosis\LightingService\LightingService.log","SUCCESS","Exclusive: True, Offset: 0, Length: 4294967295, Fail Immediately: False"
"01:52:07.2585995","LightingService.exe","6180","QueryStandardInformationFile","C:\ProgramData\ASUS\ARMOURY CRATE Diagnosis\LightingService\LightingService.log","SUCCESS","AllocationSize: 2555904, EndOfFile: 2484179, NumberOfLinks: 1, DeletePending: False, Directory: False"
"01:52:07.2586094","LightingService.exe","6180","WriteFile","C:\ProgramData\ASUS\ARMOURY CRATE Diagnosis\LightingService\LightingService.log","SUCCESS","Offset: 2484179, Length: 87"
"01:52:07.2586227","LightingService.exe","6180","UnlockFileSingle","C:\ProgramData\ASUS\ARMOURY CRATE Diagnosis\LightingService\LightingService.log","SUCCESS","Offset: 0, Length: 4294967295"
"01:52:07.2591367","LightingService.exe","6180","LockFile","C:\ProgramData\ASUS\ARMOURY CRATE Diagnosis\LightingService\LightingService.log","SUCCESS","Exclusive: True, Offset: 0, Length: 4294967295, Fail Immediately: False"
"01:52:07.2591438","LightingService.exe","6180","QueryStandardInformationFile","C:\ProgramData\ASUS\ARMOURY CRATE Diagnosis\LightingService\LightingService.log","SUCCESS","AllocationSize: 2555904, EndOfFile: 2484266, NumberOfLinks: 1, DeletePending: False, Directory: False"
"01:52:07.2591531","LightingService.exe","6180","WriteFile","C:\ProgramData\ASUS\ARMOURY CRATE Diagnosis\LightingService\LightingService.log","SUCCESS","Offset: 2484266, Length: 135"
"01:52:07.2591636","LightingService.exe","6180","UnlockFileSingle","C:\ProgramData\ASUS\ARMOURY CRATE Diagnosis\LightingService\LightingService.log","SUCCESS","Offset: 0, Length: 4294967295"
"01:52:07.2592233","LightingService.exe","6180","LockFile","C:\ProgramData\ASUS\ARMOURY CRATE Diagnosis\LightingService\LightingService.log","SUCCESS","Exclusive: True, Offset: 0, Length: 4294967295, Fail Immediately: False"
"01:52:07.2592289","LightingService.exe","6180","QueryStandardInformationFile","C:\ProgramData\ASUS\ARMOURY CRATE Diagnosis\LightingService\LightingService.log","SUCCESS","AllocationSize: 2555904, EndOfFile: 2484401, NumberOfLinks: 1, DeletePending: False, Directory: False"
"01:52:07.2592356","LightingService.exe","6180","WriteFile","C:\ProgramData\ASUS\ARMOURY CRATE Diagnosis\LightingService\LightingService.log","SUCCESS","Offset: 2484401, Length: 138"
"01:52:07.2592441","LightingService.exe","6180","UnlockFileSingle","C:\ProgramData\ASUS\ARMOURY CRATE Diagnosis\LightingService\LightingService.log","SUCCESS","Offset: 0, Length: 4294967295"
"01:52:07.2592845","LightingService.exe","6180","LockFile","C:\ProgramData\ASUS\ARMOURY CRATE Diagnosis\LightingService\LightingService.log","SUCCESS","Exclusive: True, Offset: 0, Length: 4294967295, Fail Immediately: False"
"01:52:07.2592877","LightingService.exe","6180","QueryStandardInformationFile","C:\ProgramData\ASUS\ARMOURY CRATE Diagnosis\LightingService\LightingService.log","SUCCESS","AllocationSize: 2555904, EndOfFile: 2484539, NumberOfLinks: 1, DeletePending: False, Directory: False"
"01:52:07.2592920","LightingService.exe","6180","WriteFile","C:\ProgramData\ASUS\ARMOURY CRATE Diagnosis\LightingService\LightingService.log","SUCCESS","Offset: 2484539, Length: 132"
"01:52:07.2592969","LightingService.exe","6180","UnlockFileSingle","C:\ProgramData\ASUS\ARMOURY CRATE Diagnosis\LightingService\LightingService.log","SUCCESS","Offset: 0, Length: 4294967295"
"01:52:07.2593712","LightingService.exe","6180","TCP Send","kubernetes.docker.internal:54135 -> kubernetes.docker.internal:6850","SUCCESS","Length: 2048, startime: 388510, endtime: 388510, seqnum: 0, connid: 0"
"01:52:07.2593966","LightingService.exe","6180","LockFile","C:\ProgramData\ASUS\ARMOURY CRATE Diagnosis\LightingService\LightingService.log","SUCCESS","Exclusive: True, Offset: 0, Length: 4294967295, Fail Immediately: False"
"01:52:07.2593997","LightingService.exe","6180","QueryStandardInformationFile","C:\ProgramData\ASUS\ARMOURY CRATE Diagnosis\LightingService\LightingService.log","SUCCESS","AllocationSize: 2555904, EndOfFile: 2484671, NumberOfLinks: 1, DeletePending: False, Directory: False"
"01:52:07.2594038","LightingService.exe","6180","WriteFile","C:\ProgramData\ASUS\ARMOURY CRATE Diagnosis\LightingService\LightingService.log","SUCCESS","Offset: 2484671, Length: 130"
"01:52:07.2594088","LightingService.exe","6180","UnlockFileSingle","C:\ProgramData\ASUS\ARMOURY CRATE Diagnosis\LightingService\LightingService.log","SUCCESS","Offset: 0, Length: 4294967295"
"01:52:07.2594890","LightingService.exe","6180","TCP Send","kubernetes.docker.internal:54135 -> kubernetes.docker.internal:6850","SUCCESS","Length: 2048, startime: 388510, endtime: 388510, seqnum: 0, connid: 0"
"01:52:07.3194544","LightingService.exe","6180","TCP Send","kubernetes.docker.internal:54135 -> kubernetes.docker.internal:6850","SUCCESS","Length: 2048, startime: 388516, endtime: 388516, seqnum: 0, connid: 0"
"01:52:07.3834348","LightingService.exe","6180","TCP Send","kubernetes.docker.internal:54135 -> kubernetes.docker.internal:6850","SUCCESS","Length: 2048, startime: 388523, endtime: 388523, seqnum: 0, connid: 0"
"01:52:07.4475420","LightingService.exe","6180","TCP Send","kubernetes.docker.internal:54135 -> kubernetes.docker.internal:6850","SUCCESS","Length: 2048, startime: 388529, endtime: 388529, seqnum: 0, connid: 0"
"01:52:07.5124078","LightingService.exe","6180","TCP Send","kubernetes.docker.internal:54135 -> kubernetes.docker.internal:6850","SUCCESS","Length: 2048, startime: 388536, endtime: 388536, seqnum: 0, connid: 0"
"01:52:07.5763342","LightingService.exe","6180","TCP Send","kubernetes.docker.internal:54135 -> kubernetes.docker.internal:6850","SUCCESS","Length: 2048, startime: 388542, endtime: 388542, seqnum: 0, connid: 0"
"01:52:07.6396273","LightingService.exe","6180","TCP Send","kubernetes.docker.internal:54135 -> kubernetes.docker.internal:6850","SUCCESS","Length: 2048, startime: 388548, endtime: 388548, seqnum: 0, connid: 0"
"01:52:07.7041421","LightingService.exe","6180","TCP Send","kubernetes.docker.internal:54135 -> kubernetes.docker.internal:6850","SUCCESS","Length: 2048, startime: 388555, endtime: 388555, seqnum: 0, connid: 0"
"01:52:07.7676333","LightingService.exe","6180","TCP Send","kubernetes.docker.internal:54135 -> kubernetes.docker.internal:6850","SUCCESS","Length: 2048, startime: 388561, endtime: 388561, seqnum: 0, connid: 0"
"01:52:07.7678970","LightingService.exe","6180","LockFile","C:\ProgramData\ASUS\ARMOURY CRATE Diagnosis\LightingService\LightingService.log","SUCCESS","Exclusive: True, Offset: 0, Length: 4294967295, Fail Immediately: False"
"01:52:07.7679234","LightingService.exe","6180","QueryStandardInformationFile","C:\ProgramData\ASUS\ARMOURY CRATE Diagnosis\LightingService\LightingService.log","SUCCESS","AllocationSize: 2555904, EndOfFile: 2484801, NumberOfLinks: 1, DeletePending: False, Directory: False"
"01:52:07.7679540","LightingService.exe","6180","WriteFile","C:\ProgramData\ASUS\ARMOURY CRATE Diagnosis\LightingService\LightingService.log","SUCCESS","Offset: 2484801, Length: 94"
"01:52:07.7679936","LightingService.exe","6180","UnlockFileSingle","C:\ProgramData\ASUS\ARMOURY CRATE Diagnosis\LightingService\LightingService.log","SUCCESS","Offset: 0, Length: 4294967295"
"01:52:07.7680424","LightingService.exe","6180","RegQueryKey","HKLM","SUCCESS","Query: HandleTags, HandleTags: 0x0"
"01:52:07.7680604","LightingService.exe","6180","RegQueryKey","HKLM","SUCCESS","Query: Name"
"01:52:07.7680937","LightingService.exe","6180","RegOpenKey","HKLM\SOFTWARE\WOW6432Node\ASUS\LS_performance","SUCCESS","Desired Access: All Access"
"01:52:07.7681326","LightingService.exe","6180","RegSetInfoKey","HKLM\SOFTWARE\WOW6432Node\ASUS\LS_performance","SUCCESS","KeySetInformationClass: KeySetHandleTagsInformation, Length: 0"
"01:52:07.7681532","LightingService.exe","6180","RegQueryValue","HKLM\SOFTWARE\WOW6432Node\ASUS\LS_performance\timeout","SUCCESS","Type: REG_SZ, Length: 4, Data: 0"
"01:52:07.7681821","LightingService.exe","6180","RegCloseKey","HKLM\SOFTWARE\WOW6432Node\ASUS\LS_performance","SUCCESS",""
"01:52:07.8198669","LightingService.exe","6180","Process Profiling","","SUCCESS","User Time: 9.1718750 seconds, Kernel Time: 10.8437500 seconds, Private Bytes: 32022528, Working Set: 52662272"
"01:52:07.8319216","LightingService.exe","6180","TCP Send","kubernetes.docker.internal:54135 -> kubernetes.docker.internal:6850","SUCCESS","Length: 2048, startime: 388568, endtime: 388568, seqnum: 0, connid: 0"
"01:52:07.8963767","LightingService.exe","6180","TCP Send","kubernetes.docker.internal:54135 -> kubernetes.docker.internal:6850","SUCCESS","Length: 2048, startime: 388574, endtime: 388574, seqnum: 0, connid: 0"
"01:52:07.9601447","LightingService.exe","6180","TCP Send","kubernetes.docker.internal:54135 -> kubernetes.docker.internal:6850","SUCCESS","Length: 2048, startime: 388580, endtime: 388580, seqnum: 0, connid: 0"
"01:52:08.0243514","LightingService.exe","6180","TCP Send","kubernetes.docker.internal:54135 -> kubernetes.docker.internal:6850","SUCCESS","Length: 2048, startime: 388587, endtime: 388587, seqnum: 0, connid: 0"
"01:52:08.0884908","LightingService.exe","6180","TCP Send","kubernetes.docker.internal:54135 -> kubernetes.docker.internal:6850","SUCCESS","Length: 2048, startime: 388593, endtime: 388593, seqnum: 0, connid: 0"
"01:52:08.1519044","LightingService.exe","6180","TCP Send","kubernetes.docker.internal:54135 -> kubernetes.docker.internal:6850","SUCCESS","Length: 2048, startime: 388600, endtime: 388600, seqnum: 0, connid: 0"
"01:52:08.2164413","LightingService.exe","6180","TCP Send","kubernetes.docker.internal:54135 -> kubernetes.docker.internal:6850","SUCCESS","Length: 2048, startime: 388606, endtime: 388606, seqnum: 0, connid: 0"
"01:52:08.2805834","LightingService.exe","6180","TCP Send","kubernetes.docker.internal:54135 -> kubernetes.docker.internal:6850","SUCCESS","Length: 2048, startime: 388612, endtime: 388612, seqnum: 0, connid: 0"
"01:52:08.3439089","LightingService.exe","6180","TCP Send","kubernetes.docker.internal:54135 -> kubernetes.docker.internal:6850","SUCCESS","Length: 2048, startime: 388619, endtime: 388619, seqnum: 0, connid: 0"
"01:52:08.4075313","LightingService.exe","6180","TCP Send","kubernetes.docker.internal:54135 -> kubernetes.docker.internal:6850","SUCCESS","Length: 2048, startime: 388625, endtime: 388625, seqnum: 0, connid: 0"
"01:52:08.4715049","LightingService.exe","6180","TCP Send","kubernetes.docker.internal:54135 -> kubernetes.docker.internal:6850","SUCCESS","Length: 2048, startime: 388631, endtime: 388631, seqnum: 0, connid: 0"
"01:52:08.5356562","LightingService.exe","6180","TCP Send","kubernetes.docker.internal:54135 -> kubernetes.docker.internal:6850","SUCCESS","Length: 2048, startime: 388638, endtime: 388638, seqnum: 0, connid: 0"
"01:52:08.6002061","LightingService.exe","6180","TCP Send","kubernetes.docker.internal:54135 -> kubernetes.docker.internal:6850","SUCCESS","Length: 2048, startime: 388644, endtime: 388644, seqnum: 0, connid: 0"
"01:52:08.6645129","LightingService.exe","6180","TCP Send","kubernetes.docker.internal:54135 -> kubernetes.docker.internal:6850","SUCCESS","Length: 2048, startime: 388651, endtime: 388651, seqnum: 0, connid: 0"
"01:52:08.7286573","LightingService.exe","6180","TCP Send","kubernetes.docker.internal:54135 -> kubernetes.docker.internal:6850","SUCCESS","Length: 2048, startime: 388657, endtime: 388657, seqnum: 0, connid: 0"
"01:52:08.7468026","LightingService.exe","6180","CreateFile","C:\Program Files (x86)\LightingService\AuraHueWrapper.dll","SUCCESS","Desired Access: Generic Read, Disposition: Open, Options: Sequential Access, Synchronous IO Non-Alert, Non-Directory File, Attributes: n/a, ShareMode: Read, AllocationSize: n/a, OpenResult: Opened"
"01:52:08.7469317","LightingService.exe","6180","QueryStandardInformationFile","C:\Program Files (x86)\LightingService\AuraHueWrapper.dll","SUCCESS","AllocationSize: 53248, EndOfFile: 50480, NumberOfLinks: 1, DeletePending: False, Directory: False"
"01:52:08.7469504","LightingService.exe","6180","CreateFileMapping","C:\Program Files (x86)\LightingService\AuraHueWrapper.dll","FILE LOCKED WITH ONLY READERS","SyncType: SyncTypeCreateSection, PageProtection: PAGE_READONLY"
"01:52:08.7469633","LightingService.exe","6180","QueryStandardInformationFile","C:\Program Files (x86)\LightingService\AuraHueWrapper.dll","SUCCESS","AllocationSize: 53248, EndOfFile: 50480, NumberOfLinks: 1, DeletePending: False, Directory: False"
"01:52:08.7469709","LightingService.exe","6180","FASTIO_RELEASE_FOR_SECTION_SYNCHRONIZATION","C:\Program Files (x86)\LightingService\AuraHueWrapper.dll","SUCCESS",""
"01:52:08.7469788","LightingService.exe","6180","CreateFileMapping","C:\Program Files (x86)\LightingService\AuraHueWrapper.dll","SUCCESS","SyncType: SyncTypeOther"
"01:52:08.7469839","LightingService.exe","6180","FASTIO_RELEASE_FOR_SECTION_SYNCHRONIZATION","C:\Program Files (x86)\LightingService\AuraHueWrapper.dll","SUCCESS",""
"01:52:08.7470206","LightingService.exe","6180","CloseFile","C:\Program Files (x86)\LightingService\AuraHueWrapper.dll","SUCCESS",""
"01:52:08.7470384","LightingService.exe","6180","IRP_MJ_CLOSE","C:\Program Files (x86)\LightingService\AuraHueWrapper.dll","SUCCESS",""
"01:52:08.7471287","LightingService.exe","6180","CreateFile","C:\Program Files (x86)\LightingService\AuraHueWrapper.dll","SUCCESS","Desired Access: Generic Read, Disposition: Open, Options: Sequential Access, Synchronous IO Non-Alert, Non-Directory File, Attributes: n/a, ShareMode: Read, AllocationSize: n/a, OpenResult: Opened"
"01:52:08.7471524","LightingService.exe","6180","QueryStandardInformationFile","C:\Program Files (x86)\LightingService\AuraHueWrapper.dll","SUCCESS","AllocationSize: 53248, EndOfFile: 50480, NumberOfLinks: 1, DeletePending: False, Directory: False"
"01:52:08.7471610","LightingService.exe","6180","CreateFileMapping","C:\Program Files (x86)\LightingService\AuraHueWrapper.dll","FILE LOCKED WITH ONLY READERS","SyncType: SyncTypeCreateSection, PageProtection: PAGE_READONLY"
"01:52:08.7471678","LightingService.exe","6180","QueryStandardInformationFile","C:\Program Files (x86)\LightingService\AuraHueWrapper.dll","SUCCESS","AllocationSize: 53248, EndOfFile: 50480, NumberOfLinks: 1, DeletePending: False, Directory: False"
"01:52:08.7471741","LightingService.exe","6180","FASTIO_RELEASE_FOR_SECTION_SYNCHRONIZATION","C:\Program Files (x86)\LightingService\AuraHueWrapper.dll","SUCCESS",""
"01:52:08.7471800","LightingService.exe","6180","CreateFileMapping","C:\Program Files (x86)\LightingService\AuraHueWrapper.dll","SUCCESS","SyncType: SyncTypeOther"
"01:52:08.7471849","LightingService.exe","6180","FASTIO_RELEASE_FOR_SECTION_SYNCHRONIZATION","C:\Program Files (x86)\LightingService\AuraHueWrapper.dll","SUCCESS",""
"01:52:08.7472007","LightingService.exe","6180","CloseFile","C:\Program Files (x86)\LightingService\AuraHueWrapper.dll","SUCCESS",""
"01:52:08.7472115","LightingService.exe","6180","IRP_MJ_CLOSE","C:\Program Files (x86)\LightingService\AuraHueWrapper.dll","SUCCESS",""
"01:52:08.7472578","LightingService.exe","6180","RegQueryKey","HKU\.DEFAULT","SUCCESS","Query: HandleTags, HandleTags: 0x0"
"01:52:08.7472721","LightingService.exe","6180","RegQueryKey","HKU\.DEFAULT","SUCCESS","Query: Name"
"01:52:08.7473042","LightingService.exe","6180","RegOpenKey","HKU\.DEFAULT\Software\Microsoft\.NETFramework","NAME NOT FOUND","Desired Access: Read"
"01:52:08.7473544","LightingService.exe","6180","RegQueryKey","HKLM","SUCCESS","Query: HandleTags, HandleTags: 0x0"
"01:52:08.7473661","LightingService.exe","6180","RegQueryKey","HKLM","SUCCESS","Query: Name"
"01:52:08.7473908","LightingService.exe","6180","RegOpenKey","HKLM\Software\WOW6432Node\Microsoft\.NETFramework","SUCCESS","Desired Access: Read"
"01:52:08.7474241","LightingService.exe","6180","RegSetInfoKey","HKLM\SOFTWARE\WOW6432Node\Microsoft\.NETFramework","SUCCESS","KeySetInformationClass: KeySetHandleTagsInformation, Length: 0"
"01:52:08.7475045","LightingService.exe","6180","CreateFile","C:\Program Files (x86)\LightingService\AuraHueWrapper.dll.config","NAME NOT FOUND","Desired Access: Generic Read, Disposition: Open, Options: Synchronous IO Non-Alert, Non-Directory File, Attributes: N, ShareMode: Read, AllocationSize: n/a"
"01:52:08.7475750","LightingService.exe","6180","CreateFile","C:\Program Files (x86)\LightingService\AuraHueWrapper.dll","SUCCESS","Desired Access: Generic Read, Disposition: Open, Options: Sequential Access, Synchronous IO Non-Alert, Non-Directory File, Attributes: n/a, ShareMode: Read, AllocationSize: n/a, OpenResult: Opened"
"01:52:08.7475998","LightingService.exe","6180","QueryStandardInformationFile","C:\Program Files (x86)\LightingService\AuraHueWrapper.dll","SUCCESS","AllocationSize: 53248, EndOfFile: 50480, NumberOfLinks: 1, DeletePending: False, Directory: False"
"01:52:08.7476094","LightingService.exe","6180","CreateFileMapping","C:\Program Files (x86)\LightingService\AuraHueWrapper.dll","FILE LOCKED WITH ONLY READERS","SyncType: SyncTypeCreateSection, PageProtection: PAGE_READONLY"
"01:52:08.7476174","LightingService.exe","6180","QueryStandardInformationFile","C:\Program Files (x86)\LightingService\AuraHueWrapper.dll","SUCCESS","AllocationSize: 53248, EndOfFile: 50480, NumberOfLinks: 1, DeletePending: False, Directory: False"
"01:52:08.7476246","LightingService.exe","6180","FASTIO_RELEASE_FOR_SECTION_SYNCHRONIZATION","C:\Program Files (x86)\LightingService\AuraHueWrapper.dll","SUCCESS",""
"01:52:08.7476305","LightingService.exe","6180","CreateFileMapping","C:\Program Files (x86)\LightingService\AuraHueWrapper.dll","SUCCESS","SyncType: SyncTypeOther"
"01:52:08.7476362","LightingService.exe","6180","FASTIO_RELEASE_FOR_SECTION_SYNCHRONIZATION","C:\Program Files (x86)\LightingService\AuraHueWrapper.dll","SUCCESS",""
"01:52:08.7476537","LightingService.exe","6180","CloseFile","C:\Program Files (x86)\LightingService\AuraHueWrapper.dll","SUCCESS",""
"01:52:08.7476659","LightingService.exe","6180","IRP_MJ_CLOSE","C:\Program Files (x86)\LightingService\AuraHueWrapper.dll","SUCCESS",""
"01:52:08.7477272","LightingService.exe","6180","CreateFile","C:\Program Files (x86)\LightingService\AuraHueWrapper.dll","SUCCESS","Desired Access: Generic Read, Disposition: Open, Options: Sequential Access, Synchronous IO Non-Alert, Non-Directory File, Attributes: n/a, ShareMode: Read, AllocationSize: n/a, OpenResult: Opened"
"01:52:08.7477503","LightingService.exe","6180","QueryStandardInformationFile","C:\Program Files (x86)\LightingService\AuraHueWrapper.dll","SUCCESS","AllocationSize: 53248, EndOfFile: 50480, NumberOfLinks: 1, DeletePending: False, Directory: False"
"01:52:08.7477590","LightingService.exe","6180","CreateFileMapping","C:\Program Files (x86)\LightingService\AuraHueWrapper.dll","FILE LOCKED WITH ONLY READERS","SyncType: SyncTypeCreateSection, PageProtection: PAGE_READONLY"
"01:52:08.7477664","LightingService.exe","6180","QueryStandardInformationFile","C:\Program Files (x86)\LightingService\AuraHueWrapper.dll","SUCCESS","AllocationSize: 53248, EndOfFile: 50480, NumberOfLinks: 1, DeletePending: False, Directory: False"
"01:52:08.7477733","LightingService.exe","6180","FASTIO_RELEASE_FOR_SECTION_SYNCHRONIZATION","C:\Program Files (x86)\LightingService\AuraHueWrapper.dll","SUCCESS",""
"01:52:08.7477788","LightingService.exe","6180","CreateFileMapping","C:\Program Files (x86)\LightingService\AuraHueWrapper.dll","SUCCESS","SyncType: SyncTypeOther"
"01:52:08.7477846","LightingService.exe","6180","FASTIO_RELEASE_FOR_SECTION_SYNCHRONIZATION","C:\Program Files (x86)\LightingService\AuraHueWrapper.dll","SUCCESS",""
"01:52:08.7477998","LightingService.exe","6180","CloseFile","C:\Program Files (x86)\LightingService\AuraHueWrapper.dll","SUCCESS",""
"01:52:08.7478107","LightingService.exe","6180","IRP_MJ_CLOSE","C:\Program Files (x86)\LightingService\AuraHueWrapper.dll","SUCCESS",""
"01:52:08.7478356","LightingService.exe","6180","RegQueryKey","HKLM\SOFTWARE\WOW6432Node\Microsoft\.NETFramework","SUCCESS","Query: HandleTags, HandleTags: 0x400"
"01:52:08.7478446","LightingService.exe","6180","RegOpenKey","HKLM\SOFTWARE\WOW6432Node\Microsoft\.NETFramework\Policy\Standards","SUCCESS","Desired Access: Read"
"01:52:08.7478644","LightingService.exe","6180","RegQueryKey","HKLM\SOFTWARE\WOW6432Node\Microsoft\.NETFramework\policy\standards","SUCCESS","Query: HandleTags, HandleTags: 0x400"
"01:52:08.7478715","LightingService.exe","6180","RegOpenKey","HKLM\SOFTWARE\WOW6432Node\Microsoft\.NETFramework\policy\standards\v4.0.30319","NAME NOT FOUND","Desired Access: Read"
"01:52:08.7478839","LightingService.exe","6180","RegCloseKey","HKLM\SOFTWARE\WOW6432Node\Microsoft\.NETFramework\policy\standards","SUCCESS",""
"01:52:08.7479014","LightingService.exe","6180","RegQueryKey","HKLM","SUCCESS","Query: HandleTags, HandleTags: 0x0"
"01:52:08.7479074","LightingService.exe","6180","RegQueryKey","HKLM","SUCCESS","Query: Name"
"01:52:08.7479193","LightingService.exe","6180","RegOpenKey","HKLM\SOFTWARE\WOW6432Node\Microsoft\Fusion","SUCCESS","Desired Access: Read"
"01:52:08.7479306","LightingService.exe","6180","RegSetInfoKey","HKLM\SOFTWARE\WOW6432Node\Microsoft\Fusion","SUCCESS","KeySetInformationClass: KeySetHandleTagsInformation, Length: 0"
"01:52:08.7479405","LightingService.exe","6180","RegQueryValue","HKLM\SOFTWARE\WOW6432Node\Microsoft\Fusion\NoClientChecks","NAME NOT FOUND","Length: 16"
"01:52:08.7479501","LightingService.exe","6180","RegCloseKey","HKLM\SOFTWARE\WOW6432Node\Microsoft\Fusion","SUCCESS",""
"01:52:08.7480534","LightingService.exe","6180","QueryOpen","C:\Windows\Microsoft.NET\Framework\v4.0.30319\clr.dll","FAST IO DISALLOWED",""
"01:52:08.7480985","LightingService.exe","6180","CreateFile","C:\Windows\Microsoft.NET\Framework\v4.0.30319\clr.dll","SUCCESS","Desired Access: Read Attributes, Disposition: Open, Options: Open Reparse Point, Attributes: n/a, ShareMode: Read, Write, Delete, AllocationSize: n/a, OpenResult: Opened"
"01:52:08.7481379","LightingService.exe","6180","QueryBasicInformationFile","C:\Windows\Microsoft.NET\Framework\v4.0.30319\clr.dll","SUCCESS","CreationTime: 26-11-2025 09:17:59, LastAccessTime: 16-08-2026 01:51:51, LastWriteTime: 17-09-2025 03:22:40, ChangeTime: 26-11-2025 09:18:43, FileAttributes: A"
"01:52:08.7481472","LightingService.exe","6180","CloseFile","C:\Windows\Microsoft.NET\Framework\v4.0.30319\clr.dll","SUCCESS",""
"01:52:08.7481596","LightingService.exe","6180","IRP_MJ_CLOSE","C:\Windows\Microsoft.NET\Framework\v4.0.30319\clr.dll","SUCCESS",""
"01:52:08.7482292","LightingService.exe","6180","QueryOpen","C:\Windows\Microsoft.NET\Framework\v4.0.30319\clr.dll","FAST IO DISALLOWED",""
"01:52:08.7482731","LightingService.exe","6180","CreateFile","C:\Windows\Microsoft.NET\Framework\v4.0.30319\clr.dll","SUCCESS","Desired Access: Read Attributes, Disposition: Open, Options: Open Reparse Point, Attributes: n/a, ShareMode: Read, Write, Delete, AllocationSize: n/a, OpenResult: Opened"
"01:52:08.7482969","LightingService.exe","6180","QueryBasicInformationFile","C:\Windows\Microsoft.NET\Framework\v4.0.30319\clr.dll","SUCCESS","CreationTime: 26-11-2025 09:17:59, LastAccessTime: 16-08-2026 01:51:51, LastWriteTime: 17-09-2025 03:22:40, ChangeTime: 26-11-2025 09:18:43, FileAttributes: A"
"01:52:08.7483050","LightingService.exe","6180","CloseFile","C:\Windows\Microsoft.NET\Framework\v4.0.30319\clr.dll","SUCCESS",""
"01:52:08.7483164","LightingService.exe","6180","IRP_MJ_CLOSE","C:\Windows\Microsoft.NET\Framework\v4.0.30319\clr.dll","SUCCESS",""
"01:52:08.7483424","LightingService.exe","6180","RegCloseKey","HKLM\SOFTWARE\WOW6432Node\Microsoft\.NETFramework","SUCCESS",""
"01:52:08.7484472","LightingService.exe","6180","Thread Exit","","SUCCESS","Thread ID: 34664, User Time: 0.0156250, Kernel Time: 0.0156250"
"01:52:08.7926047","LightingService.exe","6180","TCP Send","kubernetes.docker.internal:54135 -> kubernetes.docker.internal:6850","SUCCESS","Length: 2048, startime: 388664, endtime: 388664, seqnum: 0, connid: 0"
"01:52:08.8203890","LightingService.exe","6180","Process Profiling","","SUCCESS","User Time: 9.2031250 seconds, Kernel Time: 10.8750000 seconds, Private Bytes: 31940608, Working Set: 52621312"
"01:52:08.8561747","LightingService.exe","6180","TCP Send","kubernetes.docker.internal:54135 -> kubernetes.docker.internal:6850","SUCCESS","Length: 2048, startime: 388670, endtime: 388670, seqnum: 0, connid: 0"
"01:52:08.9196694","LightingService.exe","6180","TCP Send","kubernetes.docker.internal:54135 -> kubernetes.docker.internal:6850","SUCCESS","Length: 2048, startime: 388676, endtime: 388676, seqnum: 0, connid: 0"
"01:52:08.9835027","LightingService.exe","6180","TCP Send","kubernetes.docker.internal:54135 -> kubernetes.docker.internal:6850","SUCCESS","Length: 2048, startime: 388683, endtime: 388683, seqnum: 0, connid: 0"
"01:52:09.0475343","LightingService.exe","6180","TCP Send","kubernetes.docker.internal:54135 -> kubernetes.docker.internal:6850","SUCCESS","Length: 2048, startime: 388689, endtime: 388689, seqnum: 0, connid: 0"
"01:52:09.1122830","LightingService.exe","6180","TCP Send","kubernetes.docker.internal:54135 -> kubernetes.docker.internal:6850","SUCCESS","Length: 2048, startime: 388696, endtime: 388696, seqnum: 0, connid: 0"
"01:52:09.1767624","LightingService.exe","6180","TCP Send","kubernetes.docker.internal:54135 -> kubernetes.docker.internal:6850","SUCCESS","Length: 2048, startime: 388702, endtime: 388702, seqnum: 0, connid: 0"
"01:52:09.2395418","LightingService.exe","6180","TCP Send","kubernetes.docker.internal:54135 -> kubernetes.docker.internal:6850","SUCCESS","Length: 2048, startime: 388708, endtime: 388708, seqnum: 0, connid: 0"
"01:52:09.3043030","LightingService.exe","6180","TCP Send","kubernetes.docker.internal:54135 -> kubernetes.docker.internal:6850","SUCCESS","Length: 2048, startime: 388715, endtime: 388715, seqnum: 0, connid: 0"
"01:52:09.3679957","LightingService.exe","6180","TCP Send","kubernetes.docker.internal:54135 -> kubernetes.docker.internal:6850","SUCCESS","Length: 2048, startime: 388721, endtime: 388721, seqnum: 0, connid: 0"
"01:52:09.4319284","LightingService.exe","6180","TCP Send","kubernetes.docker.internal:54135 -> kubernetes.docker.internal:6850","SUCCESS","Length: 2048, startime: 388728, endtime: 388728, seqnum: 0, connid: 0"
"01:52:09.4963935","LightingService.exe","6180","TCP Send","kubernetes.docker.internal:54135 -> kubernetes.docker.internal:6850","SUCCESS","Length: 2048, startime: 388734, endtime: 388734, seqnum: 0, connid: 0"
"01:52:09.5601431","LightingService.exe","6180","TCP Send","kubernetes.docker.internal:54135 -> kubernetes.docker.internal:6850","SUCCESS","Length: 2048, startime: 388740, endtime: 388740, seqnum: 0, connid: 0"
"01:52:09.6240090","LightingService.exe","6180","TCP Send","kubernetes.docker.internal:54135 -> kubernetes.docker.internal:6850","SUCCESS","Length: 2048, startime: 388747, endtime: 388747, seqnum: 0, connid: 0"
"01:52:09.6873663","LightingService.exe","6180","TCP Send","kubernetes.docker.internal:54135 -> kubernetes.docker.internal:6850","SUCCESS","Length: 2048, startime: 388753, endtime: 388753, seqnum: 0, connid: 0"
"01:52:09.7518654","LightingService.exe","6180","TCP Send","kubernetes.docker.internal:54135 -> kubernetes.docker.internal:6850","SUCCESS","Length: 2048, startime: 388760, endtime: 388760, seqnum: 0, connid: 0"
"01:52:09.8149975","LightingService.exe","6180","Process Profiling","","SUCCESS","User Time: 9.2031250 seconds, Kernel Time: 10.8750000 seconds, Private Bytes: 31940608, Working Set: 52621312"
"01:52:09.8163946","LightingService.exe","6180","TCP Send","kubernetes.docker.internal:54135 -> kubernetes.docker.internal:6850","SUCCESS","Length: 2048, startime: 388766, endtime: 388766, seqnum: 0, connid: 0"
"01:52:09.8803088","LightingService.exe","6180","TCP Send","kubernetes.docker.internal:54135 -> kubernetes.docker.internal:6850","SUCCESS","Length: 2048, startime: 388772, endtime: 388772, seqnum: 0, connid: 0"
"01:52:09.9437379","LightingService.exe","6180","TCP Send","kubernetes.docker.internal:54135 -> kubernetes.docker.internal:6850","SUCCESS","Length: 2048, startime: 388779, endtime: 388779, seqnum: 0, connid: 0"
"01:52:10.0081458","LightingService.exe","6180","TCP Send","kubernetes.docker.internal:54135 -> kubernetes.docker.internal:6850","SUCCESS","Length: 2048, startime: 388785, endtime: 388785, seqnum: 0, connid: 0"
"01:52:10.0714914","LightingService.exe","6180","TCP Send","kubernetes.docker.internal:54135 -> kubernetes.docker.internal:6850","SUCCESS","Length: 2048, startime: 388791, endtime: 388791, seqnum: 0, connid: 0"
"01:52:10.1363876","LightingService.exe","6180","TCP Send","kubernetes.docker.internal:54135 -> kubernetes.docker.internal:6850","SUCCESS","Length: 2048, startime: 388798, endtime: 388798, seqnum: 0, connid: 0"
"01:52:10.2003803","LightingService.exe","6180","TCP Send","kubernetes.docker.internal:54135 -> kubernetes.docker.internal:6850","SUCCESS","Length: 2048, startime: 388804, endtime: 388804, seqnum: 0, connid: 0"
"01:52:10.2642492","LightingService.exe","6180","TCP Send","kubernetes.docker.internal:54135 -> kubernetes.docker.internal:6850","SUCCESS","Length: 2048, startime: 388811, endtime: 388811, seqnum: 0, connid: 0"
"01:52:10.3278589","LightingService.exe","6180","TCP Send","kubernetes.docker.internal:54135 -> kubernetes.docker.internal:6850","SUCCESS","Length: 2048, startime: 388817, endtime: 388817, seqnum: 0, connid: 0"
"01:52:10.3920556","LightingService.exe","6180","TCP Send","kubernetes.docker.internal:54135 -> kubernetes.docker.internal:6850","SUCCESS","Length: 2048, startime: 388824, endtime: 388824, seqnum: 0, connid: 0"
"01:52:10.4556210","LightingService.exe","6180","TCP Send","kubernetes.docker.internal:54135 -> kubernetes.docker.internal:6850","SUCCESS","Length: 2048, startime: 388830, endtime: 388830, seqnum: 0, connid: 0"
"01:52:10.5198937","LightingService.exe","6180","TCP Send","kubernetes.docker.internal:54135 -> kubernetes.docker.internal:6850","SUCCESS","Length: 2048, startime: 388836, endtime: 388836, seqnum: 0, connid: 0"
"01:52:10.5839029","LightingService.exe","6180","TCP Send","kubernetes.docker.internal:54135 -> kubernetes.docker.internal:6850","SUCCESS","Length: 2048, startime: 388843, endtime: 388843, seqnum: 0, connid: 0"
"01:52:10.6481202","LightingService.exe","6180","TCP Send","kubernetes.docker.internal:54135 -> kubernetes.docker.internal:6850","SUCCESS","Length: 2048, startime: 388849, endtime: 388849, seqnum: 0, connid: 0"
"01:52:10.7124287","LightingService.exe","6180","TCP Send","kubernetes.docker.internal:54135 -> kubernetes.docker.internal:6850","SUCCESS","Length: 2048, startime: 388856, endtime: 388856, seqnum: 0, connid: 0"
"01:52:10.7757840","LightingService.exe","6180","TCP Send","kubernetes.docker.internal:54135 -> kubernetes.docker.internal:6850","SUCCESS","Length: 2048, startime: 388862, endtime: 388862, seqnum: 0, connid: 0"
"01:52:10.8094068","LightingService.exe","6180","Process Profiling","","SUCCESS","User Time: 9.2031250 seconds, Kernel Time: 10.8750000 seconds, Private Bytes: 31940608, Working Set: 52621312"
"01:52:10.8397895","LightingService.exe","6180","TCP Send","kubernetes.docker.internal:54135 -> kubernetes.docker.internal:6850","SUCCESS","Length: 2048, startime: 388868, endtime: 388868, seqnum: 0, connid: 0"
"01:52:10.9034611","LightingService.exe","6180","TCP Send","kubernetes.docker.internal:54135 -> kubernetes.docker.internal:6850","SUCCESS","Length: 2048, startime: 388875, endtime: 388875, seqnum: 0, connid: 0"
"01:52:10.9675408","LightingService.exe","6180","TCP Send","kubernetes.docker.internal:54135 -> kubernetes.docker.internal:6850","SUCCESS","Length: 2048, startime: 388881, endtime: 388881, seqnum: 0, connid: 0"
"01:52:11.0315961","LightingService.exe","6180","TCP Send","kubernetes.docker.internal:54135 -> kubernetes.docker.internal:6850","SUCCESS","Length: 2048, startime: 388887, endtime: 388887, seqnum: 0, connid: 0"
"01:52:11.0954849","LightingService.exe","6180","TCP Send","kubernetes.docker.internal:54135 -> kubernetes.docker.internal:6850","SUCCESS","Length: 2048, startime: 388894, endtime: 388894, seqnum: 0, connid: 0"
"01:52:11.1597665","LightingService.exe","6180","TCP Send","kubernetes.docker.internal:54135 -> kubernetes.docker.internal:6850","SUCCESS","Length: 2048, startime: 388900, endtime: 388900, seqnum: 0, connid: 0"
"01:52:11.2239874","LightingService.exe","6180","TCP Send","kubernetes.docker.internal:54135 -> kubernetes.docker.internal:6850","SUCCESS","Length: 2048, startime: 388907, endtime: 388907, seqnum: 0, connid: 0"
"01:52:11.2878727","LightingService.exe","6180","TCP Send","kubernetes.docker.internal:54135 -> kubernetes.docker.internal:6850","SUCCESS","Length: 2048, startime: 388913, endtime: 388913, seqnum: 0, connid: 0"
"01:52:11.3515441","LightingService.exe","6180","TCP Send","kubernetes.docker.internal:54135 -> kubernetes.docker.internal:6850","SUCCESS","Length: 2048, startime: 388919, endtime: 388919, seqnum: 0, connid: 0"
"01:52:11.4154410","LightingService.exe","6180","TCP Send","kubernetes.docker.internal:54135 -> kubernetes.docker.internal:6850","SUCCESS","Length: 2048, startime: 388926, endtime: 388926, seqnum: 0, connid: 0"
"01:52:11.4795455","LightingService.exe","6180","TCP Send","kubernetes.docker.internal:54135 -> kubernetes.docker.internal:6850","SUCCESS","Length: 2048, startime: 388932, endtime: 388932, seqnum: 0, connid: 0"
"01:52:11.5443560","LightingService.exe","6180","TCP Send","kubernetes.docker.internal:54135 -> kubernetes.docker.internal:6850","SUCCESS","Length: 2048, startime: 388939, endtime: 388939, seqnum: 0, connid: 0"
"01:52:11.6073812","LightingService.exe","6180","TCP Send","kubernetes.docker.internal:54135 -> kubernetes.docker.internal:6850","SUCCESS","Length: 2048, startime: 388945, endtime: 388945, seqnum: 0, connid: 0"
"01:52:11.6724461","LightingService.exe","6180","TCP Send","kubernetes.docker.internal:54135 -> kubernetes.docker.internal:6850","SUCCESS","Length: 2048, startime: 388952, endtime: 388952, seqnum: 0, connid: 0"
"01:52:11.7356054","LightingService.exe","6180","TCP Send","kubernetes.docker.internal:54135 -> kubernetes.docker.internal:6850","SUCCESS","Length: 2048, startime: 388958, endtime: 388958, seqnum: 0, connid: 0"
"01:52:11.8000938","LightingService.exe","6180","TCP Send","kubernetes.docker.internal:54135 -> kubernetes.docker.internal:6850","SUCCESS","Length: 2048, startime: 388964, endtime: 388964, seqnum: 0, connid: 0"
"01:52:11.8069862","LightingService.exe","6180","Process Profiling","","SUCCESS","User Time: 9.2031250 seconds, Kernel Time: 10.8750000 seconds, Private Bytes: 31940608, Working Set: 52621312"
"01:52:11.8636278","LightingService.exe","6180","TCP Send","kubernetes.docker.internal:54135 -> kubernetes.docker.internal:6850","SUCCESS","Length: 2048, startime: 388971, endtime: 388971, seqnum: 0, connid: 0"
"01:52:11.9274602","LightingService.exe","6180","TCP Send","kubernetes.docker.internal:54135 -> kubernetes.docker.internal:6850","SUCCESS","Length: 2048, startime: 388977, endtime: 388977, seqnum: 0, connid: 0"
"01:52:11.9923175","LightingService.exe","6180","TCP Send","kubernetes.docker.internal:54135 -> kubernetes.docker.internal:6850","SUCCESS","Length: 2048, startime: 388984, endtime: 388984, seqnum: 0, connid: 0"
"01:52:12.0555141","LightingService.exe","6180","TCP Send","kubernetes.docker.internal:54135 -> kubernetes.docker.internal:6850","SUCCESS","Length: 2048, startime: 388990, endtime: 388990, seqnum: 0, connid: 0"
"01:52:12.1198107","LightingService.exe","6180","TCP Send","kubernetes.docker.internal:54135 -> kubernetes.docker.internal:6850","SUCCESS","Length: 2048, startime: 388996, endtime: 388996, seqnum: 0, connid: 0"
"01:52:12.1835182","LightingService.exe","6180","TCP Send","kubernetes.docker.internal:54135 -> kubernetes.docker.internal:6850","SUCCESS","Length: 2048, startime: 389003, endtime: 389003, seqnum: 0, connid: 0"
"01:52:12.2474682","LightingService.exe","6180","TCP Send","kubernetes.docker.internal:54135 -> kubernetes.docker.internal:6850","SUCCESS","Length: 2048, startime: 389009, endtime: 389009, seqnum: 0, connid: 0"
"01:52:12.3122314","LightingService.exe","6180","TCP Send","kubernetes.docker.internal:54135 -> kubernetes.docker.internal:6850","SUCCESS","Length: 2048, startime: 389016, endtime: 389016, seqnum: 0, connid: 0"
"01:52:12.3756355","LightingService.exe","6180","TCP Send","kubernetes.docker.internal:54135 -> kubernetes.docker.internal:6850","SUCCESS","Length: 2048, startime: 389022, endtime: 389022, seqnum: 0, connid: 0"
"01:52:12.4396609","LightingService.exe","6180","TCP Send","kubernetes.docker.internal:54135 -> kubernetes.docker.internal:6850","SUCCESS","Length: 2048, startime: 389028, endtime: 389028, seqnum: 0, connid: 0"
"01:52:12.5038770","LightingService.exe","6180","TCP Send","kubernetes.docker.internal:54135 -> kubernetes.docker.internal:6850","SUCCESS","Length: 2048, startime: 389035, endtime: 389035, seqnum: 0, connid: 0"
"01:52:12.5674297","LightingService.exe","6180","TCP Send","kubernetes.docker.internal:54135 -> kubernetes.docker.internal:6850","SUCCESS","Length: 2048, startime: 389041, endtime: 389041, seqnum: 0, connid: 0"
"01:52:12.6313535","LightingService.exe","6180","TCP Send","kubernetes.docker.internal:54135 -> kubernetes.docker.internal:6850","SUCCESS","Length: 2048, startime: 389047, endtime: 389047, seqnum: 0, connid: 0"
"01:52:12.6961883","LightingService.exe","6180","TCP Send","kubernetes.docker.internal:54135 -> kubernetes.docker.internal:6850","SUCCESS","Length: 2048, startime: 389054, endtime: 389054, seqnum: 0, connid: 0"
"01:52:12.7600237","LightingService.exe","6180","TCP Send","kubernetes.docker.internal:54135 -> kubernetes.docker.internal:6850","SUCCESS","Length: 2048, startime: 389060, endtime: 389060, seqnum: 0, connid: 0"
"01:52:12.8087692","LightingService.exe","6180","Process Profiling","","SUCCESS","User Time: 9.2031250 seconds, Kernel Time: 10.8750000 seconds, Private Bytes: 31940608, Working Set: 52621312"
"01:52:12.8239108","LightingService.exe","6180","TCP Send","kubernetes.docker.internal:54135 -> kubernetes.docker.internal:6850","SUCCESS","Length: 2048, startime: 389067, endtime: 389067, seqnum: 0, connid: 0"
"01:52:12.8875202","LightingService.exe","6180","TCP Send","kubernetes.docker.internal:54135 -> kubernetes.docker.internal:6850","SUCCESS","Length: 2048, startime: 389073, endtime: 389073, seqnum: 0, connid: 0"
"01:52:12.9513343","LightingService.exe","6180","TCP Send","kubernetes.docker.internal:54135 -> kubernetes.docker.internal:6850","SUCCESS","Length: 2048, startime: 389079, endtime: 389079, seqnum: 0, connid: 0"
"01:52:13.0169194","LightingService.exe","6180","TCP Send","kubernetes.docker.internal:54135 -> kubernetes.docker.internal:6850","SUCCESS","Length: 2048, startime: 389086, endtime: 389086, seqnum: 0, connid: 0"
"01:52:13.0802354","LightingService.exe","6180","TCP Send","kubernetes.docker.internal:54135 -> kubernetes.docker.internal:6850","SUCCESS","Length: 2048, startime: 389092, endtime: 389092, seqnum: 0, connid: 0"
"01:52:13.1433195","LightingService.exe","6180","TCP Send","kubernetes.docker.internal:54135 -> kubernetes.docker.internal:6850","SUCCESS","Length: 2048, startime: 389099, endtime: 389099, seqnum: 0, connid: 0"
"01:52:13.2083844","LightingService.exe","6180","TCP Send","kubernetes.docker.internal:54135 -> kubernetes.docker.internal:6850","SUCCESS","Length: 2048, startime: 389105, endtime: 389105, seqnum: 0, connid: 0"
"01:52:13.2722340","LightingService.exe","6180","TCP Send","kubernetes.docker.internal:54135 -> kubernetes.docker.internal:6850","SUCCESS","Length: 2048, startime: 389112, endtime: 389112, seqnum: 0, connid: 0"
"01:52:13.3358420","LightingService.exe","6180","TCP Send","kubernetes.docker.internal:54135 -> kubernetes.docker.internal:6850","SUCCESS","Length: 2048, startime: 389118, endtime: 389118, seqnum: 0, connid: 0"
"01:52:13.4000304","LightingService.exe","6180","TCP Send","kubernetes.docker.internal:54135 -> kubernetes.docker.internal:6850","SUCCESS","Length: 2048, startime: 389124, endtime: 389124, seqnum: 0, connid: 0"
"01:52:13.4633468","LightingService.exe","6180","TCP Send","kubernetes.docker.internal:54135 -> kubernetes.docker.internal:6850","SUCCESS","Length: 2048, startime: 389131, endtime: 389131, seqnum: 0, connid: 0"
"01:52:13.5286275","LightingService.exe","6180","TCP Send","kubernetes.docker.internal:54135 -> kubernetes.docker.internal:6850","SUCCESS","Length: 2048, startime: 389137, endtime: 389137, seqnum: 0, connid: 0"
"01:52:13.5913658","LightingService.exe","6180","TCP Send","kubernetes.docker.internal:54135 -> kubernetes.docker.internal:6850","SUCCESS","Length: 2048, startime: 389143, endtime: 389143, seqnum: 0, connid: 0"
"01:52:13.6558461","LightingService.exe","6180","TCP Send","kubernetes.docker.internal:54135 -> kubernetes.docker.internal:6850","SUCCESS","Length: 2048, startime: 389150, endtime: 389150, seqnum: 0, connid: 0"
"01:52:13.7193845","LightingService.exe","6180","TCP Send","kubernetes.docker.internal:54135 -> kubernetes.docker.internal:6850","SUCCESS","Length: 2048, startime: 389156, endtime: 389156, seqnum: 0, connid: 0"
"01:52:13.7834011","LightingService.exe","6180","TCP Send","kubernetes.docker.internal:54135 -> kubernetes.docker.internal:6850","SUCCESS","Length: 2048, startime: 389163, endtime: 389163, seqnum: 0, connid: 0"
"01:52:13.8079077","LightingService.exe","6180","Process Profiling","","SUCCESS","User Time: 9.2031250 seconds, Kernel Time: 10.8750000 seconds, Private Bytes: 31940608, Working Set: 52621312"
"01:52:13.8474354","LightingService.exe","6180","TCP Send","kubernetes.docker.internal:54135 -> kubernetes.docker.internal:6850","SUCCESS","Length: 2048, startime: 389169, endtime: 389169, seqnum: 0, connid: 0"
"01:52:13.9125015","LightingService.exe","6180","TCP Send","kubernetes.docker.internal:54135 -> kubernetes.docker.internal:6850","SUCCESS","Length: 2048, startime: 389176, endtime: 389176, seqnum: 0, connid: 0"
"01:52:13.9755526","LightingService.exe","6180","TCP Send","kubernetes.docker.internal:54135 -> kubernetes.docker.internal:6850","SUCCESS","Length: 2048, startime: 389182, endtime: 389182, seqnum: 0, connid: 0"
"01:52:14.0394864","LightingService.exe","6180","TCP Send","kubernetes.docker.internal:54135 -> kubernetes.docker.internal:6850","SUCCESS","Length: 2048, startime: 389188, endtime: 389188, seqnum: 0, connid: 0"
"01:52:14.1038024","LightingService.exe","6180","TCP Send","kubernetes.docker.internal:54135 -> kubernetes.docker.internal:6850","SUCCESS","Length: 2048, startime: 389195, endtime: 389195, seqnum: 0, connid: 0"
"01:52:14.1674762","LightingService.exe","6180","TCP Send","kubernetes.docker.internal:54135 -> kubernetes.docker.internal:6850","SUCCESS","Length: 2048, startime: 389201, endtime: 389201, seqnum: 0, connid: 0"
"01:52:14.2322376","LightingService.exe","6180","TCP Send","kubernetes.docker.internal:54135 -> kubernetes.docker.internal:6850","SUCCESS","Length: 2048, startime: 389208, endtime: 389208, seqnum: 0, connid: 0"
"01:52:14.2954177","LightingService.exe","6180","TCP Send","kubernetes.docker.internal:54135 -> kubernetes.docker.internal:6850","SUCCESS","Length: 2048, startime: 389214, endtime: 389214, seqnum: 0, connid: 0"
"01:52:14.3594481","LightingService.exe","6180","TCP Send","kubernetes.docker.internal:54135 -> kubernetes.docker.internal:6850","SUCCESS","Length: 2048, startime: 389220, endtime: 389220, seqnum: 0, connid: 0"
"01:52:14.4244813","LightingService.exe","6180","TCP Send","kubernetes.docker.internal:54135 -> kubernetes.docker.internal:6850","SUCCESS","Length: 2048, startime: 389227, endtime: 389227, seqnum: 0, connid: 0"
"01:52:14.4875308","LightingService.exe","6180","TCP Send","kubernetes.docker.internal:54135 -> kubernetes.docker.internal:6850","SUCCESS","Length: 2048, startime: 389233, endtime: 389233, seqnum: 0, connid: 0"
"01:52:14.5516548","LightingService.exe","6180","TCP Send","kubernetes.docker.internal:54135 -> kubernetes.docker.internal:6850","SUCCESS","Length: 2048, startime: 389239, endtime: 389239, seqnum: 0, connid: 0"
"01:52:14.6156683","LightingService.exe","6180","TCP Send","kubernetes.docker.internal:54135 -> kubernetes.docker.internal:6850","SUCCESS","Length: 2048, startime: 389246, endtime: 389246, seqnum: 0, connid: 0"
"01:52:14.6796002","LightingService.exe","6180","TCP Send","kubernetes.docker.internal:54135 -> kubernetes.docker.internal:6850","SUCCESS","Length: 2048, startime: 389252, endtime: 389252, seqnum: 0, connid: 0"
"01:52:14.7441570","LightingService.exe","6180","TCP Send","kubernetes.docker.internal:54135 -> kubernetes.docker.internal:6850","SUCCESS","Length: 2048, startime: 389259, endtime: 389259, seqnum: 0, connid: 0"
"01:52:14.8074149","LightingService.exe","6180","TCP Send","kubernetes.docker.internal:54135 -> kubernetes.docker.internal:6850","SUCCESS","Length: 2048, startime: 389265, endtime: 389265, seqnum: 0, connid: 0"
"01:52:14.8147805","LightingService.exe","6180","Process Profiling","","SUCCESS","User Time: 9.2187500 seconds, Kernel Time: 10.8750000 seconds, Private Bytes: 31940608, Working Set: 52621312"
"01:52:14.8720158","LightingService.exe","6180","TCP Send","kubernetes.docker.internal:54135 -> kubernetes.docker.internal:6850","SUCCESS","Length: 2048, startime: 389272, endtime: 389272, seqnum: 0, connid: 0"
"01:52:14.9363166","LightingService.exe","6180","TCP Send","kubernetes.docker.internal:54135 -> kubernetes.docker.internal:6850","SUCCESS","Length: 2048, startime: 389278, endtime: 389278, seqnum: 0, connid: 0"
"01:52:15.0004633","LightingService.exe","6180","TCP Send","kubernetes.docker.internal:54135 -> kubernetes.docker.internal:6850","SUCCESS","Length: 2048, startime: 389284, endtime: 389284, seqnum: 0, connid: 0"
"01:52:15.0643173","LightingService.exe","6180","TCP Send","kubernetes.docker.internal:54135 -> kubernetes.docker.internal:6850","SUCCESS","Length: 2048, startime: 389291, endtime: 389291, seqnum: 0, connid: 0"
"01:52:15.1273911","LightingService.exe","6180","TCP Send","kubernetes.docker.internal:54135 -> kubernetes.docker.internal:6850","SUCCESS","Length: 2048, startime: 389297, endtime: 389297, seqnum: 0, connid: 0"
"01:52:15.1923814","LightingService.exe","6180","TCP Send","kubernetes.docker.internal:54135 -> kubernetes.docker.internal:6850","SUCCESS","Length: 2048, startime: 389304, endtime: 389304, seqnum: 0, connid: 0"
"01:52:15.2557922","LightingService.exe","6180","TCP Send","kubernetes.docker.internal:54135 -> kubernetes.docker.internal:6850","SUCCESS","Length: 2048, startime: 389310, endtime: 389310, seqnum: 0, connid: 0"
"01:52:15.3198967","LightingService.exe","6180","TCP Send","kubernetes.docker.internal:54135 -> kubernetes.docker.internal:6850","SUCCESS","Length: 2048, startime: 389316, endtime: 389316, seqnum: 0, connid: 0"
"01:52:15.3842131","LightingService.exe","6180","TCP Send","kubernetes.docker.internal:54135 -> kubernetes.docker.internal:6850","SUCCESS","Length: 2048, startime: 389323, endtime: 389323, seqnum: 0, connid: 0"
"01:52:15.4479439","LightingService.exe","6180","TCP Send","kubernetes.docker.internal:54135 -> kubernetes.docker.internal:6850","SUCCESS","Length: 2048, startime: 389329, endtime: 389329, seqnum: 0, connid: 0"
"01:52:15.5123580","LightingService.exe","6180","TCP Send","kubernetes.docker.internal:54135 -> kubernetes.docker.internal:6850","SUCCESS","Length: 2048, startime: 389336, endtime: 389336, seqnum: 0, connid: 0"
"01:52:15.5760968","LightingService.exe","6180","TCP Send","kubernetes.docker.internal:54135 -> kubernetes.docker.internal:6850","SUCCESS","Length: 2048, startime: 389342, endtime: 389342, seqnum: 0, connid: 0"
"01:52:15.6401522","LightingService.exe","6180","TCP Send","kubernetes.docker.internal:54135 -> kubernetes.docker.internal:6850","SUCCESS","Length: 2048, startime: 389348, endtime: 389348, seqnum: 0, connid: 0"
"01:52:15.7037334","LightingService.exe","6180","TCP Send","kubernetes.docker.internal:54135 -> kubernetes.docker.internal:6850","SUCCESS","Length: 2048, startime: 389355, endtime: 389355, seqnum: 0, connid: 0"
"01:52:15.7673498","LightingService.exe","6180","TCP Send","kubernetes.docker.internal:54135 -> kubernetes.docker.internal:6850","SUCCESS","Length: 2048, startime: 389361, endtime: 389361, seqnum: 0, connid: 0"
"01:52:15.8117173","LightingService.exe","6180","Process Profiling","","SUCCESS","User Time: 9.2187500 seconds, Kernel Time: 10.8750000 seconds, Private Bytes: 31940608, Working Set: 52621312"
"01:52:15.8315337","LightingService.exe","6180","TCP Send","kubernetes.docker.internal:54135 -> kubernetes.docker.internal:6850","SUCCESS","Length: 2048, startime: 389367, endtime: 389367, seqnum: 0, connid: 0"
"01:52:15.8955155","LightingService.exe","6180","TCP Send","kubernetes.docker.internal:54135 -> kubernetes.docker.internal:6850","SUCCESS","Length: 2048, startime: 389374, endtime: 389374, seqnum: 0, connid: 0"
"01:52:15.9600719","LightingService.exe","6180","TCP Send","kubernetes.docker.internal:54135 -> kubernetes.docker.internal:6850","SUCCESS","Length: 2048, startime: 389380, endtime: 389380, seqnum: 0, connid: 0"
"01:52:16.0236962","LightingService.exe","6180","TCP Send","kubernetes.docker.internal:54135 -> kubernetes.docker.internal:6850","SUCCESS","Length: 2048, startime: 389387, endtime: 389387, seqnum: 0, connid: 0"
"01:52:16.0882102","LightingService.exe","6180","TCP Send","kubernetes.docker.internal:54135 -> kubernetes.docker.internal:6850","SUCCESS","Length: 2048, startime: 389393, endtime: 389393, seqnum: 0, connid: 0"
"01:52:16.1523282","LightingService.exe","6180","TCP Send","kubernetes.docker.internal:54135 -> kubernetes.docker.internal:6850","SUCCESS","Length: 2048, startime: 389400, endtime: 389400, seqnum: 0, connid: 0"
"01:52:16.2165422","LightingService.exe","6180","TCP Send","kubernetes.docker.internal:54135 -> kubernetes.docker.internal:6850","SUCCESS","Length: 2048, startime: 389406, endtime: 389406, seqnum: 0, connid: 0"
"01:52:16.2803350","LightingService.exe","6180","TCP Send","kubernetes.docker.internal:54135 -> kubernetes.docker.internal:6850","SUCCESS","Length: 2048, startime: 389412, endtime: 389412, seqnum: 0, connid: 0"
"01:52:16.3436799","LightingService.exe","6180","TCP Send","kubernetes.docker.internal:54135 -> kubernetes.docker.internal:6850","SUCCESS","Length: 2048, startime: 389419, endtime: 389419, seqnum: 0, connid: 0"
"01:52:16.4079898","LightingService.exe","6180","TCP Send","kubernetes.docker.internal:54135 -> kubernetes.docker.internal:6850","SUCCESS","Length: 2048, startime: 389425, endtime: 389425, seqnum: 0, connid: 0"
"01:52:16.4721452","LightingService.exe","6180","TCP Send","kubernetes.docker.internal:54135 -> kubernetes.docker.internal:6850","SUCCESS","Length: 2048, startime: 389432, endtime: 389432, seqnum: 0, connid: 0"
"01:52:16.5354661","LightingService.exe","6180","TCP Send","kubernetes.docker.internal:54135 -> kubernetes.docker.internal:6850","SUCCESS","Length: 2048, startime: 389438, endtime: 389438, seqnum: 0, connid: 0"
"01:52:16.6001586","LightingService.exe","6180","TCP Send","kubernetes.docker.internal:54135 -> kubernetes.docker.internal:6850","SUCCESS","Length: 2048, startime: 389444, endtime: 389444, seqnum: 0, connid: 0"
"01:52:16.6644065","LightingService.exe","6180","TCP Send","kubernetes.docker.internal:54135 -> kubernetes.docker.internal:6850","SUCCESS","Length: 2048, startime: 389451, endtime: 389451, seqnum: 0, connid: 0"
"01:52:16.7280545","LightingService.exe","6180","TCP Send","kubernetes.docker.internal:54135 -> kubernetes.docker.internal:6850","SUCCESS","Length: 2048, startime: 389457, endtime: 389457, seqnum: 0, connid: 0"
"01:52:16.7914666","LightingService.exe","6180","TCP Send","kubernetes.docker.internal:54135 -> kubernetes.docker.internal:6850","SUCCESS","Length: 2048, startime: 389463, endtime: 389463, seqnum: 0, connid: 0"
"01:52:16.8182264","LightingService.exe","6180","Process Profiling","","SUCCESS","User Time: 9.2187500 seconds, Kernel Time: 10.8750000 seconds, Private Bytes: 31940608, Working Set: 52621312"
"01:52:16.8559733","LightingService.exe","6180","TCP Send","kubernetes.docker.internal:54135 -> kubernetes.docker.internal:6850","SUCCESS","Length: 2048, startime: 389470, endtime: 389470, seqnum: 0, connid: 0"
"01:52:16.9196895","LightingService.exe","6180","TCP Send","kubernetes.docker.internal:54135 -> kubernetes.docker.internal:6850","SUCCESS","Length: 2048, startime: 389476, endtime: 389476, seqnum: 0, connid: 0"
"01:52:16.9834930","LightingService.exe","6180","TCP Send","kubernetes.docker.internal:54135 -> kubernetes.docker.internal:6850","SUCCESS","Length: 2048, startime: 389483, endtime: 389483, seqnum: 0, connid: 0"
"01:52:17.0473793","LightingService.exe","6180","TCP Send","kubernetes.docker.internal:54135 -> kubernetes.docker.internal:6850","SUCCESS","Length: 2048, startime: 389489, endtime: 389489, seqnum: 0, connid: 0"
"01:52:17.1113832","LightingService.exe","6180","TCP Send","kubernetes.docker.internal:54135 -> kubernetes.docker.internal:6850","SUCCESS","Length: 2048, startime: 389495, endtime: 389495, seqnum: 0, connid: 0"
"01:52:17.1755733","LightingService.exe","6180","TCP Send","kubernetes.docker.internal:54135 -> kubernetes.docker.internal:6850","SUCCESS","Length: 2048, startime: 389502, endtime: 389502, seqnum: 0, connid: 0"
"01:52:17.2399773","LightingService.exe","6180","TCP Send","kubernetes.docker.internal:54135 -> kubernetes.docker.internal:6850","SUCCESS","Length: 2048, startime: 389508, endtime: 389508, seqnum: 0, connid: 0"
"01:52:17.3035648","LightingService.exe","6180","TCP Send","kubernetes.docker.internal:54135 -> kubernetes.docker.internal:6850","SUCCESS","Length: 2048, startime: 389515, endtime: 389515, seqnum: 0, connid: 0"
"01:52:17.3673857","LightingService.exe","6180","TCP Send","kubernetes.docker.internal:54135 -> kubernetes.docker.internal:6850","SUCCESS","Length: 2048, startime: 389521, endtime: 389521, seqnum: 0, connid: 0"
"01:52:17.4314601","LightingService.exe","6180","TCP Send","kubernetes.docker.internal:54135 -> kubernetes.docker.internal:6850","SUCCESS","Length: 2048, startime: 389527, endtime: 389527, seqnum: 0, connid: 0"
"01:52:17.4961363","LightingService.exe","6180","TCP Send","kubernetes.docker.internal:54135 -> kubernetes.docker.internal:6850","SUCCESS","Length: 2048, startime: 389534, endtime: 389534, seqnum: 0, connid: 0"
"01:52:17.5599439","LightingService.exe","6180","TCP Send","kubernetes.docker.internal:54135 -> kubernetes.docker.internal:6850","SUCCESS","Length: 2048, startime: 389540, endtime: 389540, seqnum: 0, connid: 0"
"01:52:17.6242050","LightingService.exe","6180","TCP Send","kubernetes.docker.internal:54135 -> kubernetes.docker.internal:6850","SUCCESS","Length: 2048, startime: 389547, endtime: 389547, seqnum: 0, connid: 0"
"01:52:17.6875216","LightingService.exe","6180","TCP Send","kubernetes.docker.internal:54135 -> kubernetes.docker.internal:6850","SUCCESS","Length: 2048, startime: 389553, endtime: 389553, seqnum: 0, connid: 0"
"01:52:17.7517022","LightingService.exe","6180","TCP Send","kubernetes.docker.internal:54135 -> kubernetes.docker.internal:6850","SUCCESS","Length: 2048, startime: 389559, endtime: 389559, seqnum: 0, connid: 0"
"01:52:17.8064587","LightingService.exe","6180","Process Profiling","","SUCCESS","User Time: 9.2187500 seconds, Kernel Time: 10.8750000 seconds, Private Bytes: 31940608, Working Set: 52621312"
"01:52:17.8153461","LightingService.exe","6180","TCP Send","kubernetes.docker.internal:54135 -> kubernetes.docker.internal:6850","SUCCESS","Length: 2048, startime: 389566, endtime: 389566, seqnum: 0, connid: 0"
"01:52:17.8793122","LightingService.exe","6180","TCP Send","kubernetes.docker.internal:54135 -> kubernetes.docker.internal:6850","SUCCESS","Length: 2048, startime: 389572, endtime: 389572, seqnum: 0, connid: 0"
"01:52:17.9439544","LightingService.exe","6180","TCP Send","kubernetes.docker.internal:54135 -> kubernetes.docker.internal:6850","SUCCESS","Length: 2048, startime: 389579, endtime: 389579, seqnum: 0, connid: 0"
"01:52:18.0081013","LightingService.exe","6180","TCP Send","kubernetes.docker.internal:54135 -> kubernetes.docker.internal:6850","SUCCESS","Length: 2048, startime: 389585, endtime: 389585, seqnum: 0, connid: 0"
"01:52:18.0713981","LightingService.exe","6180","TCP Send","kubernetes.docker.internal:54135 -> kubernetes.docker.internal:6850","SUCCESS","Length: 2048, startime: 389591, endtime: 389591, seqnum: 0, connid: 0"
"01:52:18.1354440","LightingService.exe","6180","TCP Send","kubernetes.docker.internal:54135 -> kubernetes.docker.internal:6850","SUCCESS","Length: 2048, startime: 389598, endtime: 389598, seqnum: 0, connid: 0"
"01:52:18.2004256","LightingService.exe","6180","TCP Send","kubernetes.docker.internal:54135 -> kubernetes.docker.internal:6850","SUCCESS","Length: 2048, startime: 389604, endtime: 389604, seqnum: 0, connid: 0"
"01:52:18.2636591","LightingService.exe","6180","TCP Send","kubernetes.docker.internal:54135 -> kubernetes.docker.internal:6850","SUCCESS","Length: 2048, startime: 389611, endtime: 389611, seqnum: 0, connid: 0"
"01:52:18.3275167","LightingService.exe","6180","TCP Send","kubernetes.docker.internal:54135 -> kubernetes.docker.internal:6850","SUCCESS","Length: 2048, startime: 389617, endtime: 389617, seqnum: 0, connid: 0"
"01:52:18.3914740","LightingService.exe","6180","TCP Send","kubernetes.docker.internal:54135 -> kubernetes.docker.internal:6850","SUCCESS","Length: 2048, startime: 389623, endtime: 389623, seqnum: 0, connid: 0"
"01:52:18.4564350","LightingService.exe","6180","TCP Send","kubernetes.docker.internal:54135 -> kubernetes.docker.internal:6850","SUCCESS","Length: 2048, startime: 389630, endtime: 389630, seqnum: 0, connid: 0"
"01:52:18.5194345","LightingService.exe","6180","TCP Send","kubernetes.docker.internal:54135 -> kubernetes.docker.internal:6850","SUCCESS","Length: 2048, startime: 389636, endtime: 389636, seqnum: 0, connid: 0"
"01:52:18.5837558","LightingService.exe","6180","TCP Send","kubernetes.docker.internal:54135 -> kubernetes.docker.internal:6850","SUCCESS","Length: 2048, startime: 389643, endtime: 389643, seqnum: 0, connid: 0"
"01:52:18.6482877","LightingService.exe","6180","TCP Send","kubernetes.docker.internal:54135 -> kubernetes.docker.internal:6850","SUCCESS","Length: 2048, startime: 389649, endtime: 389649, seqnum: 0, connid: 0"
"01:52:18.7123089","LightingService.exe","6180","TCP Send","kubernetes.docker.internal:54135 -> kubernetes.docker.internal:6850","SUCCESS","Length: 2048, startime: 389656, endtime: 389656, seqnum: 0, connid: 0"
"01:52:18.7753474","LightingService.exe","6180","TCP Send","kubernetes.docker.internal:54135 -> kubernetes.docker.internal:6850","SUCCESS","Length: 2048, startime: 389662, endtime: 389662, seqnum: 0, connid: 0"
"01:52:18.8171600","LightingService.exe","6180","Process Profiling","","SUCCESS","User Time: 9.2187500 seconds, Kernel Time: 10.8750000 seconds, Private Bytes: 31940608, Working Set: 52621312"
"01:52:18.8399959","LightingService.exe","6180","TCP Send","kubernetes.docker.internal:54135 -> kubernetes.docker.internal:6850","SUCCESS","Length: 2048, startime: 389668, endtime: 389668, seqnum: 0, connid: 0"
"01:52:18.9033938","LightingService.exe","6180","TCP Send","kubernetes.docker.internal:54135 -> kubernetes.docker.internal:6850","SUCCESS","Length: 2048, startime: 389675, endtime: 389675, seqnum: 0, connid: 0"
"01:52:18.9677014","LightingService.exe","6180","TCP Send","kubernetes.docker.internal:54135 -> kubernetes.docker.internal:6850","SUCCESS","Length: 2048, startime: 389681, endtime: 389681, seqnum: 0, connid: 0"
"01:52:19.0321376","LightingService.exe","6180","TCP Send","kubernetes.docker.internal:54135 -> kubernetes.docker.internal:6850","SUCCESS","Length: 2048, startime: 389688, endtime: 389688, seqnum: 0, connid: 0"
"01:52:19.0954749","LightingService.exe","6180","TCP Send","kubernetes.docker.internal:54135 -> kubernetes.docker.internal:6850","SUCCESS","Length: 2048, startime: 389694, endtime: 389694, seqnum: 0, connid: 0"
"01:52:19.1595867","LightingService.exe","6180","TCP Send","kubernetes.docker.internal:54135 -> kubernetes.docker.internal:6850","SUCCESS","Length: 2048, startime: 389700, endtime: 389700, seqnum: 0, connid: 0"
"01:52:19.2235508","LightingService.exe","6180","TCP Send","kubernetes.docker.internal:54135 -> kubernetes.docker.internal:6850","SUCCESS","Length: 2048, startime: 389707, endtime: 389707, seqnum: 0, connid: 0"
"01:52:19.2874424","LightingService.exe","6180","TCP Send","kubernetes.docker.internal:54135 -> kubernetes.docker.internal:6850","SUCCESS","Length: 2048, startime: 389713, endtime: 389713, seqnum: 0, connid: 0"
"01:52:19.3514922","LightingService.exe","6180","TCP Send","kubernetes.docker.internal:54135 -> kubernetes.docker.internal:6850","SUCCESS","Length: 2048, startime: 389719, endtime: 389719, seqnum: 0, connid: 0"
"01:52:19.4159440","LightingService.exe","6180","TCP Send","kubernetes.docker.internal:54135 -> kubernetes.docker.internal:6850","SUCCESS","Length: 2048, startime: 389726, endtime: 389726, seqnum: 0, connid: 0"
"01:52:19.4801752","LightingService.exe","6180","TCP Send","kubernetes.docker.internal:54135 -> kubernetes.docker.internal:6850","SUCCESS","Length: 2048, startime: 389732, endtime: 389732, seqnum: 0, connid: 0"
"01:52:19.5443995","LightingService.exe","6180","TCP Send","kubernetes.docker.internal:54135 -> kubernetes.docker.internal:6850","SUCCESS","Length: 2048, startime: 389739, endtime: 389739, seqnum: 0, connid: 0"
"01:52:19.6074122","LightingService.exe","6180","TCP Send","kubernetes.docker.internal:54135 -> kubernetes.docker.internal:6850","SUCCESS","Length: 2048, startime: 389745, endtime: 389745, seqnum: 0, connid: 0"
"01:52:19.6715472","LightingService.exe","6180","TCP Send","kubernetes.docker.internal:54135 -> kubernetes.docker.internal:6850","SUCCESS","Length: 2048, startime: 389751, endtime: 389751, seqnum: 0, connid: 0"
"01:52:19.7364378","LightingService.exe","6180","TCP Send","kubernetes.docker.internal:54135 -> kubernetes.docker.internal:6850","SUCCESS","Length: 2048, startime: 389758, endtime: 389758, seqnum: 0, connid: 0"
"01:52:19.7992955","LightingService.exe","6180","TCP Send","kubernetes.docker.internal:54135 -> kubernetes.docker.internal:6850","SUCCESS","Length: 2048, startime: 389764, endtime: 389764, seqnum: 0, connid: 0"
"01:52:19.8132500","LightingService.exe","6180","Process Profiling","","SUCCESS","User Time: 9.2343750 seconds, Kernel Time: 10.8906250 seconds, Private Bytes: 31940608, Working Set: 52621312"
"01:52:19.8637629","LightingService.exe","6180","TCP Send","kubernetes.docker.internal:54135 -> kubernetes.docker.internal:6850","SUCCESS","Length: 2048, startime: 389771, endtime: 389771, seqnum: 0, connid: 0"
"01:52:19.9284897","LightingService.exe","6180","TCP Send","kubernetes.docker.internal:54135 -> kubernetes.docker.internal:6850","SUCCESS","Length: 2048, startime: 389777, endtime: 389777, seqnum: 0, connid: 0"
"01:52:19.9922899","LightingService.exe","6180","TCP Send","kubernetes.docker.internal:54135 -> kubernetes.docker.internal:6850","SUCCESS","Length: 2048, startime: 389784, endtime: 389784, seqnum: 0, connid: 0"
"01:52:20.0555211","LightingService.exe","6180","TCP Send","kubernetes.docker.internal:54135 -> kubernetes.docker.internal:6850","SUCCESS","Length: 2048, startime: 389790, endtime: 389790, seqnum: 0, connid: 0"
"01:52:20.1193790","LightingService.exe","6180","TCP Send","kubernetes.docker.internal:54135 -> kubernetes.docker.internal:6850","SUCCESS","Length: 2048, startime: 389796, endtime: 389796, seqnum: 0, connid: 0"
"01:52:20.1833899","LightingService.exe","6180","TCP Send","kubernetes.docker.internal:54135 -> kubernetes.docker.internal:6850","SUCCESS","Length: 2048, startime: 389803, endtime: 389803, seqnum: 0, connid: 0"
"01:52:20.2475846","LightingService.exe","6180","TCP Send","kubernetes.docker.internal:54135 -> kubernetes.docker.internal:6850","SUCCESS","Length: 2048, startime: 389809, endtime: 389809, seqnum: 0, connid: 0"
"01:52:20.3119937","LightingService.exe","6180","TCP Send","kubernetes.docker.internal:54135 -> kubernetes.docker.internal:6850","SUCCESS","Length: 2048, startime: 389816, endtime: 389816, seqnum: 0, connid: 0"
"01:52:20.3759258","LightingService.exe","6180","TCP Send","kubernetes.docker.internal:54135 -> kubernetes.docker.internal:6850","SUCCESS","Length: 2048, startime: 389822, endtime: 389822, seqnum: 0, connid: 0"
"01:52:20.4397357","LightingService.exe","6180","TCP Send","kubernetes.docker.internal:54135 -> kubernetes.docker.internal:6850","SUCCESS","Length: 2048, startime: 389828, endtime: 389828, seqnum: 0, connid: 0"
"01:52:20.5034161","LightingService.exe","6180","TCP Send","kubernetes.docker.internal:54135 -> kubernetes.docker.internal:6850","SUCCESS","Length: 2048, startime: 389835, endtime: 389835, seqnum: 0, connid: 0"
"01:52:20.5675515","LightingService.exe","6180","TCP Send","kubernetes.docker.internal:54135 -> kubernetes.docker.internal:6850","SUCCESS","Length: 2048, startime: 389841, endtime: 389841, seqnum: 0, connid: 0"
"01:52:20.6314707","LightingService.exe","6180","TCP Send","kubernetes.docker.internal:54135 -> kubernetes.docker.internal:6850","SUCCESS","Length: 2048, startime: 389847, endtime: 389847, seqnum: 0, connid: 0"
"01:52:20.6956054","LightingService.exe","6180","TCP Send","kubernetes.docker.internal:54135 -> kubernetes.docker.internal:6850","SUCCESS","Length: 2048, startime: 389854, endtime: 389854, seqnum: 0, connid: 0"
"01:52:20.7595530","LightingService.exe","6180","TCP Send","kubernetes.docker.internal:54135 -> kubernetes.docker.internal:6850","SUCCESS","Length: 2048, startime: 389860, endtime: 389860, seqnum: 0, connid: 0"
"01:52:20.8080492","LightingService.exe","6180","Process Profiling","","SUCCESS","User Time: 9.2343750 seconds, Kernel Time: 10.8906250 seconds, Private Bytes: 31940608, Working Set: 52621312"
"01:52:20.8241917","LightingService.exe","6180","TCP Send","kubernetes.docker.internal:54135 -> kubernetes.docker.internal:6850","SUCCESS","Length: 2048, startime: 389867, endtime: 389867, seqnum: 0, connid: 0"
"01:52:20.8882430","LightingService.exe","6180","TCP Send","kubernetes.docker.internal:54135 -> kubernetes.docker.internal:6850","SUCCESS","Length: 2048, startime: 389873, endtime: 389873, seqnum: 0, connid: 0"
"01:52:20.9514916","LightingService.exe","6180","TCP Send","kubernetes.docker.internal:54135 -> kubernetes.docker.internal:6850","SUCCESS","Length: 2048, startime: 389879, endtime: 389879, seqnum: 0, connid: 0"
"01:52:21.0163493","LightingService.exe","6180","TCP Send","kubernetes.docker.internal:54135 -> kubernetes.docker.internal:6850","SUCCESS","Length: 2048, startime: 389886, endtime: 389886, seqnum: 0, connid: 0"
"01:52:21.0803654","LightingService.exe","6180","TCP Send","kubernetes.docker.internal:54135 -> kubernetes.docker.internal:6850","SUCCESS","Length: 2048, startime: 389892, endtime: 389892, seqnum: 0, connid: 0"
"01:52:21.1440992","LightingService.exe","6180","TCP Send","kubernetes.docker.internal:54135 -> kubernetes.docker.internal:6850","SUCCESS","Length: 2048, startime: 389899, endtime: 389899, seqnum: 0, connid: 0"
"01:52:21.2081587","LightingService.exe","6180","TCP Send","kubernetes.docker.internal:54135 -> kubernetes.docker.internal:6850","SUCCESS","Length: 2048, startime: 389905, endtime: 389905, seqnum: 0, connid: 0"
"01:52:21.2721193","LightingService.exe","6180","TCP Send","kubernetes.docker.internal:54135 -> kubernetes.docker.internal:6850","SUCCESS","Length: 2048, startime: 389912, endtime: 389912, seqnum: 0, connid: 0"
"01:52:21.3364812","LightingService.exe","6180","TCP Send","kubernetes.docker.internal:54135 -> kubernetes.docker.internal:6850","SUCCESS","Length: 2048, startime: 389918, endtime: 389918, seqnum: 0, connid: 0"
"01:52:21.3997575","LightingService.exe","6180","TCP Send","kubernetes.docker.internal:54135 -> kubernetes.docker.internal:6850","SUCCESS","Length: 2048, startime: 389924, endtime: 389924, seqnum: 0, connid: 0"
"01:52:21.4640217","LightingService.exe","6180","TCP Send","kubernetes.docker.internal:54135 -> kubernetes.docker.internal:6850","SUCCESS","Length: 2048, startime: 389931, endtime: 389931, seqnum: 0, connid: 0"
"01:52:21.5283368","LightingService.exe","6180","TCP Send","kubernetes.docker.internal:54135 -> kubernetes.docker.internal:6850","SUCCESS","Length: 2048, startime: 389937, endtime: 389937, seqnum: 0, connid: 0"
"01:52:21.5917767","LightingService.exe","6180","TCP Send","kubernetes.docker.internal:54135 -> kubernetes.docker.internal:6850","SUCCESS","Length: 2048, startime: 389943, endtime: 389944, seqnum: 0, connid: 0"
"01:52:21.6567539","LightingService.exe","6180","TCP Send","kubernetes.docker.internal:54135 -> kubernetes.docker.internal:6850","SUCCESS","Length: 2048, startime: 389950, endtime: 389950, seqnum: 0, connid: 0"
"01:52:21.7201530","LightingService.exe","6180","TCP Send","kubernetes.docker.internal:54135 -> kubernetes.docker.internal:6850","SUCCESS","Length: 2048, startime: 389956, endtime: 389956, seqnum: 0, connid: 0"
"01:52:21.7842147","LightingService.exe","6180","TCP Send","kubernetes.docker.internal:54135 -> kubernetes.docker.internal:6850","SUCCESS","Length: 2048, startime: 389963, endtime: 389963, seqnum: 0, connid: 0"
"01:52:21.8181165","LightingService.exe","6180","Process Profiling","","SUCCESS","User Time: 9.2343750 seconds, Kernel Time: 10.8906250 seconds, Private Bytes: 31940608, Working Set: 52621312"
"01:52:21.8479709","LightingService.exe","6180","TCP Send","kubernetes.docker.internal:54135 -> kubernetes.docker.internal:6850","SUCCESS","Length: 2048, startime: 389969, endtime: 389969, seqnum: 0, connid: 0"
"01:52:21.9115556","LightingService.exe","6180","TCP Send","kubernetes.docker.internal:54135 -> kubernetes.docker.internal:6850","SUCCESS","Length: 2048, startime: 389975, endtime: 389975, seqnum: 0, connid: 0"
"01:52:21.9756152","LightingService.exe","6180","TCP Send","kubernetes.docker.internal:54135 -> kubernetes.docker.internal:6850","SUCCESS","Length: 2048, startime: 389982, endtime: 389982, seqnum: 0, connid: 0"
"01:52:22.0398117","LightingService.exe","6180","TCP Send","kubernetes.docker.internal:54135 -> kubernetes.docker.internal:6850","SUCCESS","Length: 2048, startime: 389988, endtime: 389988, seqnum: 0, connid: 0"
"01:52:22.1038311","LightingService.exe","6180","TCP Send","kubernetes.docker.internal:54135 -> kubernetes.docker.internal:6850","SUCCESS","Length: 2048, startime: 389995, endtime: 389995, seqnum: 0, connid: 0"
"01:52:22.1675943","LightingService.exe","6180","TCP Send","kubernetes.docker.internal:54135 -> kubernetes.docker.internal:6850","SUCCESS","Length: 2048, startime: 390001, endtime: 390001, seqnum: 0, connid: 0"
"01:52:22.2317158","LightingService.exe","6180","TCP Send","kubernetes.docker.internal:54135 -> kubernetes.docker.internal:6850","SUCCESS","Length: 2048, startime: 390007, endtime: 390007, seqnum: 0, connid: 0"
"01:52:22.2438888","LightingService.exe","6180","CreateFile","C:\Program Files (x86)\LightingService\AuraHueWrapper.dll","SUCCESS","Desired Access: Generic Read, Disposition: Open, Options: Sequential Access, Synchronous IO Non-Alert, Non-Directory File, Attributes: n/a, ShareMode: Read, AllocationSize: n/a, OpenResult: Opened"
"01:52:22.2439878","LightingService.exe","6180","QueryStandardInformationFile","C:\Program Files (x86)\LightingService\AuraHueWrapper.dll","SUCCESS","AllocationSize: 53248, EndOfFile: 50480, NumberOfLinks: 1, DeletePending: False, Directory: False"
"01:52:22.2440172","LightingService.exe","6180","CreateFileMapping","C:\Program Files (x86)\LightingService\AuraHueWrapper.dll","FILE LOCKED WITH ONLY READERS","SyncType: SyncTypeCreateSection, PageProtection: PAGE_READONLY"
"01:52:22.2440388","LightingService.exe","6180","QueryStandardInformationFile","C:\Program Files (x86)\LightingService\AuraHueWrapper.dll","SUCCESS","AllocationSize: 53248, EndOfFile: 50480, NumberOfLinks: 1, DeletePending: False, Directory: False"
"01:52:22.2440542","LightingService.exe","6180","FASTIO_RELEASE_FOR_SECTION_SYNCHRONIZATION","C:\Program Files (x86)\LightingService\AuraHueWrapper.dll","SUCCESS",""
"01:52:22.2440678","LightingService.exe","6180","CreateFileMapping","C:\Program Files (x86)\LightingService\AuraHueWrapper.dll","SUCCESS","SyncType: SyncTypeOther"
"01:52:22.2440796","LightingService.exe","6180","FASTIO_RELEASE_FOR_SECTION_SYNCHRONIZATION","C:\Program Files (x86)\LightingService\AuraHueWrapper.dll","SUCCESS",""
"01:52:22.2441345","LightingService.exe","6180","CloseFile","C:\Program Files (x86)\LightingService\AuraHueWrapper.dll","SUCCESS",""
"01:52:22.2441652","LightingService.exe","6180","IRP_MJ_CLOSE","C:\Program Files (x86)\LightingService\AuraHueWrapper.dll","SUCCESS",""
"01:52:22.2443064","LightingService.exe","6180","CreateFile","C:\Program Files (x86)\LightingService\AuraHueWrapper.dll","SUCCESS","Desired Access: Generic Read, Disposition: Open, Options: Sequential Access, Synchronous IO Non-Alert, Non-Directory File, Attributes: n/a, ShareMode: Read, AllocationSize: n/a, OpenResult: Opened"
"01:52:22.2443548","LightingService.exe","6180","QueryStandardInformationFile","C:\Program Files (x86)\LightingService\AuraHueWrapper.dll","SUCCESS","AllocationSize: 53248, EndOfFile: 50480, NumberOfLinks: 1, DeletePending: False, Directory: False"
"01:52:22.2443729","LightingService.exe","6180","CreateFileMapping","C:\Program Files (x86)\LightingService\AuraHueWrapper.dll","FILE LOCKED WITH ONLY READERS","SyncType: SyncTypeCreateSection, PageProtection: PAGE_READONLY"
"01:52:22.2443876","LightingService.exe","6180","QueryStandardInformationFile","C:\Program Files (x86)\LightingService\AuraHueWrapper.dll","SUCCESS","AllocationSize: 53248, EndOfFile: 50480, NumberOfLinks: 1, DeletePending: False, Directory: False"
"01:52:22.2444010","LightingService.exe","6180","FASTIO_RELEASE_FOR_SECTION_SYNCHRONIZATION","C:\Program Files (x86)\LightingService\AuraHueWrapper.dll","SUCCESS",""
"01:52:22.2444115","LightingService.exe","6180","CreateFileMapping","C:\Program Files (x86)\LightingService\AuraHueWrapper.dll","SUCCESS","SyncType: SyncTypeOther"
"01:52:22.2444220","LightingService.exe","6180","FASTIO_RELEASE_FOR_SECTION_SYNCHRONIZATION","C:\Program Files (x86)\LightingService\AuraHueWrapper.dll","SUCCESS",""
"01:52:22.2444660","LightingService.exe","6180","CloseFile","C:\Program Files (x86)\LightingService\AuraHueWrapper.dll","SUCCESS",""
"01:52:22.2444887","LightingService.exe","6180","IRP_MJ_CLOSE","C:\Program Files (x86)\LightingService\AuraHueWrapper.dll","SUCCESS",""
"01:52:22.2445549","LightingService.exe","6180","RegQueryKey","HKU\.DEFAULT","SUCCESS","Query: HandleTags, HandleTags: 0x0"
"01:52:22.2445725","LightingService.exe","6180","RegQueryKey","HKU\.DEFAULT","SUCCESS","Query: Name"
"01:52:22.2446042","LightingService.exe","6180","RegOpenKey","HKU\.DEFAULT\Software\Microsoft\.NETFramework","NAME NOT FOUND","Desired Access: Read"
"01:52:22.2446406","LightingService.exe","6180","RegQueryKey","HKLM","SUCCESS","Query: HandleTags, HandleTags: 0x0"
"01:52:22.2446519","LightingService.exe","6180","RegQueryKey","HKLM","SUCCESS","Query: Name"
"01:52:22.2446747","LightingService.exe","6180","RegOpenKey","HKLM\Software\WOW6432Node\Microsoft\.NETFramework","SUCCESS","Desired Access: Read"
"01:52:22.2447071","LightingService.exe","6180","RegSetInfoKey","HKLM\SOFTWARE\WOW6432Node\Microsoft\.NETFramework","SUCCESS","KeySetInformationClass: KeySetHandleTagsInformation, Length: 0"
"01:52:22.2448233","LightingService.exe","6180","CreateFile","C:\Program Files (x86)\LightingService\AuraHueWrapper.dll.config","NAME NOT FOUND","Desired Access: Generic Read, Disposition: Open, Options: Synchronous IO Non-Alert, Non-Directory File, Attributes: N, ShareMode: Read, AllocationSize: n/a"
"01:52:22.2449466","LightingService.exe","6180","CreateFile","C:\Program Files (x86)\LightingService\AuraHueWrapper.dll","SUCCESS","Desired Access: Generic Read, Disposition: Open, Options: Sequential Access, Synchronous IO Non-Alert, Non-Directory File, Attributes: n/a, ShareMode: Read, AllocationSize: n/a, OpenResult: Opened"
"01:52:22.2449912","LightingService.exe","6180","QueryStandardInformationFile","C:\Program Files (x86)\LightingService\AuraHueWrapper.dll","SUCCESS","AllocationSize: 53248, EndOfFile: 50480, NumberOfLinks: 1, DeletePending: False, Directory: False"
"01:52:22.2450095","LightingService.exe","6180","CreateFileMapping","C:\Program Files (x86)\LightingService\AuraHueWrapper.dll","FILE LOCKED WITH ONLY READERS","SyncType: SyncTypeCreateSection, PageProtection: PAGE_READONLY"
"01:52:22.2450247","LightingService.exe","6180","QueryStandardInformationFile","C:\Program Files (x86)\LightingService\AuraHueWrapper.dll","SUCCESS","AllocationSize: 53248, EndOfFile: 50480, NumberOfLinks: 1, DeletePending: False, Directory: False"
"01:52:22.2450379","LightingService.exe","6180","FASTIO_RELEASE_FOR_SECTION_SYNCHRONIZATION","C:\Program Files (x86)\LightingService\AuraHueWrapper.dll","SUCCESS",""
"01:52:22.2450485","LightingService.exe","6180","CreateFileMapping","C:\Program Files (x86)\LightingService\AuraHueWrapper.dll","SUCCESS","SyncType: SyncTypeOther"
"01:52:22.2450591","LightingService.exe","6180","FASTIO_RELEASE_FOR_SECTION_SYNCHRONIZATION","C:\Program Files (x86)\LightingService\AuraHueWrapper.dll","SUCCESS",""
"01:52:22.2450907","LightingService.exe","6180","CloseFile","C:\Program Files (x86)\LightingService\AuraHueWrapper.dll","SUCCESS",""
"01:52:22.2451128","LightingService.exe","6180","IRP_MJ_CLOSE","C:\Program Files (x86)\LightingService\AuraHueWrapper.dll","SUCCESS",""
"01:52:22.2452245","LightingService.exe","6180","CreateFile","C:\Program Files (x86)\LightingService\AuraHueWrapper.dll","SUCCESS","Desired Access: Generic Read, Disposition: Open, Options: Sequential Access, Synchronous IO Non-Alert, Non-Directory File, Attributes: n/a, ShareMode: Read, AllocationSize: n/a, OpenResult: Opened"
"01:52:22.2452663","LightingService.exe","6180","QueryStandardInformationFile","C:\Program Files (x86)\LightingService\AuraHueWrapper.dll","SUCCESS","AllocationSize: 53248, EndOfFile: 50480, NumberOfLinks: 1, DeletePending: False, Directory: False"
"01:52:22.2452826","LightingService.exe","6180","CreateFileMapping","C:\Program Files (x86)\LightingService\AuraHueWrapper.dll","FILE LOCKED WITH ONLY READERS","SyncType: SyncTypeCreateSection, PageProtection: PAGE_READONLY"
"01:52:22.2452962","LightingService.exe","6180","QueryStandardInformationFile","C:\Program Files (x86)\LightingService\AuraHueWrapper.dll","SUCCESS","AllocationSize: 53248, EndOfFile: 50480, NumberOfLinks: 1, DeletePending: False, Directory: False"
"01:52:22.2453093","LightingService.exe","6180","FASTIO_RELEASE_FOR_SECTION_SYNCHRONIZATION","C:\Program Files (x86)\LightingService\AuraHueWrapper.dll","SUCCESS",""
"01:52:22.2453193","LightingService.exe","6180","CreateFileMapping","C:\Program Files (x86)\LightingService\AuraHueWrapper.dll","SUCCESS","SyncType: SyncTypeOther"
"01:52:22.2453295","LightingService.exe","6180","FASTIO_RELEASE_FOR_SECTION_SYNCHRONIZATION","C:\Program Files (x86)\LightingService\AuraHueWrapper.dll","SUCCESS",""
"01:52:22.2453571","LightingService.exe","6180","CloseFile","C:\Program Files (x86)\LightingService\AuraHueWrapper.dll","SUCCESS",""
"01:52:22.2453769","LightingService.exe","6180","IRP_MJ_CLOSE","C:\Program Files (x86)\LightingService\AuraHueWrapper.dll","SUCCESS",""
"01:52:22.2454158","LightingService.exe","6180","RegQueryKey","HKLM\SOFTWARE\WOW6432Node\Microsoft\.NETFramework","SUCCESS","Query: HandleTags, HandleTags: 0x400"
"01:52:22.2454315","LightingService.exe","6180","RegOpenKey","HKLM\SOFTWARE\WOW6432Node\Microsoft\.NETFramework\Policy\Standards","SUCCESS","Desired Access: Read"
"01:52:22.2454861","LightingService.exe","6180","RegQueryKey","HKLM\SOFTWARE\WOW6432Node\Microsoft\.NETFramework\policy\standards","SUCCESS","Query: HandleTags, HandleTags: 0x400"
"01:52:22.2454992","LightingService.exe","6180","RegOpenKey","HKLM\SOFTWARE\WOW6432Node\Microsoft\.NETFramework\policy\standards\v4.0.30319","NAME NOT FOUND","Desired Access: Read"
"01:52:22.2455208","LightingService.exe","6180","RegCloseKey","HKLM\SOFTWARE\WOW6432Node\Microsoft\.NETFramework\policy\standards","SUCCESS",""
"01:52:22.2455546","LightingService.exe","6180","RegQueryKey","HKLM","SUCCESS","Query: HandleTags, HandleTags: 0x0"
"01:52:22.2455656","LightingService.exe","6180","RegQueryKey","HKLM","SUCCESS","Query: Name"
"01:52:22.2455866","LightingService.exe","6180","RegOpenKey","HKLM\SOFTWARE\WOW6432Node\Microsoft\Fusion","SUCCESS","Desired Access: Read"
"01:52:22.2456069","LightingService.exe","6180","RegSetInfoKey","HKLM\SOFTWARE\WOW6432Node\Microsoft\Fusion","SUCCESS","KeySetInformationClass: KeySetHandleTagsInformation, Length: 0"
"01:52:22.2456231","LightingService.exe","6180","RegQueryValue","HKLM\SOFTWARE\WOW6432Node\Microsoft\Fusion\NoClientChecks","NAME NOT FOUND","Length: 16"
"01:52:22.2456405","LightingService.exe","6180","RegCloseKey","HKLM\SOFTWARE\WOW6432Node\Microsoft\Fusion","SUCCESS",""
"01:52:22.2457801","LightingService.exe","6180","QueryOpen","C:\Windows\Microsoft.NET\Framework\v4.0.30319\clr.dll","FAST IO DISALLOWED",""
"01:52:22.2458614","LightingService.exe","6180","CreateFile","C:\Windows\Microsoft.NET\Framework\v4.0.30319\clr.dll","SUCCESS","Desired Access: Read Attributes, Disposition: Open, Options: Open Reparse Point, Attributes: n/a, ShareMode: Read, Write, Delete, AllocationSize: n/a, OpenResult: Opened"
"01:52:22.2459237","LightingService.exe","6180","QueryBasicInformationFile","C:\Windows\Microsoft.NET\Framework\v4.0.30319\clr.dll","SUCCESS","CreationTime: 26-11-2025 09:17:59, LastAccessTime: 16-08-2026 01:51:51, LastWriteTime: 17-09-2025 03:22:40, ChangeTime: 26-11-2025 09:18:43, FileAttributes: A"
"01:52:22.2459397","LightingService.exe","6180","CloseFile","C:\Windows\Microsoft.NET\Framework\v4.0.30319\clr.dll","SUCCESS",""
"01:52:22.2459616","LightingService.exe","6180","IRP_MJ_CLOSE","C:\Windows\Microsoft.NET\Framework\v4.0.30319\clr.dll","SUCCESS",""
"01:52:22.2460815","LightingService.exe","6180","QueryOpen","C:\Windows\Microsoft.NET\Framework\v4.0.30319\clr.dll","FAST IO DISALLOWED",""
"01:52:22.2461568","LightingService.exe","6180","CreateFile","C:\Windows\Microsoft.NET\Framework\v4.0.30319\clr.dll","SUCCESS","Desired Access: Read Attributes, Disposition: Open, Options: Open Reparse Point, Attributes: n/a, ShareMode: Read, Write, Delete, AllocationSize: n/a, OpenResult: Opened"
"01:52:22.2461999","LightingService.exe","6180","QueryBasicInformationFile","C:\Windows\Microsoft.NET\Framework\v4.0.30319\clr.dll","SUCCESS","CreationTime: 26-11-2025 09:17:59, LastAccessTime: 16-08-2026 01:51:51, LastWriteTime: 17-09-2025 03:22:40, ChangeTime: 26-11-2025 09:18:43, FileAttributes: A"
"01:52:22.2462138","LightingService.exe","6180","CloseFile","C:\Windows\Microsoft.NET\Framework\v4.0.30319\clr.dll","SUCCESS",""
"01:52:22.2462333","LightingService.exe","6180","IRP_MJ_CLOSE","C:\Windows\Microsoft.NET\Framework\v4.0.30319\clr.dll","SUCCESS",""
"01:52:22.2462722","LightingService.exe","6180","RegCloseKey","HKLM\SOFTWARE\WOW6432Node\Microsoft\.NETFramework","SUCCESS",""
"01:52:22.2464070","LightingService.exe","6180","Thread Exit","","SUCCESS","Thread ID: 11544, User Time: 0.0000000, Kernel Time: 0.0000000"
"01:52:22.2477757","LightingService.exe","6180","CreateFile","C:\Program Files (x86)\LightingService\AuraHueWrapper.dll","SUCCESS","Desired Access: Generic Read, Disposition: Open, Options: Sequential Access, Synchronous IO Non-Alert, Non-Directory File, Attributes: n/a, ShareMode: Read, AllocationSize: n/a, OpenResult: Opened"
"01:52:22.2478212","LightingService.exe","6180","QueryStandardInformationFile","C:\Program Files (x86)\LightingService\AuraHueWrapper.dll","SUCCESS","AllocationSize: 53248, EndOfFile: 50480, NumberOfLinks: 1, DeletePending: False, Directory: False"
"01:52:22.2478366","LightingService.exe","6180","CreateFileMapping","C:\Program Files (x86)\LightingService\AuraHueWrapper.dll","FILE LOCKED WITH ONLY READERS","SyncType: SyncTypeCreateSection, PageProtection: PAGE_READONLY"
"01:52:22.2478484","LightingService.exe","6180","QueryStandardInformationFile","C:\Program Files (x86)\LightingService\AuraHueWrapper.dll","SUCCESS","AllocationSize: 53248, EndOfFile: 50480, NumberOfLinks: 1, DeletePending: False, Directory: False"
"01:52:22.2478577","LightingService.exe","6180","FASTIO_RELEASE_FOR_SECTION_SYNCHRONIZATION","C:\Program Files (x86)\LightingService\AuraHueWrapper.dll","SUCCESS",""
"01:52:22.2478656","LightingService.exe","6180","CreateFileMapping","C:\Program Files (x86)\LightingService\AuraHueWrapper.dll","SUCCESS","SyncType: SyncTypeOther"
"01:52:22.2478727","LightingService.exe","6180","FASTIO_RELEASE_FOR_SECTION_SYNCHRONIZATION","C:\Program Files (x86)\LightingService\AuraHueWrapper.dll","SUCCESS",""
"01:52:22.2479008","LightingService.exe","6180","CloseFile","C:\Program Files (x86)\LightingService\AuraHueWrapper.dll","SUCCESS",""
"01:52:22.2479185","LightingService.exe","6180","IRP_MJ_CLOSE","C:\Program Files (x86)\LightingService\AuraHueWrapper.dll","SUCCESS",""
"01:52:22.2480032","LightingService.exe","6180","CreateFile","C:\Program Files (x86)\LightingService\AuraHueWrapper.dll","SUCCESS","Desired Access: Generic Read, Disposition: Open, Options: Sequential Access, Synchronous IO Non-Alert, Non-Directory File, Attributes: n/a, ShareMode: Read, AllocationSize: n/a, OpenResult: Opened"
"01:52:22.2480330","LightingService.exe","6180","QueryStandardInformationFile","C:\Program Files (x86)\LightingService\AuraHueWrapper.dll","SUCCESS","AllocationSize: 53248, EndOfFile: 50480, NumberOfLinks: 1, DeletePending: False, Directory: False"
"01:52:22.2480440","LightingService.exe","6180","CreateFileMapping","C:\Program Files (x86)\LightingService\AuraHueWrapper.dll","FILE LOCKED WITH ONLY READERS","SyncType: SyncTypeCreateSection, PageProtection: PAGE_READONLY"
"01:52:22.2480533","LightingService.exe","6180","QueryStandardInformationFile","C:\Program Files (x86)\LightingService\AuraHueWrapper.dll","SUCCESS","AllocationSize: 53248, EndOfFile: 50480, NumberOfLinks: 1, DeletePending: False, Directory: False"
"01:52:22.2480616","LightingService.exe","6180","FASTIO_RELEASE_FOR_SECTION_SYNCHRONIZATION","C:\Program Files (x86)\LightingService\AuraHueWrapper.dll","SUCCESS",""
"01:52:22.2480681","LightingService.exe","6180","CreateFileMapping","C:\Program Files (x86)\LightingService\AuraHueWrapper.dll","SUCCESS","SyncType: SyncTypeOther"
"01:52:22.2480747","LightingService.exe","6180","FASTIO_RELEASE_FOR_SECTION_SYNCHRONIZATION","C:\Program Files (x86)\LightingService\AuraHueWrapper.dll","SUCCESS",""
"01:52:22.2480946","LightingService.exe","6180","CloseFile","C:\Program Files (x86)\LightingService\AuraHueWrapper.dll","SUCCESS",""
"01:52:22.2481083","LightingService.exe","6180","IRP_MJ_CLOSE","C:\Program Files (x86)\LightingService\AuraHueWrapper.dll","SUCCESS",""
"01:52:22.2481418","LightingService.exe","6180","RegQueryKey","HKU\.DEFAULT","SUCCESS","Query: HandleTags, HandleTags: 0x0"
"01:52:22.2481529","LightingService.exe","6180","RegQueryKey","HKU\.DEFAULT","SUCCESS","Query: Name"
"01:52:22.2481726","LightingService.exe","6180","RegOpenKey","HKU\.DEFAULT\Software\Microsoft\.NETFramework","NAME NOT FOUND","Desired Access: Read"
"01:52:22.2481914","LightingService.exe","6180","RegQueryKey","HKLM","SUCCESS","Query: HandleTags, HandleTags: 0x0"
"01:52:22.2481985","LightingService.exe","6180","RegQueryKey","HKLM","SUCCESS","Query: Name"
"01:52:22.2482134","LightingService.exe","6180","RegOpenKey","HKLM\Software\WOW6432Node\Microsoft\.NETFramework","SUCCESS","Desired Access: Read"
"01:52:22.2482309","LightingService.exe","6180","RegSetInfoKey","HKLM\SOFTWARE\WOW6432Node\Microsoft\.NETFramework","SUCCESS","KeySetInformationClass: KeySetHandleTagsInformation, Length: 0"
"01:52:22.2483100","LightingService.exe","6180","CreateFile","C:\Program Files (x86)\LightingService\AuraHueWrapper.dll.config","NAME NOT FOUND","Desired Access: Generic Read, Disposition: Open, Options: Synchronous IO Non-Alert, Non-Directory File, Attributes: N, ShareMode: Read, AllocationSize: n/a"
"01:52:22.2483869","LightingService.exe","6180","CreateFile","C:\Program Files (x86)\LightingService\AuraHueWrapper.dll","SUCCESS","Desired Access: Generic Read, Disposition: Open, Options: Sequential Access, Synchronous IO Non-Alert, Non-Directory File, Attributes: n/a, ShareMode: Read, AllocationSize: n/a, OpenResult: Opened"
"01:52:22.2484144","LightingService.exe","6180","QueryStandardInformationFile","C:\Program Files (x86)\LightingService\AuraHueWrapper.dll","SUCCESS","AllocationSize: 53248, EndOfFile: 50480, NumberOfLinks: 1, DeletePending: False, Directory: False"
"01:52:22.2484255","LightingService.exe","6180","CreateFileMapping","C:\Program Files (x86)\LightingService\AuraHueWrapper.dll","FILE LOCKED WITH ONLY READERS","SyncType: SyncTypeCreateSection, PageProtection: PAGE_READONLY"
"01:52:22.2484348","LightingService.exe","6180","QueryStandardInformationFile","C:\Program Files (x86)\LightingService\AuraHueWrapper.dll","SUCCESS","AllocationSize: 53248, EndOfFile: 50480, NumberOfLinks: 1, DeletePending: False, Directory: False"
"01:52:22.2484439","LightingService.exe","6180","FASTIO_RELEASE_FOR_SECTION_SYNCHRONIZATION","C:\Program Files (x86)\LightingService\AuraHueWrapper.dll","SUCCESS",""
"01:52:22.2484510","LightingService.exe","6180","CreateFileMapping","C:\Program Files (x86)\LightingService\AuraHueWrapper.dll","SUCCESS","SyncType: SyncTypeOther"
"01:52:22.2484587","LightingService.exe","6180","FASTIO_RELEASE_FOR_SECTION_SYNCHRONIZATION","C:\Program Files (x86)\LightingService\AuraHueWrapper.dll","SUCCESS",""
"01:52:22.2484788","LightingService.exe","6180","CloseFile","C:\Program Files (x86)\LightingService\AuraHueWrapper.dll","SUCCESS",""
"01:52:22.2486764","LightingService.exe","6180","IRP_MJ_CLOSE","C:\Program Files (x86)\LightingService\AuraHueWrapper.dll","SUCCESS",""
"01:52:22.2488335","LightingService.exe","6180","CreateFile","C:\Program Files (x86)\LightingService\AuraHueWrapper.dll","SUCCESS","Desired Access: Generic Read, Disposition: Open, Options: Sequential Access, Synchronous IO Non-Alert, Non-Directory File, Attributes: n/a, ShareMode: Read, AllocationSize: n/a, OpenResult: Opened"
"01:52:22.2488833","LightingService.exe","6180","QueryStandardInformationFile","C:\Program Files (x86)\LightingService\AuraHueWrapper.dll","SUCCESS","AllocationSize: 53248, EndOfFile: 50480, NumberOfLinks: 1, DeletePending: False, Directory: False"
"01:52:22.2488994","LightingService.exe","6180","CreateFileMapping","C:\Program Files (x86)\LightingService\AuraHueWrapper.dll","FILE LOCKED WITH ONLY READERS","SyncType: SyncTypeCreateSection, PageProtection: PAGE_READONLY"
"01:52:22.2489116","LightingService.exe","6180","QueryStandardInformationFile","C:\Program Files (x86)\LightingService\AuraHueWrapper.dll","SUCCESS","AllocationSize: 53248, EndOfFile: 50480, NumberOfLinks: 1, DeletePending: False, Directory: False"
"01:52:22.2489209","LightingService.exe","6180","FASTIO_RELEASE_FOR_SECTION_SYNCHRONIZATION","C:\Program Files (x86)\LightingService\AuraHueWrapper.dll","SUCCESS",""
"01:52:22.2489290","LightingService.exe","6180","CreateFileMapping","C:\Program Files (x86)\LightingService\AuraHueWrapper.dll","SUCCESS","SyncType: SyncTypeOther"
"01:52:22.2489361","LightingService.exe","6180","FASTIO_RELEASE_FOR_SECTION_SYNCHRONIZATION","C:\Program Files (x86)\LightingService\AuraHueWrapper.dll","SUCCESS",""
"01:52:22.2489642","LightingService.exe","6180","CloseFile","C:\Program Files (x86)\LightingService\AuraHueWrapper.dll","SUCCESS",""
"01:52:22.2489817","LightingService.exe","6180","IRP_MJ_CLOSE","C:\Program Files (x86)\LightingService\AuraHueWrapper.dll","SUCCESS",""
"01:52:22.2490193","LightingService.exe","6180","RegQueryKey","HKLM\SOFTWARE\WOW6432Node\Microsoft\.NETFramework","SUCCESS","Query: HandleTags, HandleTags: 0x400"
"01:52:22.2490425","LightingService.exe","6180","RegOpenKey","HKLM\SOFTWARE\WOW6432Node\Microsoft\.NETFramework\Policy\Standards","SUCCESS","Desired Access: Read"
"01:52:22.2490656","LightingService.exe","6180","RegQueryKey","HKLM\SOFTWARE\WOW6432Node\Microsoft\.NETFramework\policy\standards","SUCCESS","Query: HandleTags, HandleTags: 0x400"
"01:52:22.2490746","LightingService.exe","6180","RegOpenKey","HKLM\SOFTWARE\WOW6432Node\Microsoft\.NETFramework\policy\standards\v4.0.30319","NAME NOT FOUND","Desired Access: Read"
"01:52:22.2490894","LightingService.exe","6180","RegCloseKey","HKLM\SOFTWARE\WOW6432Node\Microsoft\.NETFramework\policy\standards","SUCCESS",""
"01:52:22.2491111","LightingService.exe","6180","RegQueryKey","HKLM","SUCCESS","Query: HandleTags, HandleTags: 0x0"
"01:52:22.2491194","LightingService.exe","6180","RegQueryKey","HKLM","SUCCESS","Query: Name"
"01:52:22.2491369","LightingService.exe","6180","RegOpenKey","HKLM\SOFTWARE\WOW6432Node\Microsoft\Fusion","SUCCESS","Desired Access: Read"
"01:52:22.2491528","LightingService.exe","6180","RegSetInfoKey","HKLM\SOFTWARE\WOW6432Node\Microsoft\Fusion","SUCCESS","KeySetInformationClass: KeySetHandleTagsInformation, Length: 0"
"01:52:22.2491634","LightingService.exe","6180","RegQueryValue","HKLM\SOFTWARE\WOW6432Node\Microsoft\Fusion\NoClientChecks","NAME NOT FOUND","Length: 16"
"01:52:22.2491743","LightingService.exe","6180","RegCloseKey","HKLM\SOFTWARE\WOW6432Node\Microsoft\Fusion","SUCCESS",""
"01:52:22.2492669","LightingService.exe","6180","QueryOpen","C:\Windows\Microsoft.NET\Framework\v4.0.30319\clr.dll","FAST IO DISALLOWED",""
"01:52:22.2493198","LightingService.exe","6180","CreateFile","C:\Windows\Microsoft.NET\Framework\v4.0.30319\clr.dll","SUCCESS","Desired Access: Read Attributes, Disposition: Open, Options: Open Reparse Point, Attributes: n/a, ShareMode: Read, Write, Delete, AllocationSize: n/a, OpenResult: Opened"
"01:52:22.2493621","LightingService.exe","6180","QueryBasicInformationFile","C:\Windows\Microsoft.NET\Framework\v4.0.30319\clr.dll","SUCCESS","CreationTime: 26-11-2025 09:17:59, LastAccessTime: 16-08-2026 01:51:51, LastWriteTime: 17-09-2025 03:22:40, ChangeTime: 26-11-2025 09:18:43, FileAttributes: A"
"01:52:22.2493727","LightingService.exe","6180","CloseFile","C:\Windows\Microsoft.NET\Framework\v4.0.30319\clr.dll","SUCCESS",""
"01:52:22.2493872","LightingService.exe","6180","IRP_MJ_CLOSE","C:\Windows\Microsoft.NET\Framework\v4.0.30319\clr.dll","SUCCESS",""
"01:52:22.2494766","LightingService.exe","6180","QueryOpen","C:\Windows\Microsoft.NET\Framework\v4.0.30319\clr.dll","FAST IO DISALLOWED",""
"01:52:22.2495262","LightingService.exe","6180","CreateFile","C:\Windows\Microsoft.NET\Framework\v4.0.30319\clr.dll","SUCCESS","Desired Access: Read Attributes, Disposition: Open, Options: Open Reparse Point, Attributes: n/a, ShareMode: Read, Write, Delete, AllocationSize: n/a, OpenResult: Opened"
"01:52:22.2495538","LightingService.exe","6180","QueryBasicInformationFile","C:\Windows\Microsoft.NET\Framework\v4.0.30319\clr.dll","SUCCESS","CreationTime: 26-11-2025 09:17:59, LastAccessTime: 16-08-2026 01:51:51, LastWriteTime: 17-09-2025 03:22:40, ChangeTime: 26-11-2025 09:18:43, FileAttributes: A"
"01:52:22.2495634","LightingService.exe","6180","CloseFile","C:\Windows\Microsoft.NET\Framework\v4.0.30319\clr.dll","SUCCESS",""
"01:52:22.2495761","LightingService.exe","6180","IRP_MJ_CLOSE","C:\Windows\Microsoft.NET\Framework\v4.0.30319\clr.dll","SUCCESS",""
"01:52:22.2496003","LightingService.exe","6180","RegCloseKey","HKLM\SOFTWARE\WOW6432Node\Microsoft\.NETFramework","SUCCESS",""
"01:52:22.2496787","LightingService.exe","6180","Thread Exit","","SUCCESS","Thread ID: 32940, User Time: 0.0000000, Kernel Time: 0.0000000"
"01:52:22.2954185","LightingService.exe","6180","TCP Send","kubernetes.docker.internal:54135 -> kubernetes.docker.internal:6850","SUCCESS","Length: 2048, startime: 390014, endtime: 390014, seqnum: 0, connid: 0"
"01:52:22.3602590","LightingService.exe","6180","TCP Send","kubernetes.docker.internal:54135 -> kubernetes.docker.internal:6850","SUCCESS","Length: 2048, startime: 390020, endtime: 390020, seqnum: 0, connid: 0"
"01:52:22.4236228","LightingService.exe","6180","TCP Send","kubernetes.docker.internal:54135 -> kubernetes.docker.internal:6850","SUCCESS","Length: 2048, startime: 390027, endtime: 390027, seqnum: 0, connid: 0"
"01:52:22.4873761","LightingService.exe","6180","TCP Send","kubernetes.docker.internal:54135 -> kubernetes.docker.internal:6850","SUCCESS","Length: 2048, startime: 390033, endtime: 390033, seqnum: 0, connid: 0"
"01:52:22.5515523","LightingService.exe","6180","TCP Send","kubernetes.docker.internal:54135 -> kubernetes.docker.internal:6850","SUCCESS","Length: 2048, startime: 390039, endtime: 390039, seqnum: 0, connid: 0"
"01:52:22.6154664","LightingService.exe","6180","TCP Send","kubernetes.docker.internal:54135 -> kubernetes.docker.internal:6850","SUCCESS","Length: 2048, startime: 390046, endtime: 390046, seqnum: 0, connid: 0"
"01:52:22.6798032","LightingService.exe","6180","TCP Send","kubernetes.docker.internal:54135 -> kubernetes.docker.internal:6850","SUCCESS","Length: 2048, startime: 390052, endtime: 390052, seqnum: 0, connid: 0"
"01:52:22.7436039","LightingService.exe","6180","TCP Send","kubernetes.docker.internal:54135 -> kubernetes.docker.internal:6850","SUCCESS","Length: 2048, startime: 390059, endtime: 390059, seqnum: 0, connid: 0"
"01:52:22.8077894","LightingService.exe","6180","TCP Send","kubernetes.docker.internal:54135 -> kubernetes.docker.internal:6850","SUCCESS","Length: 2048, startime: 390065, endtime: 390065, seqnum: 0, connid: 0"
"01:52:22.8127607","LightingService.exe","6180","Process Profiling","","SUCCESS","User Time: 9.2343750 seconds, Kernel Time: 10.9218750 seconds, Private Bytes: 31776768, Working Set: 52543488"
"01:52:22.8713614","LightingService.exe","6180","TCP Send","kubernetes.docker.internal:54135 -> kubernetes.docker.internal:6850","SUCCESS","Length: 2048, startime: 390071, endtime: 390071, seqnum: 0, connid: 0"
"01:52:22.9353236","LightingService.exe","6180","TCP Send","kubernetes.docker.internal:54135 -> kubernetes.docker.internal:6850","SUCCESS","Length: 2048, startime: 390078, endtime: 390078, seqnum: 0, connid: 0"
"01:52:23.0003821","LightingService.exe","6180","TCP Send","kubernetes.docker.internal:54135 -> kubernetes.docker.internal:6850","SUCCESS","Length: 2048, startime: 390084, endtime: 390084, seqnum: 0, connid: 0"
"01:52:23.0641994","LightingService.exe","6180","TCP Send","kubernetes.docker.internal:54135 -> kubernetes.docker.internal:6850","SUCCESS","Length: 2048, startime: 390091, endtime: 390091, seqnum: 0, connid: 0"
"01:52:23.1279754","LightingService.exe","6180","TCP Send","kubernetes.docker.internal:54135 -> kubernetes.docker.internal:6850","SUCCESS","Length: 2048, startime: 390097, endtime: 390097, seqnum: 0, connid: 0"
"01:52:23.1916030","LightingService.exe","6180","TCP Send","kubernetes.docker.internal:54135 -> kubernetes.docker.internal:6850","SUCCESS","Length: 2048, startime: 390103, endtime: 390103, seqnum: 0, connid: 0"
"01:52:23.2555827","LightingService.exe","6180","TCP Send","kubernetes.docker.internal:54135 -> kubernetes.docker.internal:6850","SUCCESS","Length: 2048, startime: 390110, endtime: 390110, seqnum: 0, connid: 0"
"01:52:23.3195867","LightingService.exe","6180","TCP Send","kubernetes.docker.internal:54135 -> kubernetes.docker.internal:6850","SUCCESS","Length: 2048, startime: 390116, endtime: 390116, seqnum: 0, connid: 0"
"01:52:23.3837086","LightingService.exe","6180","TCP Send","kubernetes.docker.internal:54135 -> kubernetes.docker.internal:6850","SUCCESS","Length: 2048, startime: 390123, endtime: 390123, seqnum: 0, connid: 0"
"01:52:23.4475394","LightingService.exe","6180","TCP Send","kubernetes.docker.internal:54135 -> kubernetes.docker.internal:6850","SUCCESS","Length: 2048, startime: 390129, endtime: 390129, seqnum: 0, connid: 0"
"01:52:23.5118128","LightingService.exe","6180","TCP Send","kubernetes.docker.internal:54135 -> kubernetes.docker.internal:6850","SUCCESS","Length: 2048, startime: 390135, endtime: 390136, seqnum: 0, connid: 0"
"01:52:23.5753246","LightingService.exe","6180","TCP Send","kubernetes.docker.internal:54135 -> kubernetes.docker.internal:6850","SUCCESS","Length: 2048, startime: 390142, endtime: 390142, seqnum: 0, connid: 0"
"01:52:23.6397461","LightingService.exe","6180","TCP Send","kubernetes.docker.internal:54135 -> kubernetes.docker.internal:6850","SUCCESS","Length: 2048, startime: 390148, endtime: 390148, seqnum: 0, connid: 0"
"01:52:23.7035374","LightingService.exe","6180","TCP Send","kubernetes.docker.internal:54135 -> kubernetes.docker.internal:6850","SUCCESS","Length: 2048, startime: 390155, endtime: 390155, seqnum: 0, connid: 0"
"01:52:23.7675971","LightingService.exe","6180","TCP Send","kubernetes.docker.internal:54135 -> kubernetes.docker.internal:6850","SUCCESS","Length: 2048, startime: 390161, endtime: 390161, seqnum: 0, connid: 0"
"01:52:23.8100348","LightingService.exe","6180","Process Profiling","","SUCCESS","User Time: 9.2343750 seconds, Kernel Time: 10.9218750 seconds, Private Bytes: 31776768, Working Set: 52543488"
"01:52:23.8319613","LightingService.exe","6180","TCP Send","kubernetes.docker.internal:54135 -> kubernetes.docker.internal:6850","SUCCESS","Length: 2048, startime: 390168, endtime: 390168, seqnum: 0, connid: 0"
"01:52:23.8955710","LightingService.exe","6180","TCP Send","kubernetes.docker.internal:54135 -> kubernetes.docker.internal:6850","SUCCESS","Length: 2048, startime: 390174, endtime: 390174, seqnum: 0, connid: 0"
"01:52:23.9608105","LightingService.exe","6180","TCP Send","kubernetes.docker.internal:54135 -> kubernetes.docker.internal:6850","SUCCESS","Length: 2048, startime: 390180, endtime: 390180, seqnum: 0, connid: 0"
"01:52:24.0235503","LightingService.exe","6180","TCP Send","kubernetes.docker.internal:54135 -> kubernetes.docker.internal:6850","SUCCESS","Length: 2048, startime: 390187, endtime: 390187, seqnum: 0, connid: 0"
"01:52:24.0880063","LightingService.exe","6180","TCP Send","kubernetes.docker.internal:54135 -> kubernetes.docker.internal:6850","SUCCESS","Length: 2048, startime: 390193, endtime: 390193, seqnum: 0, connid: 0"
"01:52:24.1515683","LightingService.exe","6180","TCP Send","kubernetes.docker.internal:54135 -> kubernetes.docker.internal:6850","SUCCESS","Length: 2048, startime: 390199, endtime: 390199, seqnum: 0, connid: 0"
"01:52:24.2155679","LightingService.exe","6180","TCP Send","kubernetes.docker.internal:54135 -> kubernetes.docker.internal:6850","SUCCESS","Length: 2048, startime: 390206, endtime: 390206, seqnum: 0, connid: 0"
"01:52:24.2794546","LightingService.exe","6180","TCP Send","kubernetes.docker.internal:54135 -> kubernetes.docker.internal:6850","SUCCESS","Length: 2048, startime: 390212, endtime: 390212, seqnum: 0, connid: 0"
"01:52:24.3443748","LightingService.exe","6180","TCP Send","kubernetes.docker.internal:54135 -> kubernetes.docker.internal:6850","SUCCESS","Length: 2048, startime: 390219, endtime: 390219, seqnum: 0, connid: 0"
"01:52:24.4075098","LightingService.exe","6180","TCP Send","kubernetes.docker.internal:54135 -> kubernetes.docker.internal:6850","SUCCESS","Length: 2048, startime: 390225, endtime: 390225, seqnum: 0, connid: 0"
"01:52:24.4718492","LightingService.exe","6180","TCP Send","kubernetes.docker.internal:54135 -> kubernetes.docker.internal:6850","SUCCESS","Length: 2048, startime: 390231, endtime: 390232, seqnum: 0, connid: 0"
"01:52:24.5360903","LightingService.exe","6180","TCP Send","kubernetes.docker.internal:54135 -> kubernetes.docker.internal:6850","SUCCESS","Length: 2048, startime: 390238, endtime: 390238, seqnum: 0, connid: 0"
"01:52:24.5995611","LightingService.exe","6180","TCP Send","kubernetes.docker.internal:54135 -> kubernetes.docker.internal:6850","SUCCESS","Length: 2048, startime: 390244, endtime: 390244, seqnum: 0, connid: 0"
"01:52:24.6637195","LightingService.exe","6180","TCP Send","kubernetes.docker.internal:54135 -> kubernetes.docker.internal:6850","SUCCESS","Length: 2048, startime: 390251, endtime: 390251, seqnum: 0, connid: 0"
"01:52:24.7276075","LightingService.exe","6180","TCP Send","kubernetes.docker.internal:54135 -> kubernetes.docker.internal:6850","SUCCESS","Length: 2048, startime: 390257, endtime: 390257, seqnum: 0, connid: 0"
"01:52:24.7921358","LightingService.exe","6180","TCP Send","kubernetes.docker.internal:54135 -> kubernetes.docker.internal:6850","SUCCESS","Length: 2048, startime: 390264, endtime: 390264, seqnum: 0, connid: 0"
"01:52:24.8184489","LightingService.exe","6180","Process Profiling","","SUCCESS","User Time: 9.2343750 seconds, Kernel Time: 10.9218750 seconds, Private Bytes: 31776768, Working Set: 52543488"
"01:52:24.8565814","LightingService.exe","6180","TCP Send","kubernetes.docker.internal:54135 -> kubernetes.docker.internal:6850","SUCCESS","Length: 2048, startime: 390270, endtime: 390270, seqnum: 0, connid: 0"
"01:52:24.9196206","LightingService.exe","6180","TCP Send","kubernetes.docker.internal:54135 -> kubernetes.docker.internal:6850","SUCCESS","Length: 2048, startime: 390276, endtime: 390276, seqnum: 0, connid: 0"
"01:52:24.9838939","LightingService.exe","6180","TCP Send","kubernetes.docker.internal:54135 -> kubernetes.docker.internal:6850","SUCCESS","Length: 2048, startime: 390283, endtime: 390283, seqnum: 0, connid: 0"
"01:52:25.0485123","LightingService.exe","6180","TCP Send","kubernetes.docker.internal:54135 -> kubernetes.docker.internal:6850","SUCCESS","Length: 2048, startime: 390289, endtime: 390289, seqnum: 0, connid: 0"
"01:52:25.1123765","LightingService.exe","6180","TCP Send","kubernetes.docker.internal:54135 -> kubernetes.docker.internal:6850","SUCCESS","Length: 2048, startime: 390296, endtime: 390296, seqnum: 0, connid: 0"
"01:52:25.1756022","LightingService.exe","6180","TCP Send","kubernetes.docker.internal:54135 -> kubernetes.docker.internal:6850","SUCCESS","Length: 2048, startime: 390302, endtime: 390302, seqnum: 0, connid: 0"
"01:52:25.2395264","LightingService.exe","6180","TCP Send","kubernetes.docker.internal:54135 -> kubernetes.docker.internal:6850","SUCCESS","Length: 2048, startime: 390308, endtime: 390308, seqnum: 0, connid: 0"
"01:52:25.3037051","LightingService.exe","6180","TCP Send","kubernetes.docker.internal:54135 -> kubernetes.docker.internal:6850","SUCCESS","Length: 2048, startime: 390315, endtime: 390315, seqnum: 0, connid: 0"
"01:52:25.3683040","LightingService.exe","6180","TCP Send","kubernetes.docker.internal:54135 -> kubernetes.docker.internal:6850","SUCCESS","Length: 2048, startime: 390321, endtime: 390321, seqnum: 0, connid: 0"
"01:52:25.4315817","LightingService.exe","6180","TCP Send","kubernetes.docker.internal:54135 -> kubernetes.docker.internal:6850","SUCCESS","Length: 2048, startime: 390327, endtime: 390327, seqnum: 0, connid: 0"
"01:52:25.4963078","LightingService.exe","6180","TCP Send","kubernetes.docker.internal:54135 -> kubernetes.docker.internal:6850","SUCCESS","Length: 2048, startime: 390334, endtime: 390334, seqnum: 0, connid: 0"
"01:52:25.5596350","LightingService.exe","6180","TCP Send","kubernetes.docker.internal:54135 -> kubernetes.docker.internal:6850","SUCCESS","Length: 2048, startime: 390340, endtime: 390340, seqnum: 0, connid: 0"
"01:52:25.6233383","LightingService.exe","6180","TCP Send","kubernetes.docker.internal:54135 -> kubernetes.docker.internal:6850","SUCCESS","Length: 2048, startime: 390347, endtime: 390347, seqnum: 0, connid: 0"
"01:52:25.6876474","LightingService.exe","6180","TCP Send","kubernetes.docker.internal:54135 -> kubernetes.docker.internal:6850","SUCCESS","Length: 2048, startime: 390353, endtime: 390353, seqnum: 0, connid: 0"
"01:52:25.7523139","LightingService.exe","6180","TCP Send","kubernetes.docker.internal:54135 -> kubernetes.docker.internal:6850","SUCCESS","Length: 2048, startime: 390360, endtime: 390360, seqnum: 0, connid: 0"
"01:52:25.8125509","LightingService.exe","6180","Process Profiling","","SUCCESS","User Time: 9.2343750 seconds, Kernel Time: 10.9218750 seconds, Private Bytes: 31776768, Working Set: 52543488"
"01:52:25.8155360","LightingService.exe","6180","TCP Send","kubernetes.docker.internal:54135 -> kubernetes.docker.internal:6850","SUCCESS","Length: 2048, startime: 390366, endtime: 390366, seqnum: 0, connid: 0"
"01:52:25.8794859","LightingService.exe","6180","TCP Send","kubernetes.docker.internal:54135 -> kubernetes.docker.internal:6850","SUCCESS","Length: 2048, startime: 390372, endtime: 390372, seqnum: 0, connid: 0"
"01:52:25.9443581","LightingService.exe","6180","TCP Send","kubernetes.docker.internal:54135 -> kubernetes.docker.internal:6850","SUCCESS","Length: 2048, startime: 390379, endtime: 390379, seqnum: 0, connid: 0"
"01:52:26.0075421","LightingService.exe","6180","TCP Send","kubernetes.docker.internal:54135 -> kubernetes.docker.internal:6850","SUCCESS","Length: 2048, startime: 390385, endtime: 390385, seqnum: 0, connid: 0"
"01:52:26.0716866","LightingService.exe","6180","TCP Send","kubernetes.docker.internal:54135 -> kubernetes.docker.internal:6850","SUCCESS","Length: 2048, startime: 390391, endtime: 390391, seqnum: 0, connid: 0"
"01:52:26.1354769","LightingService.exe","6180","TCP Send","kubernetes.docker.internal:54135 -> kubernetes.docker.internal:6850","SUCCESS","Length: 2048, startime: 390398, endtime: 390398, seqnum: 0, connid: 0"
"01:52:26.1995670","LightingService.exe","6180","TCP Send","kubernetes.docker.internal:54135 -> kubernetes.docker.internal:6850","SUCCESS","Length: 2048, startime: 390404, endtime: 390404, seqnum: 0, connid: 0"
"01:52:26.2638173","LightingService.exe","6180","TCP Send","kubernetes.docker.internal:54135 -> kubernetes.docker.internal:6850","SUCCESS","Length: 2048, startime: 390411, endtime: 390411, seqnum: 0, connid: 0"
"01:52:26.3281318","LightingService.exe","6180","TCP Send","kubernetes.docker.internal:54135 -> kubernetes.docker.internal:6850","SUCCESS","Length: 2048, startime: 390417, endtime: 390417, seqnum: 0, connid: 0"
"01:52:26.3924255","LightingService.exe","6180","TCP Send","kubernetes.docker.internal:54135 -> kubernetes.docker.internal:6850","SUCCESS","Length: 2048, startime: 390424, endtime: 390424, seqnum: 0, connid: 0"
"01:52:26.4562607","LightingService.exe","6180","TCP Send","kubernetes.docker.internal:54135 -> kubernetes.docker.internal:6850","SUCCESS","Length: 2048, startime: 390430, endtime: 390430, seqnum: 0, connid: 0"
"01:52:26.5194452","LightingService.exe","6180","TCP Send","kubernetes.docker.internal:54135 -> kubernetes.docker.internal:6850","SUCCESS","Length: 2048, startime: 390436, endtime: 390436, seqnum: 0, connid: 0"
"01:52:26.5837409","LightingService.exe","6180","TCP Send","kubernetes.docker.internal:54135 -> kubernetes.docker.internal:6850","SUCCESS","Length: 2048, startime: 390443, endtime: 390443, seqnum: 0, connid: 0"
"01:52:26.6475438","LightingService.exe","6180","TCP Send","kubernetes.docker.internal:54135 -> kubernetes.docker.internal:6850","SUCCESS","Length: 2048, startime: 390449, endtime: 390449, seqnum: 0, connid: 0"
"01:52:26.7125366","LightingService.exe","6180","TCP Send","kubernetes.docker.internal:54135 -> kubernetes.docker.internal:6850","SUCCESS","Length: 2048, startime: 390456, endtime: 390456, seqnum: 0, connid: 0"
"01:52:26.7763678","LightingService.exe","6180","TCP Send","kubernetes.docker.internal:54135 -> kubernetes.docker.internal:6850","SUCCESS","Length: 2048, startime: 390462, endtime: 390462, seqnum: 0, connid: 0"
"01:52:26.8120333","LightingService.exe","6180","Process Profiling","","SUCCESS","User Time: 9.2343750 seconds, Kernel Time: 10.9375000 seconds, Private Bytes: 31776768, Working Set: 52543488"
"01:52:26.8398295","LightingService.exe","6180","TCP Send","kubernetes.docker.internal:54135 -> kubernetes.docker.internal:6850","SUCCESS","Length: 2048, startime: 390468, endtime: 390468, seqnum: 0, connid: 0"
"01:52:26.9045393","LightingService.exe","6180","TCP Send","kubernetes.docker.internal:54135 -> kubernetes.docker.internal:6850","SUCCESS","Length: 2048, startime: 390475, endtime: 390475, seqnum: 0, connid: 0"
"01:52:26.9678678","LightingService.exe","6180","TCP Send","kubernetes.docker.internal:54135 -> kubernetes.docker.internal:6850","SUCCESS","Length: 2048, startime: 390481, endtime: 390481, seqnum: 0, connid: 0"
"01:52:27.0322262","LightingService.exe","6180","TCP Send","kubernetes.docker.internal:54135 -> kubernetes.docker.internal:6850","SUCCESS","Length: 2048, startime: 390488, endtime: 390488, seqnum: 0, connid: 0"
"01:52:27.0964224","LightingService.exe","6180","TCP Send","kubernetes.docker.internal:54135 -> kubernetes.docker.internal:6850","SUCCESS","Length: 2048, startime: 390494, endtime: 390494, seqnum: 0, connid: 0"
"01:52:27.1604617","LightingService.exe","6180","TCP Send","kubernetes.docker.internal:54135 -> kubernetes.docker.internal:6850","SUCCESS","Length: 2048, startime: 390500, endtime: 390500, seqnum: 0, connid: 0"
"01:52:27.2244450","LightingService.exe","6180","TCP Send","kubernetes.docker.internal:54135 -> kubernetes.docker.internal:6850","SUCCESS","Length: 2048, startime: 390507, endtime: 390507, seqnum: 0, connid: 0"
"01:52:27.2880521","LightingService.exe","6180","TCP Send","kubernetes.docker.internal:54135 -> kubernetes.docker.internal:6850","SUCCESS","Length: 2048, startime: 390513, endtime: 390513, seqnum: 0, connid: 0"
"01:52:27.3513054","LightingService.exe","6180","TCP Send","kubernetes.docker.internal:54135 -> kubernetes.docker.internal:6850","SUCCESS","Length: 2048, startime: 390519, endtime: 390519, seqnum: 0, connid: 0"
"01:52:27.4159597","LightingService.exe","6180","TCP Send","kubernetes.docker.internal:54135 -> kubernetes.docker.internal:6850","SUCCESS","Length: 2048, startime: 390526, endtime: 390526, seqnum: 0, connid: 0"
"01:52:27.4796484","LightingService.exe","6180","TCP Send","kubernetes.docker.internal:54135 -> kubernetes.docker.internal:6850","SUCCESS","Length: 2048, startime: 390532, endtime: 390532, seqnum: 0, connid: 0"
"01:52:27.5436112","LightingService.exe","6180","TCP Send","kubernetes.docker.internal:54135 -> kubernetes.docker.internal:6850","SUCCESS","Length: 2048, startime: 390539, endtime: 390539, seqnum: 0, connid: 0"
"01:52:27.6076663","LightingService.exe","6180","TCP Send","kubernetes.docker.internal:54135 -> kubernetes.docker.internal:6850","SUCCESS","Length: 2048, startime: 390545, endtime: 390545, seqnum: 0, connid: 0"
"01:52:27.6718413","LightingService.exe","6180","TCP Send","kubernetes.docker.internal:54135 -> kubernetes.docker.internal:6850","SUCCESS","Length: 2048, startime: 390551, endtime: 390552, seqnum: 0, connid: 0"
"01:52:27.7360926","LightingService.exe","6180","TCP Send","kubernetes.docker.internal:54135 -> kubernetes.docker.internal:6850","SUCCESS","Length: 2048, startime: 390558, endtime: 390558, seqnum: 0, connid: 0"
"01:52:27.7996351","LightingService.exe","6180","TCP Send","kubernetes.docker.internal:54135 -> kubernetes.docker.internal:6850","SUCCESS","Length: 2048, startime: 390564, endtime: 390564, seqnum: 0, connid: 0"
"01:52:27.8059252","LightingService.exe","6180","Process Profiling","","SUCCESS","User Time: 9.2343750 seconds, Kernel Time: 10.9375000 seconds, Private Bytes: 31776768, Working Set: 52543488"
"01:52:27.8638866","LightingService.exe","6180","TCP Send","kubernetes.docker.internal:54135 -> kubernetes.docker.internal:6850","SUCCESS","Length: 2048, startime: 390571, endtime: 390571, seqnum: 0, connid: 0"
"01:52:27.9279185","LightingService.exe","6180","TCP Send","kubernetes.docker.internal:54135 -> kubernetes.docker.internal:6850","SUCCESS","Length: 2048, startime: 390577, endtime: 390577, seqnum: 0, connid: 0"
"01:52:27.9915415","LightingService.exe","6180","TCP Send","kubernetes.docker.internal:54135 -> kubernetes.docker.internal:6850","SUCCESS","Length: 2048, startime: 390583, endtime: 390583, seqnum: 0, connid: 0"
"01:52:28.0562868","LightingService.exe","6180","TCP Send","kubernetes.docker.internal:54135 -> kubernetes.docker.internal:6850","SUCCESS","Length: 2048, startime: 390590, endtime: 390590, seqnum: 0, connid: 0"
"01:52:28.1204164","LightingService.exe","6180","TCP Send","kubernetes.docker.internal:54135 -> kubernetes.docker.internal:6850","SUCCESS","Length: 2048, startime: 390596, endtime: 390596, seqnum: 0, connid: 0"
"01:52:28.1844845","LightingService.exe","6180","TCP Send","kubernetes.docker.internal:54135 -> kubernetes.docker.internal:6850","SUCCESS","Length: 2048, startime: 390603, endtime: 390603, seqnum: 0, connid: 0"
"01:52:28.2476088","LightingService.exe","6180","TCP Send","kubernetes.docker.internal:54135 -> kubernetes.docker.internal:6850","SUCCESS","Length: 2048, startime: 390609, endtime: 390609, seqnum: 0, connid: 0"
"01:52:28.3114769","LightingService.exe","6180","TCP Send","kubernetes.docker.internal:54135 -> kubernetes.docker.internal:6850","SUCCESS","Length: 2048, startime: 390615, endtime: 390615, seqnum: 0, connid: 0"
"01:52:28.3753562","LightingService.exe","6180","TCP Send","kubernetes.docker.internal:54135 -> kubernetes.docker.internal:6850","SUCCESS","Length: 2048, startime: 390622, endtime: 390622, seqnum: 0, connid: 0"
"01:52:28.4392919","LightingService.exe","6180","TCP Send","kubernetes.docker.internal:54135 -> kubernetes.docker.internal:6850","SUCCESS","Length: 2048, startime: 390628, endtime: 390628, seqnum: 0, connid: 0"
"01:52:28.5037910","LightingService.exe","6180","TCP Send","kubernetes.docker.internal:54135 -> kubernetes.docker.internal:6850","SUCCESS","Length: 2048, startime: 390635, endtime: 390635, seqnum: 0, connid: 0"
"01:52:28.5683008","LightingService.exe","6180","TCP Send","kubernetes.docker.internal:54135 -> kubernetes.docker.internal:6850","SUCCESS","Length: 2048, startime: 390641, endtime: 390641, seqnum: 0, connid: 0"
"01:52:28.6315683","LightingService.exe","6180","TCP Send","kubernetes.docker.internal:54135 -> kubernetes.docker.internal:6850","SUCCESS","Length: 2048, startime: 390647, endtime: 390647, seqnum: 0, connid: 0"
"01:52:28.6957357","LightingService.exe","6180","TCP Send","kubernetes.docker.internal:54135 -> kubernetes.docker.internal:6850","SUCCESS","Length: 2048, startime: 390654, endtime: 390654, seqnum: 0, connid: 0"
"01:52:28.7598659","LightingService.exe","6180","TCP Send","kubernetes.docker.internal:54135 -> kubernetes.docker.internal:6850","SUCCESS","Length: 2048, startime: 390660, endtime: 390660, seqnum: 0, connid: 0"
"01:52:28.8240239","LightingService.exe","6180","TCP Send","kubernetes.docker.internal:54135 -> kubernetes.docker.internal:6850","SUCCESS","Length: 2048, startime: 390667, endtime: 390667, seqnum: 0, connid: 0"
"01:52:28.8268852","LightingService.exe","6180","Process Profiling","","SUCCESS","User Time: 9.2343750 seconds, Kernel Time: 10.9375000 seconds, Private Bytes: 31776768, Working Set: 52543488"
"01:52:28.8877781","LightingService.exe","6180","TCP Send","kubernetes.docker.internal:54135 -> kubernetes.docker.internal:6850","SUCCESS","Length: 2048, startime: 390673, endtime: 390673, seqnum: 0, connid: 0"
"01:52:28.9520361","LightingService.exe","6180","TCP Send","kubernetes.docker.internal:54135 -> kubernetes.docker.internal:6850","SUCCESS","Length: 2048, startime: 390680, endtime: 390680, seqnum: 0, connid: 0"
"01:52:29.0162001","LightingService.exe","6180","TCP Send","kubernetes.docker.internal:54135 -> kubernetes.docker.internal:6850","SUCCESS","Length: 2048, startime: 390686, endtime: 390686, seqnum: 0, connid: 0"
"01:52:29.0799893","LightingService.exe","6180","TCP Send","kubernetes.docker.internal:54135 -> kubernetes.docker.internal:6850","SUCCESS","Length: 2048, startime: 390692, endtime: 390692, seqnum: 0, connid: 0"
"01:52:29.1435728","LightingService.exe","6180","TCP Send","kubernetes.docker.internal:54135 -> kubernetes.docker.internal:6850","SUCCESS","Length: 2048, startime: 390699, endtime: 390699, seqnum: 0, connid: 0"
"01:52:29.2074900","LightingService.exe","6180","TCP Send","kubernetes.docker.internal:54135 -> kubernetes.docker.internal:6850","SUCCESS","Length: 2048, startime: 390705, endtime: 390705, seqnum: 0, connid: 0"
"01:52:29.2716999","LightingService.exe","6180","TCP Send","kubernetes.docker.internal:54135 -> kubernetes.docker.internal:6850","SUCCESS","Length: 2048, startime: 390711, endtime: 390711, seqnum: 0, connid: 0"
"01:52:29.3360854","LightingService.exe","6180","TCP Send","kubernetes.docker.internal:54135 -> kubernetes.docker.internal:6850","SUCCESS","Length: 2048, startime: 390718, endtime: 390718, seqnum: 0, connid: 0"
"01:52:29.3996442","LightingService.exe","6180","TCP Send","kubernetes.docker.internal:54135 -> kubernetes.docker.internal:6850","SUCCESS","Length: 2048, startime: 390724, endtime: 390724, seqnum: 0, connid: 0"
"01:52:29.4641379","LightingService.exe","6180","TCP Send","kubernetes.docker.internal:54135 -> kubernetes.docker.internal:6850","SUCCESS","Length: 2048, startime: 390731, endtime: 390731, seqnum: 0, connid: 0"
"01:52:29.5274826","LightingService.exe","6180","TCP Send","kubernetes.docker.internal:54135 -> kubernetes.docker.internal:6850","SUCCESS","Length: 2048, startime: 390737, endtime: 390737, seqnum: 0, connid: 0"
"01:52:29.5917068","LightingService.exe","6180","TCP Send","kubernetes.docker.internal:54135 -> kubernetes.docker.internal:6850","SUCCESS","Length: 2048, startime: 390743, endtime: 390743, seqnum: 0, connid: 0"
"01:52:29.6561806","LightingService.exe","6180","TCP Send","kubernetes.docker.internal:54135 -> kubernetes.docker.internal:6850","SUCCESS","Length: 2048, startime: 390750, endtime: 390750, seqnum: 0, connid: 0"
"01:52:29.7198460","LightingService.exe","6180","TCP Send","kubernetes.docker.internal:54135 -> kubernetes.docker.internal:6850","SUCCESS","Length: 2048, startime: 390756, endtime: 390756, seqnum: 0, connid: 0"
"01:52:29.7835784","LightingService.exe","6180","TCP Send","kubernetes.docker.internal:54135 -> kubernetes.docker.internal:6850","SUCCESS","Length: 2048, startime: 390763, endtime: 390763, seqnum: 0, connid: 0"
"01:52:29.8062268","LightingService.exe","6180","Process Profiling","","SUCCESS","User Time: 9.2343750 seconds, Kernel Time: 10.9375000 seconds, Private Bytes: 31776768, Working Set: 52543488"
"01:52:29.8477080","LightingService.exe","6180","TCP Send","kubernetes.docker.internal:54135 -> kubernetes.docker.internal:6850","SUCCESS","Length: 2048, startime: 390769, endtime: 390769, seqnum: 0, connid: 0"
"01:52:30.8199838","LightingService.exe","6180","Process Profiling","","SUCCESS","User Time: 9.2343750 seconds, Kernel Time: 10.9531250 seconds, Private Bytes: 31776768, Working Set: 52543488"
"01:52:31.8192656","LightingService.exe","6180","Process Profiling","","SUCCESS","User Time: 9.2343750 seconds, Kernel Time: 10.9531250 seconds, Private Bytes: 31776768, Working Set: 52543488"
